iteration,m,b,cost
0,4.96,1.44
1,0.4991999999999983,0.26879999999999993
2,4.451584000000002,1.426176000000001
3,0.892231679999997,0.5012275199999995
4,4.041314713600002,1.432759910400001
5,1.2008760606719973,0.7036872622079998
6,3.7095643080294423,1.4546767911321612
7,1.4424862661541864,0.881337636696883
8,3.4406683721083144,1.4879302070713722
9,1.6308855378034224,1.0383405553279617
10,3.2221235247119777,1.5293810083298451
11,1.7770832372205707,1.1780607551353204
12,3.0439475772474127,1.5765710804477953
13,1.8898457226770244,1.3032248704973899
14,2.898169312926714,1.6275829443328358
15,1.9761515088959358,1.4160484030347593
16,2.7784216197824048,1.6809279342791488
17,2.0415541605113807,1.5183370872989306
18,2.6796170361078637,1.735457156285639
19,2.090471617540917,1.611567833948162
20,2.5976890103737853,1.790290604096816
21,2.1264168621494517,1.6969533824619085
22,2.529385561184701,1.8447607474362664
23,2.1521818147302194,1.7754939584778073
24,2.472104720735685,1.8983676540508527
25,2.1699839382964696,1.8480185634495874
26,2.423763296438881,1.950743302915348
27,2.1815831093070837,1.9152179921582295
28,2.3826922006906663,2.0016232209455125
29,2.1883747814212473,1.9776712492627107
30,2.3475529664737507,2.0508239542984783
31,2.19146424741668,2.0358666977033213
32,2.317271157065729,2.0982251873107836
33,2.19172583072087,2.0902190019495084
34,2.2909832477163747,2.1437555628915694
35,2.1898500615476015,2.1410827139250586
36,2.2679942505397945,2.1873814501542004
37,2.1863812735157397,2.188763177870427
38,2.247743906750233,2.2290980581236037
39,2.181747562970493,2.2335252935837153
40,2.2297797112222417,2.268922416384484
41,2.176284659606544,2.2756005683762908
42,2.213735385878407,2.306887840824943
43,2.170254943136438,2.315192801071317
44,2.1993136987020745,2.3430395801944157
45,2.1638625904931037,2.3524826719863134
46,2.1862727486718105,2.3774314010318136
47,2.1572656385141533,2.3876314575042543
48,2.1744150151272015,2.4101229178167802
49,2.150585587951272,2.4207840437050385
50,2.1635786121786147,2.441177514495622
51,2.1439150477863547,2.4520713783305874
52,2.153630302083688,2.470660734860243
53,2.137323817683481,2.4816124722824338
54,2.1444599118649865,2.4986390442291735
55,2.1308637257526066,2.509516039457312
56,2.1359758694885094,2.525178884782891
57,2.124572474492945,2.535881845863144
58,2.128101633371053,2.5503459627684273
59,2.118476696509155,2.5608018247073736
60,2.120772834793503,2.5742047184297996
61,2.112594380710634,2.5843610027801502
62,2.1139349893254455,2.5968179395942217
63,2.1069367971074353,2.606638274382932
64,2.1075416624945413,2.618246487870094
65,2.1015100223265035,2.6277070518134993
66,2.101552998161378,2.6385491128066176
67,2.096316147250177,2.6476358156400974
68,2.095934536582619,2.657782334457597
69,2.0913542316575633,2.6664885833847243
70,2.090656263915584,2.676000378847538
71,2.0866210575773376,2.6843253115524512
72,2.0856918466960472,2.693255154066937
73,2.082111722558874,2.7012022430021245
74,2.0810180142142363,2.709596257293525
75,2.077820105696288,2.717172209303728
76,2.0766140592050317,2.7250710050809133
77,2.0737392325653374,2.732284895849552
78,2.0724614332425584,2.7397244808822614
79,2.0698615599121704,2.7465870759846718
80,2.0685434179941087,2.7535995950692826
81,2.066179196691222,2.760122819221025
82,2.064844857288579,2.7667371537338745
83,2.0626840746684203,2.7729336776379365
84,2.061351937985791,2.7791759333750248
85,2.0593680791107873,2.785058853801841
86,2.0580520100509183,2.7909527592203687
87,2.056223147935525,2.7965353529206687
88,2.05493343816708,2.8021025854443096
89,2.0532413459797505,2.8073981214530215
90,2.0519854787579397,2.812658575950258
91,2.050414919687842,2.8176801739944057
92,2.0491981775199255,2.8226521847051367
93,2.047736336426391,2.8274127099427506
94,2.0465622835434223,2.8321132348672426
95,2.045198311770722,2.836625221187641
96,2.0440691768841837,2.8410699961476715
97,2.042793827417138,2.845345591859636
98,2.0417108070703494,2.8495492600018677
99,2.0405161418256377,2.8536001910078013
100,2.0394796405287705,2.8575764123702467
101,2.038358795260416,2.8614139589371974
102,2.0373686153122295,2.8651755037822464
103,2.0363156105472275,2.8688104878272167
104,2.0353711018270433,2.872369316712193
105,2.0343806905895945,2.875812097161261
106,2.033480868514503,2.879179430132454
107,2.0325484134654004,2.8824399044243
108,2.0316920516426316,2.88562628125302
109,2.030813425750151,2.8887138914640733
110,2.0299991285271304,2.8917292244697492
111,2.029170634573901,2.8946529668615666
112,2.0283968936302834,2.8975065875682433
113,2.027615198808228,2.9002750246147886
114,2.026880437090648,2.902975725248473
115,2.026142519691841,2.905596999405206
116,2.0254451253197017,2.90815307004829
117,2.0247482311338474,2.9106349186871068
118,2.0240865833684647,2.913054180752923
119,2.023428189878564,2.9154039518155925
120,2.022800678820807,2.917693788383387
121,2.022178465672161,2.9199184564080576
122,2.02158350701329,2.9220858398601313
123,2.0209953315370366,2.924192022116131
124,2.0204313774161093,2.9262435394397723
125,2.0198752542326663,2.928237511969676
126,2.0193408010377287,2.930179388022848
127,2.018814884960359,2.9320671014410826
128,2.0183084787384074,2.933905220429537
129,2.0178110503526328,2.9356923153663756
130,2.0173312903561387,2.9374322407384916
131,2.0168607437748585,2.939124062849386
132,2.0164062845634025,2.9407710557815525
133,2.015961116956669,2.942372670266071
134,2.0155306693852175,2.9439317068842983
135,2.015109471962772,2.9454479124779063
136,2.0147018033188986,2.946923699939311
137,2.0143032535067675,2.94835904235595
138,2.013917187004001,2.9497560338957496
139,2.0135400416069995,2.951114818710509
140,2.013174455397636,2.952437227745468
141,2.012817544579972,2.953723532715328
142,2.012471370415864,2.954975346082489
143,2.012133592364349,2.956193032909676
144,2.01180581400645,2.9573780233092406
145,2.0114861301666624,2.958530748856666
146,2.011175781622137,2.9596524865596017
147,2.010873212418567,2.9607437135314396
148,2.0105793760667985,2.961805577405497
149,2.010292997034594,2.9628385845085545
150,2.0100148016896022,2.9638437724105806
151,2.009743739958824,2.9648216640138787
152,2.009480358904632,2.9657732025914227
153,2.0092237899885963,2.966698917902572
154,2.0089744390154327,2.967599671843634
155,2.0087315838633266,2.9684759936212446
156,2.008495519325675,2.969328674387449
157,2.008265641606512,2.9701582372091333
158,2.0080421585186667,2.970965411284546
159,2.0078245621092314,2.971750709390059
160,2.007612992289756,2.9725148060752185
161,2.0074070189436806,2.9732582008041004
162,2.0072067292168345,2.9739815195824777
163,2.0070117563956162,2.9746852464252007
164,2.006822146855235,2.975369963927273
165,2.0066375857049303,2.9760361392083965
166,2.006458088044223,2.9766843157966867
167,2.0062833815039807,2.9773149430079897
168,2.00611345741314,2.9779285290048008
169,2.0059480784437094,2.9785255048057255
170,2.005787218076033,2.979106346383829
171,2.0056306679979774,2.9796714662859207
172,2.0054783885042955,2.980221311041144
173,2.0053301954369864,2.9807562747924994
174,2.0051860395674908,2.981276777015946
175,2.005045756961053,2.9817831937009993
176,2.0049092917331204,2.982275919367534
177,2.004776496986412,2.9827553122368307
178,2.004647312416648,2.98322174372546
179,2.004521605575127,2.983675554769395
180,2.004399313473594,2.984117095330231
181,2.004280316001558,2.984546689610069
182,2.0041645488259827,2.98496466759171
183,2.0040519024482326,2.9853713373405646
184,2.003942312215872,2.9857670101909224
185,2.003835677824294,2.986151978696756
186,2.0037319350790934,2.9865265367496137
187,2.0036309917000747,2.9868909620317106
188,2.003532784532722,2.987245532090601
189,2.0034372283516424,2.9875905103803984
190,2.0033442614701604,2.987926159110746
191,2.00325380490952,2.9882527281473497
192,2.003165798758037,2.988570465287204
193,2.003080169606034,2.9888796074373936
194,2.0029968595294654,2.9891803888365143
195,2.0029158001160794,2.9894730340485287
196,2.0028369355684856,2.989757764545046
197,2.0027602019863293,2.9900347931449653
198,2.0026855457808064,2.9903043292883327
199,2.0026129071481873,2.990566574627412
200,2.00254223474622,2.9908217272558963
201,2.002473472510043,2.9910699782167676
202,2.002406571348319,2.991311514897264
203,2.002341478624591,2.991546518266509
204,2.0022781474773867,2.991775165604064
205,2.002216528427235,2.991997628318268
206,2.0021565768025327,2.9922140741422725
207,2.0020982460417844,2.992424665414293
208,2.0020414936093833,2.99262956084795
209,2.0019862756498528,2.992828914179774
210,2.00193255169982,2.9930228755990806
211,2.0018802804205778,2.9932115906873142
212,2.00182942335045,2.9933952015754666
213,2.0017799414974338,2.9935738461151757
214,2.001731798326666,2.993747658817979
215,2.001684957039104,2.9939167702103027
216,2.0016393829493357,2.9940813075978845
217,2.0015950413115204,2.994241394566542
218,2.001551899211304,2.9943971516063654
219,2.0015099238283534,2.994548695727921
220,2.0014690839410494,2.994696140973844
221,2.0014293485373575,2.994839598126325
222,2.0013906880109724,2.9949791751281816
223,2.001353073050134,2.9951149768624057
224,2.001316475587944,2.9952471055003564
225,2.0012808679129916,2.9953756603380866
226,2.0012462234238444,2.995500738085757
227,2.0012125159167145,2.9956224327485903
228,2.001179720183974,2.995740835868793
229,2.0011478114431593,2.9958560364414786
230,2.001116765811289,2.9959681211181253
231,2.00108655984672,2.9960771741498067
232,2.0010571709245855,2.996183277559412
233,2.001028576868797,2.996286511106105
234,2.001000756248784,2.996386952432106
235,2.0009736880835134,2.9964846770435525
236,2.0009473520756247,2.9965797584364977
237,2.0009217283730063,2.996672268090358
238,2.000896797753143,2.9967622755768577
239,2.0008725414307196,2.996849848563052
240,2.000848941202388,2.996935052906218
241,2.0008259792912004,2.997017952664077
242,2.0008036384599306,2.9970986101780484
243,2.0007819018849897,2.997177086088794
244,2.000760753244787,2.997253439409792
245,2.0007401766172612,2.997327727546727
246,2.0007201565484523,2.9974000063629656
247,2.0007006779689527,2.997470330201634
248,2.0006817262468117,2.9975387519442753
249,2.000663287119171,2.9976053230347217
250,2.000645346732764,2.9976700935319642
251,2.0006278915877567,2.997733112135123
252,2.000610908568446,2.9977944262313803
253,2.0005943848969188,2.9978540819215054
254,2.000578308156019,2.9979121240635433
255,2.000562666250925,2.997968596298487
256,2.000547447426023,2.9980235410902853
257,2.0005326402328856,2.9980769997513486
258,2.0005182335423597,2.998129012479348
259,2.0005042165177196,2.9981796183823195
260,2.00049057862302,2.998228855512643
261,2.0004773096004365,2.998276760891571
262,2.0004643994757143,2.99832337054071
263,2.000451838538916,2.9983687195058537
264,2.000439617347614,2.9984128418862372
265,2.0004277267104196,2.9984557708575847
266,2.000416157688441,2.99849753869937
267,2.000404901581087,2.998538176817019
268,2.0003939499262042,2.9985777157673743
269,2.000383294487745,2.9986161852800164
270,2.000372927254906,2.9986536142810962
271,2.0003628404313454,2.998690030913766
272,2.00035302643357,2.9987254625605178
273,2.000343477881438,2.9987599358627213
274,2.000334187596001,2.9987934767415956
275,2.0003251485910734,2.99882611041686
276,2.0003163540706916,2.998857861426447
277,2.0003077974215797,2.998888753644284
278,2.0002994722103433,2.99891881029884
279,2.0002913721766955,2.998948053990061
280,2.000283491230482,2.9989765067068372
281,2.0002758234455515,2.9990041898431117
282,2.0002683630566875,2.999031124214349
283,2.00026110445403,2.999057330072843
284,2.000254042179973,2.999082827123254
285,2.000247170924059,2.9991076345371463
286,2.000240485519885,2.999131770967655
287,2.000233980940413,2.999155254563285
288,2.000227652294909,2.999178102981761
289,2.000221494824624,2.999200333403123
290,2.0002155038997866,2.9992219625428036
291,2.0002096750156166,2.9992430066640576
292,2.0002040037893836,2.9992634815903125
293,2.0001984859567186,2.9992834027169586
294,2.0001931173687537,2.9993027850230205
295,2.0001878939886972,2.9993216430823355
296,2.000182811889069,2.9993399910745873
297,2.0001778672485058,2.9993578427959
298,2.0001730563491034,2.9993752116692733
299,2.0001683755734305,2.99939211075462
300,2.000163821401975,2.9994085527586343
301,2.0001593904103547,2.9994245500443046
302,2.000155079266864,2.9994401146402456
303,2.0001508847298655,2.9994552582497116
304,2.0001468036454404,2.999469992259422
305,2.0001428329449427,2.999484327748103
306,2.0001389696427543,2.999498275494834
307,2.0001352108339865,2.9995118459871386
308,2.0001315536923436,2.999525049428883
309,2.000127995467955,2.999537895747937
310,2.0001245334853444,2.9995503946036486
311,2.000121165141387,2.9995625553940997
312,2.0001178879033783,2.999574387263178
313,2.000114699307107,2.9995858991074478
314,2.000111596955024,2.9995970995828447
315,2.0001085785144164,2.999607997111178
316,2.000105641715678,2.9996185998864697
317,2.0001027843505796,2.999628915881109
318,2.000100004270627,2.9996389528518534
319,2.0000972993854336,2.999648718345656
320,2.000094667661156,2.999658219705343
321,2.0000921071189564,2.999667464075133
322,2.0000896158335295,2.9996764584060127
323,2.0000871919316316,2.9996852094609565
324,2.0000848335907007,2.99969372382002
325,2.0000825390374577,2.9997020078852805
326,2.0000803065465975,2.999710067885656
327,2.000078134439471,2.9997179098815843
328,2.0000760210828417,2.999725539769585
329,2.0000739648876396,2.999732963286687
330,2.000071964307784,2.9997401860147503
331,2.000070017839004,2.999747213384654
332,2.0000681240177225,2.9997540506803873
333,2.000066281419945,2.9997607030430187
334,2.000064488660193,2.999767175474562
335,2.0000627443904637,2.9997734728417393
336,2.0000610472992126,2.9997795998796386
337,2.0000593961103714,2.9997855611952744
338,2.000057789582386,2.9997913612710523
339,2.0000562265072817,2.999797004468139
340,2.0000547057097595,2.9998024950297415
341,2.000053226046307,2.9998078370842984
342,2.0000517864043434,2.9998130346485836
343,2.0000503857013787,2.999818091630725
344,2.000049022884204,2.9998230118331475
345,2.0000476969280943,2.999827798955426
346,2.0000464068360437,2.9998324565970726
347,2.000045151638012,2.99983698826024
348,2.000043930390196,2.999841397352356
349,2.0000427421743208,2.999845687188685
350,2.0000415860969474,2.9998498609948214
351,2.0000404612888056,2.999853921909115
352,2.000039366904133,2.99985787298503
353,2.0000383021200445,2.999861717193441
354,2.000037266135914,2.9998654574248693
355,2.000036258172768,2.9998690964916515
356,2.0000352774727035,2.9998726371300584
357,2.0000343232983173,2.999876082002351
358,2.0000333949321503,2.9998794336987826
359,2.00003249167615,2.9998826947395454
360,2.0000316128511444,2.999885867576666
361,2.0000307577963308,2.9998889545958503
362,2.000029925868781,2.9998919581182757
363,2.000029116442954,2.9998948804023366
364,2.000028328910233,2.999897723645345
365,2.0000275626784574,2.9999004899851776
366,2.000026817171487,2.9999031815018897
367,2.000026091828763,2.9999058002192736
368,2.000025386104889,2.9999083481063837
369,2.00002469946922,2.999910827079016
370,2.000024031405465,2.9999132390011476
371,2.000023381411296,2.999915585686341
372,2.000022748997971,2.999917868899104
373,2.000022133689972,2.9999200903562215
374,2.000021535024635,2.9999222517280395
375,2.0000209525518184,2.9999243546397283
376,2.000020385833548,2.9999264006724986
377,2.0000198344437043,2.999928391364796
378,2.0000192979676825,2.99993032821345
379,2.000018776002105,2.9999322126748105
380,2.0000182681544914,2.9999340461658304
381,2.000017774042988,2.9999358300651418
382,2.0000172932960605,2.9999375657140845
383,2.0000168255522333,2.999939254417722
384,2.000016370459796,2.9999408974458146
385,2.000015927676564,2.999942496033782
386,2.000015496869596,2.999944051383626
387,2.000015077714967,2.9999455646648396
388,2.000014669897502,2.999947037015281
389,2.0000142731105632,2.9999484695420353
390,2.000013887055795,2.9999498633222395
391,2.000013511442921,2.9999512194038993
392,2.0000131459895085,2.9999525388066735
393,2.00001279042077,2.9999538225226416
394,2.0000124444693466,2.9999550715170495
395,2.0000121078751127,2.9999562867290352
396,2.0000117803849773,2.9999574690723354
397,2.0000114617526963,2.9999586194359726
398,2.000011151738684,2.999959738684923
399,2.000010850109837,2.9999608276607668
400,2.000010556639356,2.9999618871823226
401,2.0000102711065746,2.99996291804626
402,2.0000099932967985,2.9999639210277027
403,2.0000097230011358,2.999964896880807
404,2.00000946001635,2.9999658463393324
405,2.0000092041446944,2.9999667701171915
406,2.0000089551937803,2.9999676689089876
407,2.0000087129764132,2.999968543390535
408,2.000008477310469,2.999969394219371
409,2.000008248018745,2.9999702220352464
410,2.0000080249288357,2.9999710274606093
411,2.0000078078729926,2.9999718111010707
412,2.0000075966880115,2.999972573545863
413,2.0000073912150973,2.9999733153682793
414,2.0000071912997517,2.999974037126108
415,2.0000069967916567,2.9999747393620497
416,2.000006807544557,2.9999754226041264
417,2.000006623416156,2.999976087366079
418,2.0000064442680037,2.9999767341477517
419,2.0000062699653967,2.9999773634354696
420,2.000006100377273,2.999977975702404
421,2.0000059353761186,2.999978571408928
422,2.0000057748378643,2.9999791510029628
423,2.000005618641801,2.999979714920314
424,2.0000054666704807,2.999980263584999
425,2.0000053188096354,2.9999807974095685
426,2.0000051749480843,2.9999813167954126
427,2.000005034977658,2.999981822133066
428,2.0000048987931085,2.9999823138024997
429,2.000004766292038,2.9999827921734075
430,2.0000046373748157,2.999983257605484
431,2.0000045119445082,2.999983710448695
432,2.0000043899068003,2.99998415104354
433,2.0000042711699324,2.999984579721309
434,2.000004155644623,2.9999849968043324
435,2.0000040432440067,2.99998540260622
436,2.000003933883569,2.9999857974321014
437,2.0000038274810787,2.9999861815788518
438,2.0000037239565316,2.9999865553353176
439,2.0000036232320837,2.9999869189825317
440,2.000003525232001,2.9999872727939265
441,2.0000034298825944,2.9999876170355377
442,2.00000333711217,2.9999879519662063
443,2.0000032468509716,2.9999882778377716
444,2.000003159031131,2.9999885948952616
445,2.0000030735866146,2.999988903377077
446,2.000002990453176,2.9999892035151694
447,2.000002909568305,2.999989495535218
448,2.0000028308711837,2.9999897796567967
449,2.000002754302638,2.999990056093541
450,2.0000026798050956,2.999990325053308
451,2.000002607322539,2.999990586738333
452,2.0000025368004706,2.999990841345381
453,2.0000024681858593,2.999991089065894
454,2.000002401427118,2.9999913300861385
455,2.000002336474044,2.9999915645873396
456,2.0000022732778033,2.999991792745824
457,2.000002211790874,2.999992014733147
458,2.000002151967025,2.9999922307162237
459,2.0000020937612737,2.999992440857456
460,2.000002037129853,2.9999926453148515
461,2.000001982030183,2.999992844242146
462,2.0000019284208306,2.999993037788915
463,2.0000018762614897,2.99999322610069
464,2.000001825512937,2.9999934093190648
465,2.000001776137017,2.999993587581805
466,2.0000017280966005,2.9999937610229477
467,2.0000016813555686,2.999993929772908
468,2.0000016358787724,2.99999409395857
469,2.0000015916320195,2.9999942537033877
470,2.000001548582039,2.9999944091274764
471,2.000001506696462,2.9999945603477016
472,2.000001465943792,2.9999947074777675
473,2.000001426293389,2.9999948506283043
474,2.000001387715438,2.999994989906949
475,2.000001350180932,2.999995125418427
476,2.000001313661647,2.999995257264631
477,2.0000012781301253,2.9999953855446995
478,2.000001243559649,2.9999955103550873
479,2.000001209924225,2.9999956317896417
480,2.0000011771985613,2.999995749939671
481,2.000001145358051,2.9999958648940144
482,2.000001114378754,2.9999959767391076
483,2.000001084237375,2.999996085559048
484,2.0000010549112517,2.9999961914356605
485,2.000001026378332,2.9999962944485543
486,2.000000998617162,2.999996394675186
487,2.0000009716068674,2.9999964921909186
488,2.0000009453271397,2.999996587069075
489,2.0000009197582176,2.999996679380996
490,2.000000894880877,2.999996769196092
491,2.0000008706764096,2.9999968565818964
492,2.0000008471266186,2.9999969416041163
493,2.000000824213794,2.9999970243266807
494,2.00000080192071,2.999997104811791
495,2.0000007802306006,2.9999971831199637
496,2.0000007591271607,2.999997259310081
497,2.000000738594519,2.9999973334394308
498,2.0000007186172386,2.999997405563753
499,2.000000699180297,2.999997475737278
500,2.0000006802690806,2.999997544012771
501,2.0000006618693686,2.999997610441569
502,2.0000006439673266,2.9999976750736206
503,2.000000626549494,2.9999977379575244
504,2.0000006096027727,2.9999977991405635
505,2.0000005931144225,2.9999978586687424
506,2.000000577072043,2.9999979165868207
507,2.000000561463573,2.9999979729383486
508,2.000000546277277,2.999998027765698
509,2.0000005315017346,2.9999980811100935
510,2.000000517125837,2.999998133011646
511,2.0000005031387738,2.9999981835093807
512,2.0000004895300294,2.9999982326412686
513,2.000000476289369,2.9999982804442515
514,2.0000004634068387,2.999998326954274
515,2.0000004508727507,2.9999983722063077
516,2.0000004386776817,2.9999984162343782
517,2.0000004268124605,2.9999984590715907
518,2.0000004152681665,2.9999985007501553
519,2.000000404036119,2.9999985413014105
520,2.000000393107873,2.999998580755848
521,2.0000003824752093,2.9999986191431334
522,2.000000372130137,2.9999986564921315
523,2.0000003620648727,2.999998692830925
524,2.000000352271853,2.999998728186838
525,2.0000003427437094,2.9999987625864546
526,2.0000003334732828,2.9999987960556416
527,2.0000003244535973,2.9999988286195634
528,2.0000003156778754,2.9999988603027066
529,2.0000003071395156,2.9999988911288935
530,2.0000002988320995,2.999998921121303
531,2.000000290749379,2.9999989503024866
532,2.0000002828852783,2.999998978694387
533,2.000000275233883,2.9999990063183515
534,2.0000002677894404,2.9999990331951514
535,2.000000260546353,2.999999059344996
536,2.000000253499174,2.999999084787547
537,2.0000002466426055,2.999999109541936
538,2.0000002399714907,2.9999991336267757
539,2.0000002334808147,2.999999157060176
540,2.0000002271656965,2.9999991798597567
541,2.0000002210213874,2.9999992020426616
542,2.0000002150432685,2.99999922362557
543,2.000000209226842,2.9999992446247097
544,2.0000002035677396,2.9999992650558718
545,2.0000001980616995,2.9999992849344173
546,2.000000192704588,2.9999993042752946
547,2.000000187492372,2.999999323093045
548,2.000000182421136,2.9999993414018196
549,2.0000001774870633,2.999999359215383
550,2.000000172686448,2.9999993765471316
551,2.0000001680156765,2.9999993934100955
552,2.00000016347124,2.9999994098169553
553,2.0000001590497187,2.999999425780047
554,2.0000001547477915,2.9999994413113744
555,2.000000150562219,2.9999994564226147
556,2.0000001464898585,2.999999471125131
557,2.000000142527645,2.9999994854299783
558,2.0000001386726005,2.999999499347912
559,2.000000134921826,2.999999512889398
560,2.0000001312725013,2.999999526064618
561,2.0000001277218824,2.9999995388834786
562,2.0000001242672996,2.9999995513556184
563,2.0000001209061558,2.9999995634904155
564,2.000000117635922,2.9999995752969943
565,2.0000001144541417,2.9999995867842326
566,2.0000001113584207,2.9999995979607674
567,2.000000108346432,2.9999996088350027
568,2.0000001054159107,2.999999619415115
569,2.0000001025646523,2.9999996297090594
570,2.000000099790516,2.9999996397245767
571,2.0000000970914114,2.999999649469197
572,2.0000000944653125,2.999999658950248
573,2.0000000919102434,2.9999996681748584
574,2.000000089424283,2.9999996771499644
575,2.0000000870055614,2.999999685882314
576,2.0000000846522625,2.999999694378474
577,2.000000082362613,2.9999997026448324
578,2.0000000801348947,2.999999710687605
579,2.0000000779674294,2.999999718512839
580,2.000000075858591,2.9999997261264184
581,2.00000007380679,2.999999733534068
582,2.000000071810487,2.999999740741358
583,2.0000000698681784,2.999999747753707
584,2.000000067978405,2.999999754576388
585,2.000000066139746,2.9999997612145313
586,2.000000064350818,2.999999767673128
587,2.000000062610277,2.9999997739570348
588,2.000000060916813,2.999999780070976
589,2.000000059269154,2.9999997860195498
590,2.0000000576660586,2.9999997918072276
591,2.0000000561063263,2.999999797438363
592,2.0000000545887775,2.9999998029171886
593,2.000000053112278,2.999999808247825
594,2.0000000516757126,2.9999998134342793
595,2.0000000502780044,2.9999998184804526
596,2.0000000489180993,2.999999823390138
597,2.0000000475949777,2.999999828167028
598,2.000000046307644,2.9999998328147144
599,2.000000045055128,2.999999837336691
600,2.000000043836491,2.9999998417363587
601,2.0000000426508153,2.9999998460170256
602,2.000000041497208,2.99999985018191
603,2.0000000403748053,2.9999998542341446
604,2.000000039282759,2.999999858176775
605,2.0000000382202514,2.999999862012767
606,2.0000000371864806,2.9999998657450035
607,2.000000036180673,2.999999869376292
608,2.000000035202068,2.9999998729093624
609,2.0000000342499344,2.999999876346872
610,2.0000000333235515,2.999999879691404
611,2.000000032422227,2.999999882945475
612,2.0000000315452797,2.99999988611153
613,2.000000030692053,2.9999998891919506
614,2.000000029861903,2.999999892189053
615,2.000000029054208,2.9999998951050912
616,2.0000000282683583,2.999999897942257
617,2.0000000275037646,2.999999900702684
618,2.0000000267598503,2.9999999033884475
619,2.000000026036059,2.999999906001568
620,2.0000000253318424,2.9999999085440088
621,2.0000000246466754,2.999999911017683
622,2.000000023980039,2.9999999134244493
623,2.0000000233314346,2.999999915766119
624,2.000000022700373,2.9999999180444514
625,2.0000000220863794,2.99999992026116
626,2.0000000214889946,2.999999922417912
627,2.0000000209077666,2.9999999245163287
628,2.0000000203422594,2.999999926557988
629,2.0000000197920484,2.999999928544425
630,2.000000019256719,2.999999930477134
631,2.0000000187358693,2.9999999323575675
632,2.0000000182291067,2.9999999341871395
633,2.000000017736052,2.999999935967226
634,2.000000017256332,2.9999999376991644
635,2.000000016789589,2.9999999393842587
636,2.0000000163354685,2.9999999410237748
637,2.0000000158936317,2.999999942618946
638,2.000000015463746,2.9999999441709715
639,2.0000000150454866,2.9999999456810182
640,2.000000014638541,2.9999999471502217
641,2.000000014242602,2.999999948579686
642,2.000000013857373,2.9999999499704875
643,2.0000000134825626,2.9999999513236704
644,2.0000000131178908,2.999999952640253
645,2.0000000127630813,2.999999953921225
646,2.00000001241787,2.99999995516755
647,2.0000000120819954,2.9999999563801643
648,2.0000000117552044,2.99999995755998
649,2.0000000114372543,2.999999958707885
650,2.0000000111279017,2.9999999598247413
651,2.000000010826919,2.99999996091139
652,2.000000010534074,2.9999999619686464
653,2.0000000102491535,2.9999999629973075
654,2.0000000099719357,2.9999999639981447
655,2.0000000097022195,2.9999999649719125
656,2.000000009439795,2.9999999659193413
657,2.000000009184472,2.999999966841145
658,2.000000008936052,2.999999967738015
659,2.0000000086943532,2.9999999686106276
660,2.0000000084591902,2.9999999694596378
661,2.0000000082303893,2.9999999702856845
662,2.0000000080077753,2.9999999710893883
663,2.0000000077911846,2.999999971871354
664,2.00000000758045,2.999999972632169
665,2.0000000073754167,2.9999999733724056
666,2.0000000071759287,2.9999999740926206
667,2.000000006981836,2.9999999747933557
668,2.0000000067929937,2.9999999754751374
669,2.0000000066092585,2.9999999761384784
670,2.0000000064304944,2.9999999767838776
671,2.0000000062565633,2.99999997741182
672,2.0000000060873386,2.999999978022778
673,2.000000005922689,2.999999978617211
674,2.000000005762495,2.9999999791955667
675,2.000000005606632,2.9999999797582784
676,2.000000005454986,2.99999998030577
677,2.000000005307441,2.999999980838454
678,2.0000000051638867,2.9999999813567295
679,2.0000000050242157,2.999999981860987
680,2.0000000048883217,2.9999999823516057
681,2.000000004756105,2.9999999828289545
682,2.000000004627462,2.9999999832933915
683,2.0000000045023008,2.999999983745267
684,2.000000004380523,2.9999999841849196
685,2.0000000042620414,2.9999999846126815
686,2.000000004146761,2.9999999850288726
687,2.0000000040346024,2.9999999854338077
688,2.000000003925474,2.9999999858277895
689,2.0000000038193004,2.9999999862111157
690,2.0000000037159964,2.999999986584073
691,2.000000003615488,2.999999986946943
692,2.000000003517697,2.999999987299998
693,2.0000000034225516,2.9999999876435037
694,2.000000003329979,2.9999999879777186
695,2.000000003239911,2.9999999883028936
696,2.0000000031522784,2.9999999886192734
697,2.000000003067017,2.999999988927096
698,2.0000000029840614,2.9999999892265925
699,2.0000000029033487,2.9999999895179883
700,2.000000002824821,2.999999989801503
701,2.000000002748415,2.9999999900773484
702,2.0000000026740774,2.9999999903457333
703,2.000000002601749,2.9999999906068586
704,2.0000000025313787,2.9999999908609216
705,2.00000000246291,2.9999999911081123
706,2.0000000023962947,2.9999999913486177
707,2.0000000023314795,2.999999991582617
708,2.0000000022684192,2.9999999918102884
709,2.000000002207063,2.999999992031801
710,2.0000000021473676,2.9999999922473224
711,2.000000002089286,2.9999999924570147
712,2.0000000020327753,2.999999992661035
713,2.000000001977794,2.999999992859537
714,2.0000000019242985,2.99999999305267
715,2.0000000018722512,2.99999999324058
716,2.0000000018216104,2.9999999934234065
717,2.000000001772341,2.999999993601288
718,2.0000000017244024,2.999999993774358
719,2.0000000016777624,2.999999993942748
720,2.000000001632382,2.9999999941065822
721,2.0000000015882304,2.999999994265986
722,2.000000001545272,2.9999999944210773
723,2.000000001503476,2.9999999945719744
724,2.0000000014628108,2.99999999471879
725,2.0000000014232446,2.9999999948616343
726,2.0000000013847496,2.9999999950006155
727,2.0000000013472947,2.999999995135837
728,2.000000001310854,2.9999999952674017
729,2.000000001275398,2.9999999953954073
730,2.000000001240902,2.9999999955199512
731,2.000000001207338,2.999999995641126
732,2.000000001174683,2.9999999957590235
733,2.0000000011429093,2.999999995873732
734,2.0000000011119976,2.999999995985338
735,2.00000000108192,2.999999996093925
736,2.000000001052657,2.9999999961995756
737,2.0000000010241847,2.999999996302368
738,2.000000000996483,2.9999999964023805
739,2.0000000009695307,2.999999996499688
740,2.0000000009433063,2.9999999965943633
741,2.000000000917793,2.999999996686478
742,2.0000000008929675,2.999999996776101
743,2.0000000008688166,2.9999999968633007
744,2.0000000008453154,2.999999996948141
745,2.0000000008224528,2.9999999970306868
746,2.0000000008002066,2.9999999971109994
747,2.0000000007785634,2.9999999971891405
748,2.0000000007575043,2.9999999972651676
749,2.0000000007370167,2.9999999973391387
750,2.0000000007170806,2.9999999974111087
751,2.000000000697687,2.9999999974811327
752,2.0000000006788143,2.9999999975492617
753,2.0000000006604557,2.999999997615549
754,2.0000000006425895,2.9999999976800424
755,2.0000000006252114,2.9999999977427927
756,2.0000000006082987,2.9999999978038443
757,2.000000000591848,2.9999999978632457
758,2.0000000005758376,2.9999999979210394
759,2.0000000005602647,2.999999997977271
760,2.0000000005451084,2.9999999980319805
761,2.000000000530367,2.9999999980852117
762,2.0000000005160197,2.999999998137002
763,2.000000000502064,2.999999998187392
764,2.000000000488483,2.9999999982364187
765,2.000000000475272,2.9999999982841197
766,2.0000000004624163,2.99999999833053
767,2.000000000449909,2.9999999983756855
768,2.00000000043774,2.9999999984196197
769,2.0000000004259,2.9999999984623655
770,2.0000000004143805,2.999999998503955
771,2.000000000403172,2.9999999985444195
772,2.000000000392268,2.9999999985837897
773,2.0000000003816574,2.9999999986220947
774,2.000000000371335,2.999999998659364
775,2.0000000003612906,2.9999999986956247
776,2.0000000003515193,2.9999999987309054
777,2.000000000342011,2.9999999987652313
778,2.000000000332761,2.999999998798629
779,2.0000000003237597,2.999999998831123
780,2.0000000003150036,2.9999999988627386
781,2.000000000306483,2.999999998893499
782,2.000000000298194,2.9999999989234274
783,2.000000000290128,2.999999998952546
784,2.0000000002822804,2.999999998980877
785,2.0000000002746456,2.999999999008442
786,2.000000000267217,2.9999999990352615
787,2.0000000002599894,2.9999999990613553
788,2.0000000002529577,2.9999999990867434
789,2.0000000002461156,2.999999999111445
790,2.0000000002394587,2.999999999135478
791,2.0000000002329816,2.9999999991588613
792,2.0000000002266805,2.9999999991816124
793,2.000000000220549,2.9999999992037476
794,2.000000000214584,2.9999999992252846
795,2.0000000002087797,2.999999999246239
796,2.000000000203133,2.9999999992666266
797,2.0000000001976384,2.9999999992864628
798,2.000000000192293,2.9999999993057624
799,2.0000000001870917,2.99999999932454
800,2.0000000001820313,2.9999999993428093
801,2.000000000177108,2.999999999360585
802,2.0000000001723173,2.9999999993778794
803,2.000000000167657,2.9999999993947064
804,2.0000000001631215,2.999999999411078
805,2.0000000001587104,2.9999999994270072
806,2.0000000001544165,2.999999999442505
807,2.000000000150241,2.9999999994575846
808,2.0000000001461764,2.9999999994722555
809,2.0000000001422236,2.99999999948653
810,2.0000000001383755,2.999999999500418
811,2.000000000134634,2.9999999995139306
812,2.0000000001309917,2.9999999995270774
813,2.000000000127449,2.999999999539869
814,2.0000000001240017,2.999999999552314
815,2.000000000120648,2.999999999564423
816,2.0000000001173843,2.9999999995762043
817,2.00000000011421,2.999999999587667
818,2.0000000001111204,2.9999999995988196
819,2.000000000108115,2.9999999996096705
820,2.000000000105191,2.9999999996202282
821,2.0000000001023452,2.9999999996305
822,2.0000000000995777,2.9999999996404942
823,2.000000000096884,2.999999999650218
824,2.0000000000942637,2.999999999659679
825,2.0000000000917137,2.9999999996688835
826,2.0000000000892335,2.9999999996778395
827,2.0000000000868194,2.999999999686553
828,2.000000000084472,2.999999999695031
829,2.0000000000821863,2.9999999997032796
830,2.0000000000799645,2.9999999997113056
831,2.0000000000778,2.9999999997191136
832,2.0000000000756972,2.9999999997267115
833,2.0000000000736486,2.999999999734103
834,2.000000000071658,2.999999999741295
835,2.0000000000697185,2.999999999748292
836,2.0000000000678337,2.9999999997551003
837,2.000000000065998,2.999999999761724
838,2.0000000000642144,2.999999999768169
839,2.000000000062476,2.999999999774439
840,2.000000000060788,2.9999999997805404
841,2.000000000059142,2.9999999997864757
842,2.000000000057544,2.9999999997922515
843,2.000000000055986,2.99999999979787
844,2.0000000000544733,2.9999999998033378
845,2.000000000052998,2.9999999998086566
846,2.0000000000515663,2.9999999998138325
847,2.00000000005017,2.9999999998188676
848,2.0000000000488143,2.999999999823767
849,2.0000000000474927,2.9999999998285336
850,2.0000000000462093,2.9999999998331717
851,2.0000000000449587,2.9999999998376836
852,2.0000000000437432,2.999999999842074
853,2.0000000000425597,2.999999999846345
854,2.000000000041409,2.9999999998505014
855,2.000000000040288,2.999999999854545
856,2.0000000000391993,2.9999999998584794
857,2.0000000000381384,2.999999999862307
858,2.000000000037107,2.9999999998660316
859,2.0000000000361036,2.999999999869655
860,2.000000000035127,2.9999999998731806
861,2.0000000000341767,2.9999999998766107
862,2.0000000000332525,2.999999999879948
863,2.000000000032353,2.999999999883195
864,2.000000000031478,2.9999999998863545
865,2.000000000030627,2.9999999998894284
866,2.0000000000297975,2.999999999892419
867,2.0000000000289933,2.999999999895329
868,2.0000000000282077,2.9999999998981597
869,2.000000000027445,2.9999999999009144
870,2.0000000000267026,2.9999999999035944
871,2.0000000000259806,2.999999999906202
872,2.0000000000252776,2.9999999999087392
873,2.000000000024594,2.9999999999112075
874,2.000000000023929,2.999999999913609
875,2.000000000023282,2.999999999915946
876,2.0000000000226517,2.999999999918219
877,2.0000000000220397,2.9999999999204316
878,2.000000000021443,2.9999999999225837
879,2.0000000000208633,2.9999999999246776
880,2.000000000020299,2.999999999926715
881,2.00000000001975,2.999999999928697
882,2.0000000000192153,2.9999999999306257
883,2.0000000000186957,2.9999999999325024
884,2.0000000000181903,2.999999999934328
885,2.000000000017698,2.9999999999361044
886,2.0000000000172196,2.999999999937833
887,2.0000000000167533,2.999999999939514
888,2.0000000000163007,2.99999999994115
889,2.0000000000158598,2.999999999942742
890,2.0000000000154303,2.9999999999442903
891,2.0000000000150138,2.9999999999457976
892,2.0000000000146065,2.999999999947263
893,2.0000000000142126,2.99999999994869
894,2.000000000013827,2.9999999999500773
895,2.000000000013454,2.9999999999514277
896,2.00000000001309,2.9999999999527414
897,2.0000000000127356,2.9999999999540194
898,2.0000000000123914,2.9999999999552633
899,2.0000000000120566,2.9999999999564735
900,2.0000000000117297,2.9999999999576503
901,2.0000000000114135,2.999999999958796
902,2.0000000000111036,2.9999999999599103
903,2.0000000000108042,2.9999999999609948
904,2.000000000010511,2.9999999999620495
905,2.000000000010228,2.999999999963076
906,2.0000000000099503,2.9999999999640745
907,2.0000000000096816,2.9999999999650466
908,2.0000000000094196,2.999999999965992
909,2.000000000009165,2.999999999966912
910,2.0000000000089164,2.9999999999678066
911,2.000000000008676,2.9999999999686775
912,2.000000000008441,2.9999999999695244
913,2.000000000008213,2.999999999970349
914,2.0000000000079905,2.999999999971151
915,2.000000000007775,2.9999999999719313
916,2.0000000000075637,2.9999999999726903
917,2.0000000000073603,2.9999999999734293
918,2.00000000000716,2.999999999974148
919,2.0000000000069673,2.9999999999748472
920,2.000000000006778,2.9999999999755276
921,2.0000000000065956,2.9999999999761897
922,2.000000000006416,2.9999999999768336
923,2.000000000006244,2.9999999999774607
924,2.000000000006074,2.99999999997807
925,2.0000000000059104,2.9999999999786633
926,2.00000000000575,2.99999999997924
927,2.000000000005595,2.999999999979802
928,2.000000000005443,2.999999999980348
929,2.000000000005296,2.9999999999808797
930,2.0000000000051528,2.9999999999813967
931,2.0000000000050138,2.9999999999819
932,2.000000000004878,2.999999999982389
933,2.000000000004746,2.9999999999828657
934,2.0000000000046176,2.9999999999833293
935,2.0000000000044924,2.99999999998378
936,2.000000000004371,2.999999999984219
937,2.000000000004253,2.9999999999846456
938,2.000000000004138,2.999999999985061
939,2.0000000000040257,2.999999999985465
940,2.0000000000039178,2.9999999999858584
941,2.0000000000038103,2.9999999999862403
942,2.000000000003709,2.999999999986613
943,2.000000000003607,2.9999999999869744
944,2.0000000000035114,2.999999999987327
945,2.000000000003414,2.999999999987669
946,2.0000000000033245,2.9999999999880034
947,2.000000000003232,2.999999999988327
948,2.0000000000031464,2.9999999999886433
949,2.0000000000030598,2.99999999998895
950,2.0000000000029785,2.9999999999892495
951,2.0000000000028963,2.99999999998954
952,2.0000000000028195,2.9999999999898233
953,2.0000000000027423,2.999999999990098
954,2.0000000000026685,2.999999999990366
955,2.000000000002596,2.999999999990626
956,2.000000000002526,2.9999999999908797
957,2.0000000000024576,2.9999999999911267
958,2.000000000002391,2.999999999991367
959,2.0000000000023266,2.9999999999916005
960,2.000000000002264,2.999999999991828
961,2.000000000002202,2.9999999999920486
962,2.000000000002143,2.999999999992264
963,2.0000000000020846,2.999999999992473
964,2.0000000000020286,2.999999999992677
965,2.000000000001973,2.999999999992875
966,2.0000000000019202,2.9999999999930678
967,2.0000000000018683,2.999999999993255
968,2.0000000000018177,2.9999999999934377
969,2.0000000000017684,2.9999999999936153
970,2.0000000000017204,2.999999999993788
971,2.0000000000016747,2.9999999999939564
972,2.000000000001628,2.9999999999941194
973,2.0000000000015854,2.999999999994279
974,2.0000000000015414,2.9999999999944333
975,2.0000000000015006,2.9999999999945843
976,2.0000000000014593,2.9999999999947304
977,2.0000000000014198,2.999999999994873
978,2.000000000001382,2.999999999995012
979,2.000000000001344,2.9999999999951465
980,2.0000000000013083,2.999999999995278
981,2.0000000000012723,2.9999999999954055
982,2.0000000000012386,2.99999999999553
983,2.0000000000012044,2.9999999999956506
984,2.000000000001172,2.9999999999957683
985,2.0000000000011404,2.999999999995883
986,2.00000000000111,2.9999999999959943
987,2.000000000001079,2.9999999999961027
988,2.0000000000010507,2.9999999999962084
989,2.000000000001021,2.9999999999963105
990,2.000000000000995,2.999999999996411
991,2.000000000000967,2.9999999999965077
992,2.0000000000009415,2.9999999999966023
993,2.0000000000009157,2.999999999996694
994,2.0000000000008904,2.9999999999967835
995,2.0000000000008673,2.999999999996871
996,2.0000000000008424,2.9999999999969553
997,2.000000000000821,2.999999999997038
998,2.0000000000007976,2.9999999999971174
999,2.0000000000007776,2.999999999997196
1000,2.0000000000007554,2.9999999999972715
1001,2.0000000000007354,2.9999999999973457
1002,2.000000000000715,2.999999999997417
1003,2.0000000000006963,2.9999999999974873
1004,2.0000000000006763,2.999999999997555
1005,2.0000000000006595,2.9999999999976215
1006,2.0000000000006404,2.9999999999976854
1007,2.0000000000006244,2.9999999999977485
1008,2.000000000000606,2.999999999997809
1009,2.000000000000591,2.9999999999978684
1010,2.0000000000005738,2.9999999999979257
1011,2.00000000000056,2.999999999997982
1012,2.000000000000543,2.9999999999980362
1013,2.0000000000005294,2.9999999999980895
1014,2.000000000000515,2.999999999998141
1015,2.0000000000005005,2.9999999999981912
1016,2.0000000000004876,2.9999999999982405
1017,2.000000000000474,2.999999999998288
1018,2.000000000000462,2.9999999999983347
1019,2.0000000000004485,2.9999999999983795
1020,2.000000000000437,2.9999999999984235
1021,2.000000000000425,2.999999999998466
1022,2.0000000000004134,2.9999999999985074
1023,2.000000000000402,2.999999999998548
1024,2.0000000000003912,2.9999999999985874
1025,2.0000000000003806,2.9999999999986255
1026,2.000000000000371,2.999999999998663
1027,2.00000000000036,2.999999999998699
1028,2.000000000000351,2.999999999998734
1029,2.000000000000341,2.999999999998768
1030,2.0000000000003326,2.9999999999988014
1031,2.000000000000323,2.9999999999988334
1032,2.000000000000315,2.999999999998865
1033,2.0000000000003055,2.9999999999988956
1034,2.000000000000298,2.9999999999989257
1035,2.000000000000289,2.9999999999989546
1036,2.000000000000282,2.999999999998983
1037,2.0000000000002736,2.9999999999990106
1038,2.000000000000267,2.9999999999990377
1039,2.0000000000002593,2.9999999999990634
1040,2.0000000000002522,2.9999999999990887
1041,2.0000000000002456,2.9999999999991136
1042,2.000000000000239,2.9999999999991376
1043,2.0000000000002327,2.999999999999161
1044,2.0000000000002256,2.9999999999991838
1045,2.0000000000002203,2.999999999999206
1046,2.0000000000002136,2.9999999999992273
1047,2.0000000000002087,2.9999999999992486
1048,2.0000000000002016,2.9999999999992686
1049,2.0000000000001976,2.999999999999289
1050,2.000000000000191,2.9999999999993077
1051,2.000000000000187,2.9999999999993268
1052,2.000000000000181,2.999999999999345
1053,2.0000000000001767,2.9999999999993627
1054,2.0000000000001714,2.99999999999938
1055,2.0000000000001674,2.999999999999397
1056,2.000000000000162,2.999999999999413
1057,2.0000000000001585,2.999999999999429
1058,2.0000000000001537,2.999999999999444
1059,2.0000000000001505,2.999999999999459
1060,2.000000000000145,2.9999999999994733
1061,2.0000000000001426,2.999999999999488
1062,2.0000000000001372,2.9999999999995013
1063,2.0000000000001354,2.999999999999515
1064,2.0000000000001297,2.9999999999995275
1065,2.0000000000001283,2.999999999999541
1066,2.000000000000123,2.999999999999553
1067,2.0000000000001212,2.9999999999995652
1068,2.000000000000117,2.999999999999577
1069,2.000000000000114,2.9999999999995883
1070,2.000000000000111,2.9999999999995994
1071,2.0000000000001084,2.9999999999996105
1072,2.0000000000001044,2.9999999999996207
1073,2.000000000000103,2.9999999999996314
1074,2.000000000000099,2.999999999999641
1075,2.000000000000097,2.999999999999651
1076,2.0000000000000937,2.9999999999996603
1077,2.0000000000000915,2.9999999999996696
1078,2.000000000000089,2.9999999999996785
1079,2.000000000000087,2.9999999999996874
1080,2.000000000000084,2.999999999999696
1081,2.000000000000082,2.9999999999997042
1082,2.00000000000008,2.9999999999997122
1083,2.0000000000000773,2.99999999999972
1084,2.000000000000076,2.9999999999997273
1085,2.0000000000000733,2.9999999999997344
1086,2.000000000000072,2.999999999999742
1087,2.0000000000000693,2.9999999999997486
1088,2.000000000000068,2.9999999999997558
1089,2.0000000000000653,2.999999999999762
1090,2.0000000000000644,2.9999999999997686
1091,2.000000000000062,2.999999999999775
1092,2.000000000000061,2.999999999999781
1093,2.0000000000000586,2.999999999999787
1094,2.0000000000000577,2.9999999999997926
1095,2.000000000000056,2.999999999999798
1096,2.0000000000000546,2.9999999999998033
1097,2.000000000000053,2.9999999999998086
1098,2.000000000000052,2.999999999999814
1099,2.00000000000005,2.999999999999819
1100,2.000000000000049,2.9999999999998237
1101,2.000000000000047,2.9999999999998286
1102,2.000000000000046,2.9999999999998335
1103,2.000000000000045,2.999999999999838
1104,2.0000000000000435,2.9999999999998423
1105,2.0000000000000426,2.999999999999847
1106,2.000000000000041,2.999999999999851
1107,2.0000000000000404,2.9999999999998552
1108,2.000000000000039,2.9999999999998592
1109,2.0000000000000377,2.9999999999998628
1110,2.000000000000037,2.9999999999998668
1111,2.000000000000036,2.9999999999998703
1112,2.000000000000035,2.999999999999874
1113,2.0000000000000338,2.999999999999877
1114,2.0000000000000333,2.9999999999998805
1115,2.000000000000032,2.9999999999998836
1116,2.000000000000032,2.999999999999887
1117,2.00000000000003,2.99999999999989
1118,2.0000000000000298,2.999999999999893
1119,2.0000000000000284,2.9999999999998956
1120,2.000000000000029,2.9999999999998987
1121,2.0000000000000266,2.999999999999901
1122,2.0000000000000275,2.999999999999904
1123,2.000000000000025,2.9999999999999063
1124,2.000000000000026,2.9999999999999094
1125,2.0000000000000235,2.999999999999911
1126,2.000000000000025,2.9999999999999143
1127,2.000000000000022,2.999999999999916
1128,2.0000000000000235,2.9999999999999187
1129,2.0000000000000213,2.9999999999999205
1130,2.000000000000022,2.999999999999923
1131,2.00000000000002,2.999999999999925
1132,2.000000000000021,2.999999999999927
1133,2.000000000000019,2.999999999999929
1134,2.0000000000000195,2.999999999999931
1135,2.000000000000018,2.999999999999933
1136,2.0000000000000187,2.999999999999935
1137,2.000000000000017,2.9999999999999365
1138,2.0000000000000178,2.9999999999999387
1139,2.0000000000000155,2.99999999999994
1140,2.000000000000017,2.9999999999999423
1141,2.0000000000000147,2.999999999999943
1142,2.000000000000016,2.9999999999999454
1143,2.000000000000014,2.9999999999999467
1144,2.0000000000000147,2.9999999999999485
1145,2.0000000000000138,2.99999999999995
1146,2.0000000000000133,2.999999999999951
1147,2.0000000000000133,2.9999999999999525
1148,2.0000000000000124,2.999999999999954
1149,2.000000000000013,2.999999999999955
1150,2.0000000000000115,2.999999999999956
1151,2.0000000000000124,2.9999999999999574
1152,2.000000000000011,2.9999999999999583
1153,2.000000000000011,2.9999999999999596
1154,2.000000000000011,2.999999999999961
1155,2.00000000000001,2.999999999999962
1156,2.00000000000001,2.999999999999963
1157,2.00000000000001,2.999999999999964
1158,2.0000000000000093,2.999999999999965
1159,2.0000000000000098,2.9999999999999662
1160,2.0000000000000084,2.9999999999999667
1161,2.0000000000000098,2.999999999999968
1162,2.000000000000008,2.9999999999999685
1163,2.0000000000000093,2.99999999999997
1164,2.0000000000000075,2.9999999999999702
1165,2.000000000000009,2.9999999999999716
1166,2.000000000000007,2.999999999999972
1167,2.0000000000000084,2.9999999999999734
1168,2.000000000000006,2.9999999999999734
1169,2.000000000000008,2.9999999999999747
1170,2.000000000000006,2.999999999999975
1171,2.000000000000007,2.999999999999976
1172,2.0000000000000067,2.9999999999999765
1173,2.000000000000006,2.999999999999977
1174,2.000000000000006,2.9999999999999774
1175,2.000000000000006,2.999999999999978
1176,2.0000000000000053,2.9999999999999782
1177,2.000000000000006,2.999999999999979
1178,2.0000000000000053,2.9999999999999796
1179,2.0000000000000058,2.9999999999999805
1180,2.000000000000005,2.999999999999981
1181,2.0000000000000058,2.999999999999982
1182,2.0000000000000044,2.999999999999982
1183,2.0000000000000053,2.9999999999999827
1184,2.0000000000000044,2.999999999999983
1185,2.0000000000000053,2.9999999999999836
1186,2.0000000000000036,2.9999999999999836
1187,2.000000000000005,2.9999999999999845
1188,2.000000000000004,2.9999999999999845
1189,2.0000000000000044,2.999999999999985
1190,2.0000000000000036,2.9999999999999853
1191,2.000000000000004,2.999999999999986
1192,2.000000000000004,2.9999999999999862
1193,2.0000000000000036,2.9999999999999867
1194,2.000000000000004,2.999999999999987
1195,2.000000000000003,2.999999999999987
1196,2.0000000000000036,2.9999999999999876
1197,2.000000000000003,2.999999999999988
1198,2.0000000000000036,2.9999999999999885
1199,2.0000000000000027,2.9999999999999885
1200,2.000000000000003,2.999999999999989
1201,2.0000000000000027,2.9999999999999893
1202,2.000000000000003,2.99999999999999
1203,2.0000000000000027,2.99999999999999
1204,2.0000000000000027,2.9999999999999902
1205,2.0000000000000027,2.9999999999999907
1206,2.000000000000002,2.9999999999999907
1207,2.0000000000000027,2.999999999999991
1208,2.000000000000002,2.999999999999991
1209,2.0000000000000027,2.9999999999999916
1210,2.0000000000000018,2.9999999999999916
1211,2.000000000000003,2.999999999999992
1212,2.0000000000000018,2.999999999999992
1213,2.0000000000000027,2.9999999999999925
1214,2.0000000000000013,2.9999999999999925
1215,2.000000000000002,2.999999999999993
1216,2.0000000000000018,2.999999999999993
1217,2.000000000000002,2.9999999999999933
1218,2.0000000000000018,2.9999999999999933
1219,2.000000000000002,2.999999999999994
1220,2.0000000000000013,2.999999999999994
1221,2.000000000000002,2.9999999999999942
1222,2.000000000000001,2.9999999999999942
1223,2.000000000000002,2.9999999999999947
1224,2.000000000000001,2.9999999999999947
1225,2.000000000000002,2.999999999999995
1226,2.000000000000001,2.9999999999999947
1227,2.000000000000002,2.999999999999995
1228,2.000000000000001,2.9999999999999947
1229,2.000000000000002,2.999999999999995
1230,2.000000000000001,2.9999999999999947
1231,2.000000000000002,2.999999999999995
1232,2.000000000000001,2.9999999999999947
1233,2.000000000000002,2.999999999999995
1234,2.000000000000001,2.9999999999999947
1235,2.000000000000002,2.999999999999995
1236,2.000000000000001,2.9999999999999947
1237,2.000000000000002,2.999999999999995
1238,2.000000000000001,2.9999999999999947
1239,2.000000000000002,2.999999999999995
1240,2.000000000000001,2.9999999999999947
1241,2.000000000000002,2.999999999999995
1242,2.000000000000001,2.9999999999999947
1243,2.000000000000002,2.999999999999995
1244,2.000000000000001,2.9999999999999947
1245,2.000000000000002,2.999999999999995
1246,2.000000000000001,2.9999999999999947
1247,2.000000000000002,2.999999999999995
1248,2.000000000000001,2.9999999999999947
1249,2.000000000000002,2.999999999999995
1250,2.000000000000001,2.9999999999999947
1251,2.000000000000002,2.999999999999995
1252,2.000000000000001,2.9999999999999947
1253,2.000000000000002,2.999999999999995
1254,2.000000000000001,2.9999999999999947
1255,2.000000000000002,2.999999999999995
1256,2.000000000000001,2.9999999999999947
1257,2.000000000000002,2.999999999999995
1258,2.000000000000001,2.9999999999999947
1259,2.000000000000002,2.999999999999995
1260,2.000000000000001,2.9999999999999947
1261,2.000000000000002,2.999999999999995
1262,2.000000000000001,2.9999999999999947
1263,2.000000000000002,2.999999999999995
1264,2.000000000000001,2.9999999999999947
1265,2.000000000000002,2.999999999999995
1266,2.000000000000001,2.9999999999999947
1267,2.000000000000002,2.999999999999995
1268,2.000000000000001,2.9999999999999947
1269,2.000000000000002,2.999999999999995
1270,2.000000000000001,2.9999999999999947
1271,2.000000000000002,2.999999999999995
1272,2.000000000000001,2.9999999999999947
1273,2.000000000000002,2.999999999999995
1274,2.000000000000001,2.9999999999999947
1275,2.000000000000002,2.999999999999995
1276,2.000000000000001,2.9999999999999947
1277,2.000000000000002,2.999999999999995
1278,2.000000000000001,2.9999999999999947
1279,2.000000000000002,2.999999999999995
1280,2.000000000000001,2.9999999999999947
1281,2.000000000000002,2.999999999999995
1282,2.000000000000001,2.9999999999999947
1283,2.000000000000002,2.999999999999995
1284,2.000000000000001,2.9999999999999947
1285,2.000000000000002,2.999999999999995
1286,2.000000000000001,2.9999999999999947
1287,2.000000000000002,2.999999999999995
1288,2.000000000000001,2.9999999999999947
1289,2.000000000000002,2.999999999999995
1290,2.000000000000001,2.9999999999999947
1291,2.000000000000002,2.999999999999995
1292,2.000000000000001,2.9999999999999947
1293,2.000000000000002,2.999999999999995
1294,2.000000000000001,2.9999999999999947
1295,2.000000000000002,2.999999999999995
1296,2.000000000000001,2.9999999999999947
1297,2.000000000000002,2.999999999999995
1298,2.000000000000001,2.9999999999999947
1299,2.000000000000002,2.999999999999995
1300,2.000000000000001,2.9999999999999947
1301,2.000000000000002,2.999999999999995
1302,2.000000000000001,2.9999999999999947
1303,2.000000000000002,2.999999999999995
1304,2.000000000000001,2.9999999999999947
1305,2.000000000000002,2.999999999999995
1306,2.000000000000001,2.9999999999999947
1307,2.000000000000002,2.999999999999995
1308,2.000000000000001,2.9999999999999947
1309,2.000000000000002,2.999999999999995
1310,2.000000000000001,2.9999999999999947
1311,2.000000000000002,2.999999999999995
1312,2.000000000000001,2.9999999999999947
1313,2.000000000000002,2.999999999999995
1314,2.000000000000001,2.9999999999999947
1315,2.000000000000002,2.999999999999995
1316,2.000000000000001,2.9999999999999947
1317,2.000000000000002,2.999999999999995
1318,2.000000000000001,2.9999999999999947
1319,2.000000000000002,2.999999999999995
1320,2.000000000000001,2.9999999999999947
1321,2.000000000000002,2.999999999999995
1322,2.000000000000001,2.9999999999999947
1323,2.000000000000002,2.999999999999995
1324,2.000000000000001,2.9999999999999947
1325,2.000000000000002,2.999999999999995
1326,2.000000000000001,2.9999999999999947
1327,2.000000000000002,2.999999999999995
1328,2.000000000000001,2.9999999999999947
1329,2.000000000000002,2.999999999999995
1330,2.000000000000001,2.9999999999999947
1331,2.000000000000002,2.999999999999995
1332,2.000000000000001,2.9999999999999947
1333,2.000000000000002,2.999999999999995
1334,2.000000000000001,2.9999999999999947
1335,2.000000000000002,2.999999999999995
1336,2.000000000000001,2.9999999999999947
1337,2.000000000000002,2.999999999999995
1338,2.000000000000001,2.9999999999999947
1339,2.000000000000002,2.999999999999995
1340,2.000000000000001,2.9999999999999947
1341,2.000000000000002,2.999999999999995
1342,2.000000000000001,2.9999999999999947
1343,2.000000000000002,2.999999999999995
1344,2.000000000000001,2.9999999999999947
1345,2.000000000000002,2.999999999999995
1346,2.000000000000001,2.9999999999999947
1347,2.000000000000002,2.999999999999995
1348,2.000000000000001,2.9999999999999947
1349,2.000000000000002,2.999999999999995
1350,2.000000000000001,2.9999999999999947
1351,2.000000000000002,2.999999999999995
1352,2.000000000000001,2.9999999999999947
1353,2.000000000000002,2.999999999999995
1354,2.000000000000001,2.9999999999999947
1355,2.000000000000002,2.999999999999995
1356,2.000000000000001,2.9999999999999947
1357,2.000000000000002,2.999999999999995
1358,2.000000000000001,2.9999999999999947
1359,2.000000000000002,2.999999999999995
1360,2.000000000000001,2.9999999999999947
1361,2.000000000000002,2.999999999999995
1362,2.000000000000001,2.9999999999999947
1363,2.000000000000002,2.999999999999995
1364,2.000000000000001,2.9999999999999947
1365,2.000000000000002,2.999999999999995
1366,2.000000000000001,2.9999999999999947
1367,2.000000000000002,2.999999999999995
1368,2.000000000000001,2.9999999999999947
1369,2.000000000000002,2.999999999999995
1370,2.000000000000001,2.9999999999999947
1371,2.000000000000002,2.999999999999995
1372,2.000000000000001,2.9999999999999947
1373,2.000000000000002,2.999999999999995
1374,2.000000000000001,2.9999999999999947
1375,2.000000000000002,2.999999999999995
1376,2.000000000000001,2.9999999999999947
1377,2.000000000000002,2.999999999999995
1378,2.000000000000001,2.9999999999999947
1379,2.000000000000002,2.999999999999995
1380,2.000000000000001,2.9999999999999947
1381,2.000000000000002,2.999999999999995
1382,2.000000000000001,2.9999999999999947
1383,2.000000000000002,2.999999999999995
1384,2.000000000000001,2.9999999999999947
1385,2.000000000000002,2.999999999999995
1386,2.000000000000001,2.9999999999999947
1387,2.000000000000002,2.999999999999995
1388,2.000000000000001,2.9999999999999947
1389,2.000000000000002,2.999999999999995
1390,2.000000000000001,2.9999999999999947
1391,2.000000000000002,2.999999999999995
1392,2.000000000000001,2.9999999999999947
1393,2.000000000000002,2.999999999999995
1394,2.000000000000001,2.9999999999999947
1395,2.000000000000002,2.999999999999995
1396,2.000000000000001,2.9999999999999947
1397,2.000000000000002,2.999999999999995
1398,2.000000000000001,2.9999999999999947
1399,2.000000000000002,2.999999999999995
1400,2.000000000000001,2.9999999999999947
1401,2.000000000000002,2.999999999999995
1402,2.000000000000001,2.9999999999999947
1403,2.000000000000002,2.999999999999995
1404,2.000000000000001,2.9999999999999947
1405,2.000000000000002,2.999999999999995
1406,2.000000000000001,2.9999999999999947
1407,2.000000000000002,2.999999999999995
1408,2.000000000000001,2.9999999999999947
1409,2.000000000000002,2.999999999999995
1410,2.000000000000001,2.9999999999999947
1411,2.000000000000002,2.999999999999995
1412,2.000000000000001,2.9999999999999947
1413,2.000000000000002,2.999999999999995
1414,2.000000000000001,2.9999999999999947
1415,2.000000000000002,2.999999999999995
1416,2.000000000000001,2.9999999999999947
1417,2.000000000000002,2.999999999999995
1418,2.000000000000001,2.9999999999999947
1419,2.000000000000002,2.999999999999995
1420,2.000000000000001,2.9999999999999947
1421,2.000000000000002,2.999999999999995
1422,2.000000000000001,2.9999999999999947
1423,2.000000000000002,2.999999999999995
1424,2.000000000000001,2.9999999999999947
1425,2.000000000000002,2.999999999999995
1426,2.000000000000001,2.9999999999999947
1427,2.000000000000002,2.999999999999995
1428,2.000000000000001,2.9999999999999947
1429,2.000000000000002,2.999999999999995
1430,2.000000000000001,2.9999999999999947
1431,2.000000000000002,2.999999999999995
1432,2.000000000000001,2.9999999999999947
1433,2.000000000000002,2.999999999999995
1434,2.000000000000001,2.9999999999999947
1435,2.000000000000002,2.999999999999995
1436,2.000000000000001,2.9999999999999947
1437,2.000000000000002,2.999999999999995
1438,2.000000000000001,2.9999999999999947
1439,2.000000000000002,2.999999999999995
1440,2.000000000000001,2.9999999999999947
1441,2.000000000000002,2.999999999999995
1442,2.000000000000001,2.9999999999999947
1443,2.000000000000002,2.999999999999995
1444,2.000000000000001,2.9999999999999947
1445,2.000000000000002,2.999999999999995
1446,2.000000000000001,2.9999999999999947
1447,2.000000000000002,2.999999999999995
1448,2.000000000000001,2.9999999999999947
1449,2.000000000000002,2.999999999999995
1450,2.000000000000001,2.9999999999999947
1451,2.000000000000002,2.999999999999995
1452,2.000000000000001,2.9999999999999947
1453,2.000000000000002,2.999999999999995
1454,2.000000000000001,2.9999999999999947
1455,2.000000000000002,2.999999999999995
1456,2.000000000000001,2.9999999999999947
1457,2.000000000000002,2.999999999999995
1458,2.000000000000001,2.9999999999999947
1459,2.000000000000002,2.999999999999995
1460,2.000000000000001,2.9999999999999947
1461,2.000000000000002,2.999999999999995
1462,2.000000000000001,2.9999999999999947
1463,2.000000000000002,2.999999999999995
1464,2.000000000000001,2.9999999999999947
1465,2.000000000000002,2.999999999999995
1466,2.000000000000001,2.9999999999999947
1467,2.000000000000002,2.999999999999995
1468,2.000000000000001,2.9999999999999947
1469,2.000000000000002,2.999999999999995
1470,2.000000000000001,2.9999999999999947
1471,2.000000000000002,2.999999999999995
1472,2.000000000000001,2.9999999999999947
1473,2.000000000000002,2.999999999999995
1474,2.000000000000001,2.9999999999999947
1475,2.000000000000002,2.999999999999995
1476,2.000000000000001,2.9999999999999947
1477,2.000000000000002,2.999999999999995
1478,2.000000000000001,2.9999999999999947
1479,2.000000000000002,2.999999999999995
1480,2.000000000000001,2.9999999999999947
1481,2.000000000000002,2.999999999999995
1482,2.000000000000001,2.9999999999999947
1483,2.000000000000002,2.999999999999995
1484,2.000000000000001,2.9999999999999947
1485,2.000000000000002,2.999999999999995
1486,2.000000000000001,2.9999999999999947
1487,2.000000000000002,2.999999999999995
1488,2.000000000000001,2.9999999999999947
1489,2.000000000000002,2.999999999999995
1490,2.000000000000001,2.9999999999999947
1491,2.000000000000002,2.999999999999995
1492,2.000000000000001,2.9999999999999947
1493,2.000000000000002,2.999999999999995
1494,2.000000000000001,2.9999999999999947
1495,2.000000000000002,2.999999999999995
1496,2.000000000000001,2.9999999999999947
1497,2.000000000000002,2.999999999999995
1498,2.000000000000001,2.9999999999999947
1499,2.000000000000002,2.999999999999995
1500,2.000000000000001,2.9999999999999947
1501,2.000000000000002,2.999999999999995
1502,2.000000000000001,2.9999999999999947
1503,2.000000000000002,2.999999999999995
1504,2.000000000000001,2.9999999999999947
1505,2.000000000000002,2.999999999999995
1506,2.000000000000001,2.9999999999999947
1507,2.000000000000002,2.999999999999995
1508,2.000000000000001,2.9999999999999947
1509,2.000000000000002,2.999999999999995
1510,2.000000000000001,2.9999999999999947
1511,2.000000000000002,2.999999999999995
1512,2.000000000000001,2.9999999999999947
1513,2.000000000000002,2.999999999999995
1514,2.000000000000001,2.9999999999999947
1515,2.000000000000002,2.999999999999995
1516,2.000000000000001,2.9999999999999947
1517,2.000000000000002,2.999999999999995
1518,2.000000000000001,2.9999999999999947
1519,2.000000000000002,2.999999999999995
1520,2.000000000000001,2.9999999999999947
1521,2.000000000000002,2.999999999999995
1522,2.000000000000001,2.9999999999999947
1523,2.000000000000002,2.999999999999995
1524,2.000000000000001,2.9999999999999947
1525,2.000000000000002,2.999999999999995
1526,2.000000000000001,2.9999999999999947
1527,2.000000000000002,2.999999999999995
1528,2.000000000000001,2.9999999999999947
1529,2.000000000000002,2.999999999999995
1530,2.000000000000001,2.9999999999999947
1531,2.000000000000002,2.999999999999995
1532,2.000000000000001,2.9999999999999947
1533,2.000000000000002,2.999999999999995
1534,2.000000000000001,2.9999999999999947
1535,2.000000000000002,2.999999999999995
1536,2.000000000000001,2.9999999999999947
1537,2.000000000000002,2.999999999999995
1538,2.000000000000001,2.9999999999999947
1539,2.000000000000002,2.999999999999995
1540,2.000000000000001,2.9999999999999947
1541,2.000000000000002,2.999999999999995
1542,2.000000000000001,2.9999999999999947
1543,2.000000000000002,2.999999999999995
1544,2.000000000000001,2.9999999999999947
1545,2.000000000000002,2.999999999999995
1546,2.000000000000001,2.9999999999999947
1547,2.000000000000002,2.999999999999995
1548,2.000000000000001,2.9999999999999947
1549,2.000000000000002,2.999999999999995
1550,2.000000000000001,2.9999999999999947
1551,2.000000000000002,2.999999999999995
1552,2.000000000000001,2.9999999999999947
1553,2.000000000000002,2.999999999999995
1554,2.000000000000001,2.9999999999999947
1555,2.000000000000002,2.999999999999995
1556,2.000000000000001,2.9999999999999947
1557,2.000000000000002,2.999999999999995
1558,2.000000000000001,2.9999999999999947
1559,2.000000000000002,2.999999999999995
1560,2.000000000000001,2.9999999999999947
1561,2.000000000000002,2.999999999999995
1562,2.000000000000001,2.9999999999999947
1563,2.000000000000002,2.999999999999995
1564,2.000000000000001,2.9999999999999947
1565,2.000000000000002,2.999999999999995
1566,2.000000000000001,2.9999999999999947
1567,2.000000000000002,2.999999999999995
1568,2.000000000000001,2.9999999999999947
1569,2.000000000000002,2.999999999999995
1570,2.000000000000001,2.9999999999999947
1571,2.000000000000002,2.999999999999995
1572,2.000000000000001,2.9999999999999947
1573,2.000000000000002,2.999999999999995
1574,2.000000000000001,2.9999999999999947
1575,2.000000000000002,2.999999999999995
1576,2.000000000000001,2.9999999999999947
1577,2.000000000000002,2.999999999999995
1578,2.000000000000001,2.9999999999999947
1579,2.000000000000002,2.999999999999995
1580,2.000000000000001,2.9999999999999947
1581,2.000000000000002,2.999999999999995
1582,2.000000000000001,2.9999999999999947
1583,2.000000000000002,2.999999999999995
1584,2.000000000000001,2.9999999999999947
1585,2.000000000000002,2.999999999999995
1586,2.000000000000001,2.9999999999999947
1587,2.000000000000002,2.999999999999995
1588,2.000000000000001,2.9999999999999947
1589,2.000000000000002,2.999999999999995
1590,2.000000000000001,2.9999999999999947
1591,2.000000000000002,2.999999999999995
1592,2.000000000000001,2.9999999999999947
1593,2.000000000000002,2.999999999999995
1594,2.000000000000001,2.9999999999999947
1595,2.000000000000002,2.999999999999995
1596,2.000000000000001,2.9999999999999947
1597,2.000000000000002,2.999999999999995
1598,2.000000000000001,2.9999999999999947
1599,2.000000000000002,2.999999999999995
1600,2.000000000000001,2.9999999999999947
1601,2.000000000000002,2.999999999999995
1602,2.000000000000001,2.9999999999999947
1603,2.000000000000002,2.999999999999995
1604,2.000000000000001,2.9999999999999947
1605,2.000000000000002,2.999999999999995
1606,2.000000000000001,2.9999999999999947
1607,2.000000000000002,2.999999999999995
1608,2.000000000000001,2.9999999999999947
1609,2.000000000000002,2.999999999999995
1610,2.000000000000001,2.9999999999999947
1611,2.000000000000002,2.999999999999995
1612,2.000000000000001,2.9999999999999947
1613,2.000000000000002,2.999999999999995
1614,2.000000000000001,2.9999999999999947
1615,2.000000000000002,2.999999999999995
1616,2.000000000000001,2.9999999999999947
1617,2.000000000000002,2.999999999999995
1618,2.000000000000001,2.9999999999999947
1619,2.000000000000002,2.999999999999995
1620,2.000000000000001,2.9999999999999947
1621,2.000000000000002,2.999999999999995
1622,2.000000000000001,2.9999999999999947
1623,2.000000000000002,2.999999999999995
1624,2.000000000000001,2.9999999999999947
1625,2.000000000000002,2.999999999999995
1626,2.000000000000001,2.9999999999999947
1627,2.000000000000002,2.999999999999995
1628,2.000000000000001,2.9999999999999947
1629,2.000000000000002,2.999999999999995
1630,2.000000000000001,2.9999999999999947
1631,2.000000000000002,2.999999999999995
1632,2.000000000000001,2.9999999999999947
1633,2.000000000000002,2.999999999999995
1634,2.000000000000001,2.9999999999999947
1635,2.000000000000002,2.999999999999995
1636,2.000000000000001,2.9999999999999947
1637,2.000000000000002,2.999999999999995
1638,2.000000000000001,2.9999999999999947
1639,2.000000000000002,2.999999999999995
1640,2.000000000000001,2.9999999999999947
1641,2.000000000000002,2.999999999999995
1642,2.000000000000001,2.9999999999999947
1643,2.000000000000002,2.999999999999995
1644,2.000000000000001,2.9999999999999947
1645,2.000000000000002,2.999999999999995
1646,2.000000000000001,2.9999999999999947
1647,2.000000000000002,2.999999999999995
1648,2.000000000000001,2.9999999999999947
1649,2.000000000000002,2.999999999999995
1650,2.000000000000001,2.9999999999999947
1651,2.000000000000002,2.999999999999995
1652,2.000000000000001,2.9999999999999947
1653,2.000000000000002,2.999999999999995
1654,2.000000000000001,2.9999999999999947
1655,2.000000000000002,2.999999999999995
1656,2.000000000000001,2.9999999999999947
1657,2.000000000000002,2.999999999999995
1658,2.000000000000001,2.9999999999999947
1659,2.000000000000002,2.999999999999995
1660,2.000000000000001,2.9999999999999947
1661,2.000000000000002,2.999999999999995
1662,2.000000000000001,2.9999999999999947
1663,2.000000000000002,2.999999999999995
1664,2.000000000000001,2.9999999999999947
1665,2.000000000000002,2.999999999999995
1666,2.000000000000001,2.9999999999999947
1667,2.000000000000002,2.999999999999995
1668,2.000000000000001,2.9999999999999947
1669,2.000000000000002,2.999999999999995
1670,2.000000000000001,2.9999999999999947
1671,2.000000000000002,2.999999999999995
1672,2.000000000000001,2.9999999999999947
1673,2.000000000000002,2.999999999999995
1674,2.000000000000001,2.9999999999999947
1675,2.000000000000002,2.999999999999995
1676,2.000000000000001,2.9999999999999947
1677,2.000000000000002,2.999999999999995
1678,2.000000000000001,2.9999999999999947
1679,2.000000000000002,2.999999999999995
1680,2.000000000000001,2.9999999999999947
1681,2.000000000000002,2.999999999999995
1682,2.000000000000001,2.9999999999999947
1683,2.000000000000002,2.999999999999995
1684,2.000000000000001,2.9999999999999947
1685,2.000000000000002,2.999999999999995
1686,2.000000000000001,2.9999999999999947
1687,2.000000000000002,2.999999999999995
1688,2.000000000000001,2.9999999999999947
1689,2.000000000000002,2.999999999999995
1690,2.000000000000001,2.9999999999999947
1691,2.000000000000002,2.999999999999995
1692,2.000000000000001,2.9999999999999947
1693,2.000000000000002,2.999999999999995
1694,2.000000000000001,2.9999999999999947
1695,2.000000000000002,2.999999999999995
1696,2.000000000000001,2.9999999999999947
1697,2.000000000000002,2.999999999999995
1698,2.000000000000001,2.9999999999999947
1699,2.000000000000002,2.999999999999995
1700,2.000000000000001,2.9999999999999947
1701,2.000000000000002,2.999999999999995
1702,2.000000000000001,2.9999999999999947
1703,2.000000000000002,2.999999999999995
1704,2.000000000000001,2.9999999999999947
1705,2.000000000000002,2.999999999999995
1706,2.000000000000001,2.9999999999999947
1707,2.000000000000002,2.999999999999995
1708,2.000000000000001,2.9999999999999947
1709,2.000000000000002,2.999999999999995
1710,2.000000000000001,2.9999999999999947
1711,2.000000000000002,2.999999999999995
1712,2.000000000000001,2.9999999999999947
1713,2.000000000000002,2.999999999999995
1714,2.000000000000001,2.9999999999999947
1715,2.000000000000002,2.999999999999995
1716,2.000000000000001,2.9999999999999947
1717,2.000000000000002,2.999999999999995
1718,2.000000000000001,2.9999999999999947
1719,2.000000000000002,2.999999999999995
1720,2.000000000000001,2.9999999999999947
1721,2.000000000000002,2.999999999999995
1722,2.000000000000001,2.9999999999999947
1723,2.000000000000002,2.999999999999995
1724,2.000000000000001,2.9999999999999947
1725,2.000000000000002,2.999999999999995
1726,2.000000000000001,2.9999999999999947
1727,2.000000000000002,2.999999999999995
1728,2.000000000000001,2.9999999999999947
1729,2.000000000000002,2.999999999999995
1730,2.000000000000001,2.9999999999999947
1731,2.000000000000002,2.999999999999995
1732,2.000000000000001,2.9999999999999947
1733,2.000000000000002,2.999999999999995
1734,2.000000000000001,2.9999999999999947
1735,2.000000000000002,2.999999999999995
1736,2.000000000000001,2.9999999999999947
1737,2.000000000000002,2.999999999999995
1738,2.000000000000001,2.9999999999999947
1739,2.000000000000002,2.999999999999995
1740,2.000000000000001,2.9999999999999947
1741,2.000000000000002,2.999999999999995
1742,2.000000000000001,2.9999999999999947
1743,2.000000000000002,2.999999999999995
1744,2.000000000000001,2.9999999999999947
1745,2.000000000000002,2.999999999999995
1746,2.000000000000001,2.9999999999999947
1747,2.000000000000002,2.999999999999995
1748,2.000000000000001,2.9999999999999947
1749,2.000000000000002,2.999999999999995
1750,2.000000000000001,2.9999999999999947
1751,2.000000000000002,2.999999999999995
1752,2.000000000000001,2.9999999999999947
1753,2.000000000000002,2.999999999999995
1754,2.000000000000001,2.9999999999999947
1755,2.000000000000002,2.999999999999995
1756,2.000000000000001,2.9999999999999947
1757,2.000000000000002,2.999999999999995
1758,2.000000000000001,2.9999999999999947
1759,2.000000000000002,2.999999999999995
1760,2.000000000000001,2.9999999999999947
1761,2.000000000000002,2.999999999999995
1762,2.000000000000001,2.9999999999999947
1763,2.000000000000002,2.999999999999995
1764,2.000000000000001,2.9999999999999947
1765,2.000000000000002,2.999999999999995
1766,2.000000000000001,2.9999999999999947
1767,2.000000000000002,2.999999999999995
1768,2.000000000000001,2.9999999999999947
1769,2.000000000000002,2.999999999999995
1770,2.000000000000001,2.9999999999999947
1771,2.000000000000002,2.999999999999995
1772,2.000000000000001,2.9999999999999947
1773,2.000000000000002,2.999999999999995
1774,2.000000000000001,2.9999999999999947
1775,2.000000000000002,2.999999999999995
1776,2.000000000000001,2.9999999999999947
1777,2.000000000000002,2.999999999999995
1778,2.000000000000001,2.9999999999999947
1779,2.000000000000002,2.999999999999995
1780,2.000000000000001,2.9999999999999947
1781,2.000000000000002,2.999999999999995
1782,2.000000000000001,2.9999999999999947
1783,2.000000000000002,2.999999999999995
1784,2.000000000000001,2.9999999999999947
1785,2.000000000000002,2.999999999999995
1786,2.000000000000001,2.9999999999999947
1787,2.000000000000002,2.999999999999995
1788,2.000000000000001,2.9999999999999947
1789,2.000000000000002,2.999999999999995
1790,2.000000000000001,2.9999999999999947
1791,2.000000000000002,2.999999999999995
1792,2.000000000000001,2.9999999999999947
1793,2.000000000000002,2.999999999999995
1794,2.000000000000001,2.9999999999999947
1795,2.000000000000002,2.999999999999995
1796,2.000000000000001,2.9999999999999947
1797,2.000000000000002,2.999999999999995
1798,2.000000000000001,2.9999999999999947
1799,2.000000000000002,2.999999999999995
1800,2.000000000000001,2.9999999999999947
1801,2.000000000000002,2.999999999999995
1802,2.000000000000001,2.9999999999999947
1803,2.000000000000002,2.999999999999995
1804,2.000000000000001,2.9999999999999947
1805,2.000000000000002,2.999999999999995
1806,2.000000000000001,2.9999999999999947
1807,2.000000000000002,2.999999999999995
1808,2.000000000000001,2.9999999999999947
1809,2.000000000000002,2.999999999999995
1810,2.000000000000001,2.9999999999999947
1811,2.000000000000002,2.999999999999995
1812,2.000000000000001,2.9999999999999947
1813,2.000000000000002,2.999999999999995
1814,2.000000000000001,2.9999999999999947
1815,2.000000000000002,2.999999999999995
1816,2.000000000000001,2.9999999999999947
1817,2.000000000000002,2.999999999999995
1818,2.000000000000001,2.9999999999999947
1819,2.000000000000002,2.999999999999995
1820,2.000000000000001,2.9999999999999947
1821,2.000000000000002,2.999999999999995
1822,2.000000000000001,2.9999999999999947
1823,2.000000000000002,2.999999999999995
1824,2.000000000000001,2.9999999999999947
1825,2.000000000000002,2.999999999999995
1826,2.000000000000001,2.9999999999999947
1827,2.000000000000002,2.999999999999995
1828,2.000000000000001,2.9999999999999947
1829,2.000000000000002,2.999999999999995
1830,2.000000000000001,2.9999999999999947
1831,2.000000000000002,2.999999999999995
1832,2.000000000000001,2.9999999999999947
1833,2.000000000000002,2.999999999999995
1834,2.000000000000001,2.9999999999999947
1835,2.000000000000002,2.999999999999995
1836,2.000000000000001,2.9999999999999947
1837,2.000000000000002,2.999999999999995
1838,2.000000000000001,2.9999999999999947
1839,2.000000000000002,2.999999999999995
1840,2.000000000000001,2.9999999999999947
1841,2.000000000000002,2.999999999999995
1842,2.000000000000001,2.9999999999999947
1843,2.000000000000002,2.999999999999995
1844,2.000000000000001,2.9999999999999947
1845,2.000000000000002,2.999999999999995
1846,2.000000000000001,2.9999999999999947
1847,2.000000000000002,2.999999999999995
1848,2.000000000000001,2.9999999999999947
1849,2.000000000000002,2.999999999999995
1850,2.000000000000001,2.9999999999999947
1851,2.000000000000002,2.999999999999995
1852,2.000000000000001,2.9999999999999947
1853,2.000000000000002,2.999999999999995
1854,2.000000000000001,2.9999999999999947
1855,2.000000000000002,2.999999999999995
1856,2.000000000000001,2.9999999999999947
1857,2.000000000000002,2.999999999999995
1858,2.000000000000001,2.9999999999999947
1859,2.000000000000002,2.999999999999995
1860,2.000000000000001,2.9999999999999947
1861,2.000000000000002,2.999999999999995
1862,2.000000000000001,2.9999999999999947
1863,2.000000000000002,2.999999999999995
1864,2.000000000000001,2.9999999999999947
1865,2.000000000000002,2.999999999999995
1866,2.000000000000001,2.9999999999999947
1867,2.000000000000002,2.999999999999995
1868,2.000000000000001,2.9999999999999947
1869,2.000000000000002,2.999999999999995
1870,2.000000000000001,2.9999999999999947
1871,2.000000000000002,2.999999999999995
1872,2.000000000000001,2.9999999999999947
1873,2.000000000000002,2.999999999999995
1874,2.000000000000001,2.9999999999999947
1875,2.000000000000002,2.999999999999995
1876,2.000000000000001,2.9999999999999947
1877,2.000000000000002,2.999999999999995
1878,2.000000000000001,2.9999999999999947
1879,2.000000000000002,2.999999999999995
1880,2.000000000000001,2.9999999999999947
1881,2.000000000000002,2.999999999999995
1882,2.000000000000001,2.9999999999999947
1883,2.000000000000002,2.999999999999995
1884,2.000000000000001,2.9999999999999947
1885,2.000000000000002,2.999999999999995
1886,2.000000000000001,2.9999999999999947
1887,2.000000000000002,2.999999999999995
1888,2.000000000000001,2.9999999999999947
1889,2.000000000000002,2.999999999999995
1890,2.000000000000001,2.9999999999999947
1891,2.000000000000002,2.999999999999995
1892,2.000000000000001,2.9999999999999947
1893,2.000000000000002,2.999999999999995
1894,2.000000000000001,2.9999999999999947
1895,2.000000000000002,2.999999999999995
1896,2.000000000000001,2.9999999999999947
1897,2.000000000000002,2.999999999999995
1898,2.000000000000001,2.9999999999999947
1899,2.000000000000002,2.999999999999995
1900,2.000000000000001,2.9999999999999947
1901,2.000000000000002,2.999999999999995
1902,2.000000000000001,2.9999999999999947
1903,2.000000000000002,2.999999999999995
1904,2.000000000000001,2.9999999999999947
1905,2.000000000000002,2.999999999999995
1906,2.000000000000001,2.9999999999999947
1907,2.000000000000002,2.999999999999995
1908,2.000000000000001,2.9999999999999947
1909,2.000000000000002,2.999999999999995
1910,2.000000000000001,2.9999999999999947
1911,2.000000000000002,2.999999999999995
1912,2.000000000000001,2.9999999999999947
1913,2.000000000000002,2.999999999999995
1914,2.000000000000001,2.9999999999999947
1915,2.000000000000002,2.999999999999995
1916,2.000000000000001,2.9999999999999947
1917,2.000000000000002,2.999999999999995
1918,2.000000000000001,2.9999999999999947
1919,2.000000000000002,2.999999999999995
1920,2.000000000000001,2.9999999999999947
1921,2.000000000000002,2.999999999999995
1922,2.000000000000001,2.9999999999999947
1923,2.000000000000002,2.999999999999995
1924,2.000000000000001,2.9999999999999947
1925,2.000000000000002,2.999999999999995
1926,2.000000000000001,2.9999999999999947
1927,2.000000000000002,2.999999999999995
1928,2.000000000000001,2.9999999999999947
1929,2.000000000000002,2.999999999999995
1930,2.000000000000001,2.9999999999999947
1931,2.000000000000002,2.999999999999995
1932,2.000000000000001,2.9999999999999947
1933,2.000000000000002,2.999999999999995
1934,2.000000000000001,2.9999999999999947
1935,2.000000000000002,2.999999999999995
1936,2.000000000000001,2.9999999999999947
1937,2.000000000000002,2.999999999999995
1938,2.000000000000001,2.9999999999999947
1939,2.000000000000002,2.999999999999995
1940,2.000000000000001,2.9999999999999947
1941,2.000000000000002,2.999999999999995
1942,2.000000000000001,2.9999999999999947
1943,2.000000000000002,2.999999999999995
1944,2.000000000000001,2.9999999999999947
1945,2.000000000000002,2.999999999999995
1946,2.000000000000001,2.9999999999999947
1947,2.000000000000002,2.999999999999995
1948,2.000000000000001,2.9999999999999947
1949,2.000000000000002,2.999999999999995
1950,2.000000000000001,2.9999999999999947
1951,2.000000000000002,2.999999999999995
1952,2.000000000000001,2.9999999999999947
1953,2.000000000000002,2.999999999999995
1954,2.000000000000001,2.9999999999999947
1955,2.000000000000002,2.999999999999995
1956,2.000000000000001,2.9999999999999947
1957,2.000000000000002,2.999999999999995
1958,2.000000000000001,2.9999999999999947
1959,2.000000000000002,2.999999999999995
1960,2.000000000000001,2.9999999999999947
1961,2.000000000000002,2.999999999999995
1962,2.000000000000001,2.9999999999999947
1963,2.000000000000002,2.999999999999995
1964,2.000000000000001,2.9999999999999947
1965,2.000000000000002,2.999999999999995
1966,2.000000000000001,2.9999999999999947
1967,2.000000000000002,2.999999999999995
1968,2.000000000000001,2.9999999999999947
1969,2.000000000000002,2.999999999999995
1970,2.000000000000001,2.9999999999999947
1971,2.000000000000002,2.999999999999995
1972,2.000000000000001,2.9999999999999947
1973,2.000000000000002,2.999999999999995
1974,2.000000000000001,2.9999999999999947
1975,2.000000000000002,2.999999999999995
1976,2.000000000000001,2.9999999999999947
1977,2.000000000000002,2.999999999999995
1978,2.000000000000001,2.9999999999999947
1979,2.000000000000002,2.999999999999995
1980,2.000000000000001,2.9999999999999947
1981,2.000000000000002,2.999999999999995
1982,2.000000000000001,2.9999999999999947
1983,2.000000000000002,2.999999999999995
1984,2.000000000000001,2.9999999999999947
1985,2.000000000000002,2.999999999999995
1986,2.000000000000001,2.9999999999999947
1987,2.000000000000002,2.999999999999995
1988,2.000000000000001,2.9999999999999947
1989,2.000000000000002,2.999999999999995
1990,2.000000000000001,2.9999999999999947
1991,2.000000000000002,2.999999999999995
1992,2.000000000000001,2.9999999999999947
1993,2.000000000000002,2.999999999999995
1994,2.000000000000001,2.9999999999999947
1995,2.000000000000002,2.999999999999995
1996,2.000000000000001,2.9999999999999947
1997,2.000000000000002,2.999999999999995
1998,2.000000000000001,2.9999999999999947
1999,2.000000000000002,2.999999999999995
2000,2.000000000000001,2.9999999999999947
2001,2.000000000000002,2.999999999999995
2002,2.000000000000001,2.9999999999999947
2003,2.000000000000002,2.999999999999995
2004,2.000000000000001,2.9999999999999947
2005,2.000000000000002,2.999999999999995
2006,2.000000000000001,2.9999999999999947
2007,2.000000000000002,2.999999999999995
2008,2.000000000000001,2.9999999999999947
2009,2.000000000000002,2.999999999999995
2010,2.000000000000001,2.9999999999999947
2011,2.000000000000002,2.999999999999995
2012,2.000000000000001,2.9999999999999947
2013,2.000000000000002,2.999999999999995
2014,2.000000000000001,2.9999999999999947
2015,2.000000000000002,2.999999999999995
2016,2.000000000000001,2.9999999999999947
2017,2.000000000000002,2.999999999999995
2018,2.000000000000001,2.9999999999999947
2019,2.000000000000002,2.999999999999995
2020,2.000000000000001,2.9999999999999947
2021,2.000000000000002,2.999999999999995
2022,2.000000000000001,2.9999999999999947
2023,2.000000000000002,2.999999999999995
2024,2.000000000000001,2.9999999999999947
2025,2.000000000000002,2.999999999999995
2026,2.000000000000001,2.9999999999999947
2027,2.000000000000002,2.999999999999995
2028,2.000000000000001,2.9999999999999947
2029,2.000000000000002,2.999999999999995
2030,2.000000000000001,2.9999999999999947
2031,2.000000000000002,2.999999999999995
2032,2.000000000000001,2.9999999999999947
2033,2.000000000000002,2.999999999999995
2034,2.000000000000001,2.9999999999999947
2035,2.000000000000002,2.999999999999995
2036,2.000000000000001,2.9999999999999947
2037,2.000000000000002,2.999999999999995
2038,2.000000000000001,2.9999999999999947
2039,2.000000000000002,2.999999999999995
2040,2.000000000000001,2.9999999999999947
2041,2.000000000000002,2.999999999999995
2042,2.000000000000001,2.9999999999999947
2043,2.000000000000002,2.999999999999995
2044,2.000000000000001,2.9999999999999947
2045,2.000000000000002,2.999999999999995
2046,2.000000000000001,2.9999999999999947
2047,2.000000000000002,2.999999999999995
2048,2.000000000000001,2.9999999999999947
2049,2.000000000000002,2.999999999999995
2050,2.000000000000001,2.9999999999999947
2051,2.000000000000002,2.999999999999995
2052,2.000000000000001,2.9999999999999947
2053,2.000000000000002,2.999999999999995
2054,2.000000000000001,2.9999999999999947
2055,2.000000000000002,2.999999999999995
2056,2.000000000000001,2.9999999999999947
2057,2.000000000000002,2.999999999999995
2058,2.000000000000001,2.9999999999999947
2059,2.000000000000002,2.999999999999995
2060,2.000000000000001,2.9999999999999947
2061,2.000000000000002,2.999999999999995
2062,2.000000000000001,2.9999999999999947
2063,2.000000000000002,2.999999999999995
2064,2.000000000000001,2.9999999999999947
2065,2.000000000000002,2.999999999999995
2066,2.000000000000001,2.9999999999999947
2067,2.000000000000002,2.999999999999995
2068,2.000000000000001,2.9999999999999947
2069,2.000000000000002,2.999999999999995
2070,2.000000000000001,2.9999999999999947
2071,2.000000000000002,2.999999999999995
2072,2.000000000000001,2.9999999999999947
2073,2.000000000000002,2.999999999999995
2074,2.000000000000001,2.9999999999999947
2075,2.000000000000002,2.999999999999995
2076,2.000000000000001,2.9999999999999947
2077,2.000000000000002,2.999999999999995
2078,2.000000000000001,2.9999999999999947
2079,2.000000000000002,2.999999999999995
2080,2.000000000000001,2.9999999999999947
2081,2.000000000000002,2.999999999999995
2082,2.000000000000001,2.9999999999999947
2083,2.000000000000002,2.999999999999995
2084,2.000000000000001,2.9999999999999947
2085,2.000000000000002,2.999999999999995
2086,2.000000000000001,2.9999999999999947
2087,2.000000000000002,2.999999999999995
2088,2.000000000000001,2.9999999999999947
2089,2.000000000000002,2.999999999999995
2090,2.000000000000001,2.9999999999999947
2091,2.000000000000002,2.999999999999995
2092,2.000000000000001,2.9999999999999947
2093,2.000000000000002,2.999999999999995
2094,2.000000000000001,2.9999999999999947
2095,2.000000000000002,2.999999999999995
2096,2.000000000000001,2.9999999999999947
2097,2.000000000000002,2.999999999999995
2098,2.000000000000001,2.9999999999999947
2099,2.000000000000002,2.999999999999995
2100,2.000000000000001,2.9999999999999947
2101,2.000000000000002,2.999999999999995
2102,2.000000000000001,2.9999999999999947
2103,2.000000000000002,2.999999999999995
2104,2.000000000000001,2.9999999999999947
2105,2.000000000000002,2.999999999999995
2106,2.000000000000001,2.9999999999999947
2107,2.000000000000002,2.999999999999995
2108,2.000000000000001,2.9999999999999947
2109,2.000000000000002,2.999999999999995
2110,2.000000000000001,2.9999999999999947
2111,2.000000000000002,2.999999999999995
2112,2.000000000000001,2.9999999999999947
2113,2.000000000000002,2.999999999999995
2114,2.000000000000001,2.9999999999999947
2115,2.000000000000002,2.999999999999995
2116,2.000000000000001,2.9999999999999947
2117,2.000000000000002,2.999999999999995
2118,2.000000000000001,2.9999999999999947
2119,2.000000000000002,2.999999999999995
2120,2.000000000000001,2.9999999999999947
2121,2.000000000000002,2.999999999999995
2122,2.000000000000001,2.9999999999999947
2123,2.000000000000002,2.999999999999995
2124,2.000000000000001,2.9999999999999947
2125,2.000000000000002,2.999999999999995
2126,2.000000000000001,2.9999999999999947
2127,2.000000000000002,2.999999999999995
2128,2.000000000000001,2.9999999999999947
2129,2.000000000000002,2.999999999999995
2130,2.000000000000001,2.9999999999999947
2131,2.000000000000002,2.999999999999995
2132,2.000000000000001,2.9999999999999947
2133,2.000000000000002,2.999999999999995
2134,2.000000000000001,2.9999999999999947
2135,2.000000000000002,2.999999999999995
2136,2.000000000000001,2.9999999999999947
2137,2.000000000000002,2.999999999999995
2138,2.000000000000001,2.9999999999999947
2139,2.000000000000002,2.999999999999995
2140,2.000000000000001,2.9999999999999947
2141,2.000000000000002,2.999999999999995
2142,2.000000000000001,2.9999999999999947
2143,2.000000000000002,2.999999999999995
2144,2.000000000000001,2.9999999999999947
2145,2.000000000000002,2.999999999999995
2146,2.000000000000001,2.9999999999999947
2147,2.000000000000002,2.999999999999995
2148,2.000000000000001,2.9999999999999947
2149,2.000000000000002,2.999999999999995
2150,2.000000000000001,2.9999999999999947
2151,2.000000000000002,2.999999999999995
2152,2.000000000000001,2.9999999999999947
2153,2.000000000000002,2.999999999999995
2154,2.000000000000001,2.9999999999999947
2155,2.000000000000002,2.999999999999995
2156,2.000000000000001,2.9999999999999947
2157,2.000000000000002,2.999999999999995
2158,2.000000000000001,2.9999999999999947
2159,2.000000000000002,2.999999999999995
2160,2.000000000000001,2.9999999999999947
2161,2.000000000000002,2.999999999999995
2162,2.000000000000001,2.9999999999999947
2163,2.000000000000002,2.999999999999995
2164,2.000000000000001,2.9999999999999947
2165,2.000000000000002,2.999999999999995
2166,2.000000000000001,2.9999999999999947
2167,2.000000000000002,2.999999999999995
2168,2.000000000000001,2.9999999999999947
2169,2.000000000000002,2.999999999999995
2170,2.000000000000001,2.9999999999999947
2171,2.000000000000002,2.999999999999995
2172,2.000000000000001,2.9999999999999947
2173,2.000000000000002,2.999999999999995
2174,2.000000000000001,2.9999999999999947
2175,2.000000000000002,2.999999999999995
2176,2.000000000000001,2.9999999999999947
2177,2.000000000000002,2.999999999999995
2178,2.000000000000001,2.9999999999999947
2179,2.000000000000002,2.999999999999995
2180,2.000000000000001,2.9999999999999947
2181,2.000000000000002,2.999999999999995
2182,2.000000000000001,2.9999999999999947
2183,2.000000000000002,2.999999999999995
2184,2.000000000000001,2.9999999999999947
2185,2.000000000000002,2.999999999999995
2186,2.000000000000001,2.9999999999999947
2187,2.000000000000002,2.999999999999995
2188,2.000000000000001,2.9999999999999947
2189,2.000000000000002,2.999999999999995
2190,2.000000000000001,2.9999999999999947
2191,2.000000000000002,2.999999999999995
2192,2.000000000000001,2.9999999999999947
2193,2.000000000000002,2.999999999999995
2194,2.000000000000001,2.9999999999999947
2195,2.000000000000002,2.999999999999995
2196,2.000000000000001,2.9999999999999947
2197,2.000000000000002,2.999999999999995
2198,2.000000000000001,2.9999999999999947
2199,2.000000000000002,2.999999999999995
2200,2.000000000000001,2.9999999999999947
2201,2.000000000000002,2.999999999999995
2202,2.000000000000001,2.9999999999999947
2203,2.000000000000002,2.999999999999995
2204,2.000000000000001,2.9999999999999947
2205,2.000000000000002,2.999999999999995
2206,2.000000000000001,2.9999999999999947
2207,2.000000000000002,2.999999999999995
2208,2.000000000000001,2.9999999999999947
2209,2.000000000000002,2.999999999999995
2210,2.000000000000001,2.9999999999999947
2211,2.000000000000002,2.999999999999995
2212,2.000000000000001,2.9999999999999947
2213,2.000000000000002,2.999999999999995
2214,2.000000000000001,2.9999999999999947
2215,2.000000000000002,2.999999999999995
2216,2.000000000000001,2.9999999999999947
2217,2.000000000000002,2.999999999999995
2218,2.000000000000001,2.9999999999999947
2219,2.000000000000002,2.999999999999995
2220,2.000000000000001,2.9999999999999947
2221,2.000000000000002,2.999999999999995
2222,2.000000000000001,2.9999999999999947
2223,2.000000000000002,2.999999999999995
2224,2.000000000000001,2.9999999999999947
2225,2.000000000000002,2.999999999999995
2226,2.000000000000001,2.9999999999999947
2227,2.000000000000002,2.999999999999995
2228,2.000000000000001,2.9999999999999947
2229,2.000000000000002,2.999999999999995
2230,2.000000000000001,2.9999999999999947
2231,2.000000000000002,2.999999999999995
2232,2.000000000000001,2.9999999999999947
2233,2.000000000000002,2.999999999999995
2234,2.000000000000001,2.9999999999999947
2235,2.000000000000002,2.999999999999995
2236,2.000000000000001,2.9999999999999947
2237,2.000000000000002,2.999999999999995
2238,2.000000000000001,2.9999999999999947
2239,2.000000000000002,2.999999999999995
2240,2.000000000000001,2.9999999999999947
2241,2.000000000000002,2.999999999999995
2242,2.000000000000001,2.9999999999999947
2243,2.000000000000002,2.999999999999995
2244,2.000000000000001,2.9999999999999947
2245,2.000000000000002,2.999999999999995
2246,2.000000000000001,2.9999999999999947
2247,2.000000000000002,2.999999999999995
2248,2.000000000000001,2.9999999999999947
2249,2.000000000000002,2.999999999999995
2250,2.000000000000001,2.9999999999999947
2251,2.000000000000002,2.999999999999995
2252,2.000000000000001,2.9999999999999947
2253,2.000000000000002,2.999999999999995
2254,2.000000000000001,2.9999999999999947
2255,2.000000000000002,2.999999999999995
2256,2.000000000000001,2.9999999999999947
2257,2.000000000000002,2.999999999999995
2258,2.000000000000001,2.9999999999999947
2259,2.000000000000002,2.999999999999995
2260,2.000000000000001,2.9999999999999947
2261,2.000000000000002,2.999999999999995
2262,2.000000000000001,2.9999999999999947
2263,2.000000000000002,2.999999999999995
2264,2.000000000000001,2.9999999999999947
2265,2.000000000000002,2.999999999999995
2266,2.000000000000001,2.9999999999999947
2267,2.000000000000002,2.999999999999995
2268,2.000000000000001,2.9999999999999947
2269,2.000000000000002,2.999999999999995
2270,2.000000000000001,2.9999999999999947
2271,2.000000000000002,2.999999999999995
2272,2.000000000000001,2.9999999999999947
2273,2.000000000000002,2.999999999999995
2274,2.000000000000001,2.9999999999999947
2275,2.000000000000002,2.999999999999995
2276,2.000000000000001,2.9999999999999947
2277,2.000000000000002,2.999999999999995
2278,2.000000000000001,2.9999999999999947
2279,2.000000000000002,2.999999999999995
2280,2.000000000000001,2.9999999999999947
2281,2.000000000000002,2.999999999999995
2282,2.000000000000001,2.9999999999999947
2283,2.000000000000002,2.999999999999995
2284,2.000000000000001,2.9999999999999947
2285,2.000000000000002,2.999999999999995
2286,2.000000000000001,2.9999999999999947
2287,2.000000000000002,2.999999999999995
2288,2.000000000000001,2.9999999999999947
2289,2.000000000000002,2.999999999999995
2290,2.000000000000001,2.9999999999999947
2291,2.000000000000002,2.999999999999995
2292,2.000000000000001,2.9999999999999947
2293,2.000000000000002,2.999999999999995
2294,2.000000000000001,2.9999999999999947
2295,2.000000000000002,2.999999999999995
2296,2.000000000000001,2.9999999999999947
2297,2.000000000000002,2.999999999999995
2298,2.000000000000001,2.9999999999999947
2299,2.000000000000002,2.999999999999995
2300,2.000000000000001,2.9999999999999947
2301,2.000000000000002,2.999999999999995
2302,2.000000000000001,2.9999999999999947
2303,2.000000000000002,2.999999999999995
2304,2.000000000000001,2.9999999999999947
2305,2.000000000000002,2.999999999999995
2306,2.000000000000001,2.9999999999999947
2307,2.000000000000002,2.999999999999995
2308,2.000000000000001,2.9999999999999947
2309,2.000000000000002,2.999999999999995
2310,2.000000000000001,2.9999999999999947
2311,2.000000000000002,2.999999999999995
2312,2.000000000000001,2.9999999999999947
2313,2.000000000000002,2.999999999999995
2314,2.000000000000001,2.9999999999999947
2315,2.000000000000002,2.999999999999995
2316,2.000000000000001,2.9999999999999947
2317,2.000000000000002,2.999999999999995
2318,2.000000000000001,2.9999999999999947
2319,2.000000000000002,2.999999999999995
2320,2.000000000000001,2.9999999999999947
2321,2.000000000000002,2.999999999999995
2322,2.000000000000001,2.9999999999999947
2323,2.000000000000002,2.999999999999995
2324,2.000000000000001,2.9999999999999947
2325,2.000000000000002,2.999999999999995
2326,2.000000000000001,2.9999999999999947
2327,2.000000000000002,2.999999999999995
2328,2.000000000000001,2.9999999999999947
2329,2.000000000000002,2.999999999999995
2330,2.000000000000001,2.9999999999999947
2331,2.000000000000002,2.999999999999995
2332,2.000000000000001,2.9999999999999947
2333,2.000000000000002,2.999999999999995
2334,2.000000000000001,2.9999999999999947
2335,2.000000000000002,2.999999999999995
2336,2.000000000000001,2.9999999999999947
2337,2.000000000000002,2.999999999999995
2338,2.000000000000001,2.9999999999999947
2339,2.000000000000002,2.999999999999995
2340,2.000000000000001,2.9999999999999947
2341,2.000000000000002,2.999999999999995
2342,2.000000000000001,2.9999999999999947
2343,2.000000000000002,2.999999999999995
2344,2.000000000000001,2.9999999999999947
2345,2.000000000000002,2.999999999999995
2346,2.000000000000001,2.9999999999999947
2347,2.000000000000002,2.999999999999995
2348,2.000000000000001,2.9999999999999947
2349,2.000000000000002,2.999999999999995
2350,2.000000000000001,2.9999999999999947
2351,2.000000000000002,2.999999999999995
2352,2.000000000000001,2.9999999999999947
2353,2.000000000000002,2.999999999999995
2354,2.000000000000001,2.9999999999999947
2355,2.000000000000002,2.999999999999995
2356,2.000000000000001,2.9999999999999947
2357,2.000000000000002,2.999999999999995
2358,2.000000000000001,2.9999999999999947
2359,2.000000000000002,2.999999999999995
2360,2.000000000000001,2.9999999999999947
2361,2.000000000000002,2.999999999999995
2362,2.000000000000001,2.9999999999999947
2363,2.000000000000002,2.999999999999995
2364,2.000000000000001,2.9999999999999947
2365,2.000000000000002,2.999999999999995
2366,2.000000000000001,2.9999999999999947
2367,2.000000000000002,2.999999999999995
2368,2.000000000000001,2.9999999999999947
2369,2.000000000000002,2.999999999999995
2370,2.000000000000001,2.9999999999999947
2371,2.000000000000002,2.999999999999995
2372,2.000000000000001,2.9999999999999947
2373,2.000000000000002,2.999999999999995
2374,2.000000000000001,2.9999999999999947
2375,2.000000000000002,2.999999999999995
2376,2.000000000000001,2.9999999999999947
2377,2.000000000000002,2.999999999999995
2378,2.000000000000001,2.9999999999999947
2379,2.000000000000002,2.999999999999995
2380,2.000000000000001,2.9999999999999947
2381,2.000000000000002,2.999999999999995
2382,2.000000000000001,2.9999999999999947
2383,2.000000000000002,2.999999999999995
2384,2.000000000000001,2.9999999999999947
2385,2.000000000000002,2.999999999999995
2386,2.000000000000001,2.9999999999999947
2387,2.000000000000002,2.999999999999995
2388,2.000000000000001,2.9999999999999947
2389,2.000000000000002,2.999999999999995
2390,2.000000000000001,2.9999999999999947
2391,2.000000000000002,2.999999999999995
2392,2.000000000000001,2.9999999999999947
2393,2.000000000000002,2.999999999999995
2394,2.000000000000001,2.9999999999999947
2395,2.000000000000002,2.999999999999995
2396,2.000000000000001,2.9999999999999947
2397,2.000000000000002,2.999999999999995
2398,2.000000000000001,2.9999999999999947
2399,2.000000000000002,2.999999999999995
2400,2.000000000000001,2.9999999999999947
2401,2.000000000000002,2.999999999999995
2402,2.000000000000001,2.9999999999999947
2403,2.000000000000002,2.999999999999995
2404,2.000000000000001,2.9999999999999947
2405,2.000000000000002,2.999999999999995
2406,2.000000000000001,2.9999999999999947
2407,2.000000000000002,2.999999999999995
2408,2.000000000000001,2.9999999999999947
2409,2.000000000000002,2.999999999999995
2410,2.000000000000001,2.9999999999999947
2411,2.000000000000002,2.999999999999995
2412,2.000000000000001,2.9999999999999947
2413,2.000000000000002,2.999999999999995
2414,2.000000000000001,2.9999999999999947
2415,2.000000000000002,2.999999999999995
2416,2.000000000000001,2.9999999999999947
2417,2.000000000000002,2.999999999999995
2418,2.000000000000001,2.9999999999999947
2419,2.000000000000002,2.999999999999995
2420,2.000000000000001,2.9999999999999947
2421,2.000000000000002,2.999999999999995
2422,2.000000000000001,2.9999999999999947
2423,2.000000000000002,2.999999999999995
2424,2.000000000000001,2.9999999999999947
2425,2.000000000000002,2.999999999999995
2426,2.000000000000001,2.9999999999999947
2427,2.000000000000002,2.999999999999995
2428,2.000000000000001,2.9999999999999947
2429,2.000000000000002,2.999999999999995
2430,2.000000000000001,2.9999999999999947
2431,2.000000000000002,2.999999999999995
2432,2.000000000000001,2.9999999999999947
2433,2.000000000000002,2.999999999999995
2434,2.000000000000001,2.9999999999999947
2435,2.000000000000002,2.999999999999995
2436,2.000000000000001,2.9999999999999947
2437,2.000000000000002,2.999999999999995
2438,2.000000000000001,2.9999999999999947
2439,2.000000000000002,2.999999999999995
2440,2.000000000000001,2.9999999999999947
2441,2.000000000000002,2.999999999999995
2442,2.000000000000001,2.9999999999999947
2443,2.000000000000002,2.999999999999995
2444,2.000000000000001,2.9999999999999947
2445,2.000000000000002,2.999999999999995
2446,2.000000000000001,2.9999999999999947
2447,2.000000000000002,2.999999999999995
2448,2.000000000000001,2.9999999999999947
2449,2.000000000000002,2.999999999999995
2450,2.000000000000001,2.9999999999999947
2451,2.000000000000002,2.999999999999995
2452,2.000000000000001,2.9999999999999947
2453,2.000000000000002,2.999999999999995
2454,2.000000000000001,2.9999999999999947
2455,2.000000000000002,2.999999999999995
2456,2.000000000000001,2.9999999999999947
2457,2.000000000000002,2.999999999999995
2458,2.000000000000001,2.9999999999999947
2459,2.000000000000002,2.999999999999995
2460,2.000000000000001,2.9999999999999947
2461,2.000000000000002,2.999999999999995
2462,2.000000000000001,2.9999999999999947
2463,2.000000000000002,2.999999999999995
2464,2.000000000000001,2.9999999999999947
2465,2.000000000000002,2.999999999999995
2466,2.000000000000001,2.9999999999999947
2467,2.000000000000002,2.999999999999995
2468,2.000000000000001,2.9999999999999947
2469,2.000000000000002,2.999999999999995
2470,2.000000000000001,2.9999999999999947
2471,2.000000000000002,2.999999999999995
2472,2.000000000000001,2.9999999999999947
2473,2.000000000000002,2.999999999999995
2474,2.000000000000001,2.9999999999999947
2475,2.000000000000002,2.999999999999995
2476,2.000000000000001,2.9999999999999947
2477,2.000000000000002,2.999999999999995
2478,2.000000000000001,2.9999999999999947
2479,2.000000000000002,2.999999999999995
2480,2.000000000000001,2.9999999999999947
2481,2.000000000000002,2.999999999999995
2482,2.000000000000001,2.9999999999999947
2483,2.000000000000002,2.999999999999995
2484,2.000000000000001,2.9999999999999947
2485,2.000000000000002,2.999999999999995
2486,2.000000000000001,2.9999999999999947
2487,2.000000000000002,2.999999999999995
2488,2.000000000000001,2.9999999999999947
2489,2.000000000000002,2.999999999999995
2490,2.000000000000001,2.9999999999999947
2491,2.000000000000002,2.999999999999995
2492,2.000000000000001,2.9999999999999947
2493,2.000000000000002,2.999999999999995
2494,2.000000000000001,2.9999999999999947
2495,2.000000000000002,2.999999999999995
2496,2.000000000000001,2.9999999999999947
2497,2.000000000000002,2.999999999999995
2498,2.000000000000001,2.9999999999999947
2499,2.000000000000002,2.999999999999995
2500,2.000000000000001,2.9999999999999947
2501,2.000000000000002,2.999999999999995
2502,2.000000000000001,2.9999999999999947
2503,2.000000000000002,2.999999999999995
2504,2.000000000000001,2.9999999999999947
2505,2.000000000000002,2.999999999999995
2506,2.000000000000001,2.9999999999999947
2507,2.000000000000002,2.999999999999995
2508,2.000000000000001,2.9999999999999947
2509,2.000000000000002,2.999999999999995
2510,2.000000000000001,2.9999999999999947
2511,2.000000000000002,2.999999999999995
2512,2.000000000000001,2.9999999999999947
2513,2.000000000000002,2.999999999999995
2514,2.000000000000001,2.9999999999999947
2515,2.000000000000002,2.999999999999995
2516,2.000000000000001,2.9999999999999947
2517,2.000000000000002,2.999999999999995
2518,2.000000000000001,2.9999999999999947
2519,2.000000000000002,2.999999999999995
2520,2.000000000000001,2.9999999999999947
2521,2.000000000000002,2.999999999999995
2522,2.000000000000001,2.9999999999999947
2523,2.000000000000002,2.999999999999995
2524,2.000000000000001,2.9999999999999947
2525,2.000000000000002,2.999999999999995
2526,2.000000000000001,2.9999999999999947
2527,2.000000000000002,2.999999999999995
2528,2.000000000000001,2.9999999999999947
2529,2.000000000000002,2.999999999999995
2530,2.000000000000001,2.9999999999999947
2531,2.000000000000002,2.999999999999995
2532,2.000000000000001,2.9999999999999947
2533,2.000000000000002,2.999999999999995
2534,2.000000000000001,2.9999999999999947
2535,2.000000000000002,2.999999999999995
2536,2.000000000000001,2.9999999999999947
2537,2.000000000000002,2.999999999999995
2538,2.000000000000001,2.9999999999999947
2539,2.000000000000002,2.999999999999995
2540,2.000000000000001,2.9999999999999947
2541,2.000000000000002,2.999999999999995
2542,2.000000000000001,2.9999999999999947
2543,2.000000000000002,2.999999999999995
2544,2.000000000000001,2.9999999999999947
2545,2.000000000000002,2.999999999999995
2546,2.000000000000001,2.9999999999999947
2547,2.000000000000002,2.999999999999995
2548,2.000000000000001,2.9999999999999947
2549,2.000000000000002,2.999999999999995
2550,2.000000000000001,2.9999999999999947
2551,2.000000000000002,2.999999999999995
2552,2.000000000000001,2.9999999999999947
2553,2.000000000000002,2.999999999999995
2554,2.000000000000001,2.9999999999999947
2555,2.000000000000002,2.999999999999995
2556,2.000000000000001,2.9999999999999947
2557,2.000000000000002,2.999999999999995
2558,2.000000000000001,2.9999999999999947
2559,2.000000000000002,2.999999999999995
2560,2.000000000000001,2.9999999999999947
2561,2.000000000000002,2.999999999999995
2562,2.000000000000001,2.9999999999999947
2563,2.000000000000002,2.999999999999995
2564,2.000000000000001,2.9999999999999947
2565,2.000000000000002,2.999999999999995
2566,2.000000000000001,2.9999999999999947
2567,2.000000000000002,2.999999999999995
2568,2.000000000000001,2.9999999999999947
2569,2.000000000000002,2.999999999999995
2570,2.000000000000001,2.9999999999999947
2571,2.000000000000002,2.999999999999995
2572,2.000000000000001,2.9999999999999947
2573,2.000000000000002,2.999999999999995
2574,2.000000000000001,2.9999999999999947
2575,2.000000000000002,2.999999999999995
2576,2.000000000000001,2.9999999999999947
2577,2.000000000000002,2.999999999999995
2578,2.000000000000001,2.9999999999999947
2579,2.000000000000002,2.999999999999995
2580,2.000000000000001,2.9999999999999947
2581,2.000000000000002,2.999999999999995
2582,2.000000000000001,2.9999999999999947
2583,2.000000000000002,2.999999999999995
2584,2.000000000000001,2.9999999999999947
2585,2.000000000000002,2.999999999999995
2586,2.000000000000001,2.9999999999999947
2587,2.000000000000002,2.999999999999995
2588,2.000000000000001,2.9999999999999947
2589,2.000000000000002,2.999999999999995
2590,2.000000000000001,2.9999999999999947
2591,2.000000000000002,2.999999999999995
2592,2.000000000000001,2.9999999999999947
2593,2.000000000000002,2.999999999999995
2594,2.000000000000001,2.9999999999999947
2595,2.000000000000002,2.999999999999995
2596,2.000000000000001,2.9999999999999947
2597,2.000000000000002,2.999999999999995
2598,2.000000000000001,2.9999999999999947
2599,2.000000000000002,2.999999999999995
2600,2.000000000000001,2.9999999999999947
2601,2.000000000000002,2.999999999999995
2602,2.000000000000001,2.9999999999999947
2603,2.000000000000002,2.999999999999995
2604,2.000000000000001,2.9999999999999947
2605,2.000000000000002,2.999999999999995
2606,2.000000000000001,2.9999999999999947
2607,2.000000000000002,2.999999999999995
2608,2.000000000000001,2.9999999999999947
2609,2.000000000000002,2.999999999999995
2610,2.000000000000001,2.9999999999999947
2611,2.000000000000002,2.999999999999995
2612,2.000000000000001,2.9999999999999947
2613,2.000000000000002,2.999999999999995
2614,2.000000000000001,2.9999999999999947
2615,2.000000000000002,2.999999999999995
2616,2.000000000000001,2.9999999999999947
2617,2.000000000000002,2.999999999999995
2618,2.000000000000001,2.9999999999999947
2619,2.000000000000002,2.999999999999995
2620,2.000000000000001,2.9999999999999947
2621,2.000000000000002,2.999999999999995
2622,2.000000000000001,2.9999999999999947
2623,2.000000000000002,2.999999999999995
2624,2.000000000000001,2.9999999999999947
2625,2.000000000000002,2.999999999999995
2626,2.000000000000001,2.9999999999999947
2627,2.000000000000002,2.999999999999995
2628,2.000000000000001,2.9999999999999947
2629,2.000000000000002,2.999999999999995
2630,2.000000000000001,2.9999999999999947
2631,2.000000000000002,2.999999999999995
2632,2.000000000000001,2.9999999999999947
2633,2.000000000000002,2.999999999999995
2634,2.000000000000001,2.9999999999999947
2635,2.000000000000002,2.999999999999995
2636,2.000000000000001,2.9999999999999947
2637,2.000000000000002,2.999999999999995
2638,2.000000000000001,2.9999999999999947
2639,2.000000000000002,2.999999999999995
2640,2.000000000000001,2.9999999999999947
2641,2.000000000000002,2.999999999999995
2642,2.000000000000001,2.9999999999999947
2643,2.000000000000002,2.999999999999995
2644,2.000000000000001,2.9999999999999947
2645,2.000000000000002,2.999999999999995
2646,2.000000000000001,2.9999999999999947
2647,2.000000000000002,2.999999999999995
2648,2.000000000000001,2.9999999999999947
2649,2.000000000000002,2.999999999999995
2650,2.000000000000001,2.9999999999999947
2651,2.000000000000002,2.999999999999995
2652,2.000000000000001,2.9999999999999947
2653,2.000000000000002,2.999999999999995
2654,2.000000000000001,2.9999999999999947
2655,2.000000000000002,2.999999999999995
2656,2.000000000000001,2.9999999999999947
2657,2.000000000000002,2.999999999999995
2658,2.000000000000001,2.9999999999999947
2659,2.000000000000002,2.999999999999995
2660,2.000000000000001,2.9999999999999947
2661,2.000000000000002,2.999999999999995
2662,2.000000000000001,2.9999999999999947
2663,2.000000000000002,2.999999999999995
2664,2.000000000000001,2.9999999999999947
2665,2.000000000000002,2.999999999999995
2666,2.000000000000001,2.9999999999999947
2667,2.000000000000002,2.999999999999995
2668,2.000000000000001,2.9999999999999947
2669,2.000000000000002,2.999999999999995
2670,2.000000000000001,2.9999999999999947
2671,2.000000000000002,2.999999999999995
2672,2.000000000000001,2.9999999999999947
2673,2.000000000000002,2.999999999999995
2674,2.000000000000001,2.9999999999999947
2675,2.000000000000002,2.999999999999995
2676,2.000000000000001,2.9999999999999947
2677,2.000000000000002,2.999999999999995
2678,2.000000000000001,2.9999999999999947
2679,2.000000000000002,2.999999999999995
2680,2.000000000000001,2.9999999999999947
2681,2.000000000000002,2.999999999999995
2682,2.000000000000001,2.9999999999999947
2683,2.000000000000002,2.999999999999995
2684,2.000000000000001,2.9999999999999947
2685,2.000000000000002,2.999999999999995
2686,2.000000000000001,2.9999999999999947
2687,2.000000000000002,2.999999999999995
2688,2.000000000000001,2.9999999999999947
2689,2.000000000000002,2.999999999999995
2690,2.000000000000001,2.9999999999999947
2691,2.000000000000002,2.999999999999995
2692,2.000000000000001,2.9999999999999947
2693,2.000000000000002,2.999999999999995
2694,2.000000000000001,2.9999999999999947
2695,2.000000000000002,2.999999999999995
2696,2.000000000000001,2.9999999999999947
2697,2.000000000000002,2.999999999999995
2698,2.000000000000001,2.9999999999999947
2699,2.000000000000002,2.999999999999995
2700,2.000000000000001,2.9999999999999947
2701,2.000000000000002,2.999999999999995
2702,2.000000000000001,2.9999999999999947
2703,2.000000000000002,2.999999999999995
2704,2.000000000000001,2.9999999999999947
2705,2.000000000000002,2.999999999999995
2706,2.000000000000001,2.9999999999999947
2707,2.000000000000002,2.999999999999995
2708,2.000000000000001,2.9999999999999947
2709,2.000000000000002,2.999999999999995
2710,2.000000000000001,2.9999999999999947
2711,2.000000000000002,2.999999999999995
2712,2.000000000000001,2.9999999999999947
2713,2.000000000000002,2.999999999999995
2714,2.000000000000001,2.9999999999999947
2715,2.000000000000002,2.999999999999995
2716,2.000000000000001,2.9999999999999947
2717,2.000000000000002,2.999999999999995
2718,2.000000000000001,2.9999999999999947
2719,2.000000000000002,2.999999999999995
2720,2.000000000000001,2.9999999999999947
2721,2.000000000000002,2.999999999999995
2722,2.000000000000001,2.9999999999999947
2723,2.000000000000002,2.999999999999995
2724,2.000000000000001,2.9999999999999947
2725,2.000000000000002,2.999999999999995
2726,2.000000000000001,2.9999999999999947
2727,2.000000000000002,2.999999999999995
2728,2.000000000000001,2.9999999999999947
2729,2.000000000000002,2.999999999999995
2730,2.000000000000001,2.9999999999999947
2731,2.000000000000002,2.999999999999995
2732,2.000000000000001,2.9999999999999947
2733,2.000000000000002,2.999999999999995
2734,2.000000000000001,2.9999999999999947
2735,2.000000000000002,2.999999999999995
2736,2.000000000000001,2.9999999999999947
2737,2.000000000000002,2.999999999999995
2738,2.000000000000001,2.9999999999999947
2739,2.000000000000002,2.999999999999995
2740,2.000000000000001,2.9999999999999947
2741,2.000000000000002,2.999999999999995
2742,2.000000000000001,2.9999999999999947
2743,2.000000000000002,2.999999999999995
2744,2.000000000000001,2.9999999999999947
2745,2.000000000000002,2.999999999999995
2746,2.000000000000001,2.9999999999999947
2747,2.000000000000002,2.999999999999995
2748,2.000000000000001,2.9999999999999947
2749,2.000000000000002,2.999999999999995
2750,2.000000000000001,2.9999999999999947
2751,2.000000000000002,2.999999999999995
2752,2.000000000000001,2.9999999999999947
2753,2.000000000000002,2.999999999999995
2754,2.000000000000001,2.9999999999999947
2755,2.000000000000002,2.999999999999995
2756,2.000000000000001,2.9999999999999947
2757,2.000000000000002,2.999999999999995
2758,2.000000000000001,2.9999999999999947
2759,2.000000000000002,2.999999999999995
2760,2.000000000000001,2.9999999999999947
2761,2.000000000000002,2.999999999999995
2762,2.000000000000001,2.9999999999999947
2763,2.000000000000002,2.999999999999995
2764,2.000000000000001,2.9999999999999947
2765,2.000000000000002,2.999999999999995
2766,2.000000000000001,2.9999999999999947
2767,2.000000000000002,2.999999999999995
2768,2.000000000000001,2.9999999999999947
2769,2.000000000000002,2.999999999999995
2770,2.000000000000001,2.9999999999999947
2771,2.000000000000002,2.999999999999995
2772,2.000000000000001,2.9999999999999947
2773,2.000000000000002,2.999999999999995
2774,2.000000000000001,2.9999999999999947
2775,2.000000000000002,2.999999999999995
2776,2.000000000000001,2.9999999999999947
2777,2.000000000000002,2.999999999999995
2778,2.000000000000001,2.9999999999999947
2779,2.000000000000002,2.999999999999995
2780,2.000000000000001,2.9999999999999947
2781,2.000000000000002,2.999999999999995
2782,2.000000000000001,2.9999999999999947
2783,2.000000000000002,2.999999999999995
2784,2.000000000000001,2.9999999999999947
2785,2.000000000000002,2.999999999999995
2786,2.000000000000001,2.9999999999999947
2787,2.000000000000002,2.999999999999995
2788,2.000000000000001,2.9999999999999947
2789,2.000000000000002,2.999999999999995
2790,2.000000000000001,2.9999999999999947
2791,2.000000000000002,2.999999999999995
2792,2.000000000000001,2.9999999999999947
2793,2.000000000000002,2.999999999999995
2794,2.000000000000001,2.9999999999999947
2795,2.000000000000002,2.999999999999995
2796,2.000000000000001,2.9999999999999947
2797,2.000000000000002,2.999999999999995
2798,2.000000000000001,2.9999999999999947
2799,2.000000000000002,2.999999999999995
2800,2.000000000000001,2.9999999999999947
2801,2.000000000000002,2.999999999999995
2802,2.000000000000001,2.9999999999999947
2803,2.000000000000002,2.999999999999995
2804,2.000000000000001,2.9999999999999947
2805,2.000000000000002,2.999999999999995
2806,2.000000000000001,2.9999999999999947
2807,2.000000000000002,2.999999999999995
2808,2.000000000000001,2.9999999999999947
2809,2.000000000000002,2.999999999999995
2810,2.000000000000001,2.9999999999999947
2811,2.000000000000002,2.999999999999995
2812,2.000000000000001,2.9999999999999947
2813,2.000000000000002,2.999999999999995
2814,2.000000000000001,2.9999999999999947
2815,2.000000000000002,2.999999999999995
2816,2.000000000000001,2.9999999999999947
2817,2.000000000000002,2.999999999999995
2818,2.000000000000001,2.9999999999999947
2819,2.000000000000002,2.999999999999995
2820,2.000000000000001,2.9999999999999947
2821,2.000000000000002,2.999999999999995
2822,2.000000000000001,2.9999999999999947
2823,2.000000000000002,2.999999999999995
2824,2.000000000000001,2.9999999999999947
2825,2.000000000000002,2.999999999999995
2826,2.000000000000001,2.9999999999999947
2827,2.000000000000002,2.999999999999995
2828,2.000000000000001,2.9999999999999947
2829,2.000000000000002,2.999999999999995
2830,2.000000000000001,2.9999999999999947
2831,2.000000000000002,2.999999999999995
2832,2.000000000000001,2.9999999999999947
2833,2.000000000000002,2.999999999999995
2834,2.000000000000001,2.9999999999999947
2835,2.000000000000002,2.999999999999995
2836,2.000000000000001,2.9999999999999947
2837,2.000000000000002,2.999999999999995
2838,2.000000000000001,2.9999999999999947
2839,2.000000000000002,2.999999999999995
2840,2.000000000000001,2.9999999999999947
2841,2.000000000000002,2.999999999999995
2842,2.000000000000001,2.9999999999999947
2843,2.000000000000002,2.999999999999995
2844,2.000000000000001,2.9999999999999947
2845,2.000000000000002,2.999999999999995
2846,2.000000000000001,2.9999999999999947
2847,2.000000000000002,2.999999999999995
2848,2.000000000000001,2.9999999999999947
2849,2.000000000000002,2.999999999999995
2850,2.000000000000001,2.9999999999999947
2851,2.000000000000002,2.999999999999995
2852,2.000000000000001,2.9999999999999947
2853,2.000000000000002,2.999999999999995
2854,2.000000000000001,2.9999999999999947
2855,2.000000000000002,2.999999999999995
2856,2.000000000000001,2.9999999999999947
2857,2.000000000000002,2.999999999999995
2858,2.000000000000001,2.9999999999999947
2859,2.000000000000002,2.999999999999995
2860,2.000000000000001,2.9999999999999947
2861,2.000000000000002,2.999999999999995
2862,2.000000000000001,2.9999999999999947
2863,2.000000000000002,2.999999999999995
2864,2.000000000000001,2.9999999999999947
2865,2.000000000000002,2.999999999999995
2866,2.000000000000001,2.9999999999999947
2867,2.000000000000002,2.999999999999995
2868,2.000000000000001,2.9999999999999947
2869,2.000000000000002,2.999999999999995
2870,2.000000000000001,2.9999999999999947
2871,2.000000000000002,2.999999999999995
2872,2.000000000000001,2.9999999999999947
2873,2.000000000000002,2.999999999999995
2874,2.000000000000001,2.9999999999999947
2875,2.000000000000002,2.999999999999995
2876,2.000000000000001,2.9999999999999947
2877,2.000000000000002,2.999999999999995
2878,2.000000000000001,2.9999999999999947
2879,2.000000000000002,2.999999999999995
2880,2.000000000000001,2.9999999999999947
2881,2.000000000000002,2.999999999999995
2882,2.000000000000001,2.9999999999999947
2883,2.000000000000002,2.999999999999995
2884,2.000000000000001,2.9999999999999947
2885,2.000000000000002,2.999999999999995
2886,2.000000000000001,2.9999999999999947
2887,2.000000000000002,2.999999999999995
2888,2.000000000000001,2.9999999999999947
2889,2.000000000000002,2.999999999999995
2890,2.000000000000001,2.9999999999999947
2891,2.000000000000002,2.999999999999995
2892,2.000000000000001,2.9999999999999947
2893,2.000000000000002,2.999999999999995
2894,2.000000000000001,2.9999999999999947
2895,2.000000000000002,2.999999999999995
2896,2.000000000000001,2.9999999999999947
2897,2.000000000000002,2.999999999999995
2898,2.000000000000001,2.9999999999999947
2899,2.000000000000002,2.999999999999995
2900,2.000000000000001,2.9999999999999947
2901,2.000000000000002,2.999999999999995
2902,2.000000000000001,2.9999999999999947
2903,2.000000000000002,2.999999999999995
2904,2.000000000000001,2.9999999999999947
2905,2.000000000000002,2.999999999999995
2906,2.000000000000001,2.9999999999999947
2907,2.000000000000002,2.999999999999995
2908,2.000000000000001,2.9999999999999947
2909,2.000000000000002,2.999999999999995
2910,2.000000000000001,2.9999999999999947
2911,2.000000000000002,2.999999999999995
2912,2.000000000000001,2.9999999999999947
2913,2.000000000000002,2.999999999999995
2914,2.000000000000001,2.9999999999999947
2915,2.000000000000002,2.999999999999995
2916,2.000000000000001,2.9999999999999947
2917,2.000000000000002,2.999999999999995
2918,2.000000000000001,2.9999999999999947
2919,2.000000000000002,2.999999999999995
2920,2.000000000000001,2.9999999999999947
2921,2.000000000000002,2.999999999999995
2922,2.000000000000001,2.9999999999999947
2923,2.000000000000002,2.999999999999995
2924,2.000000000000001,2.9999999999999947
2925,2.000000000000002,2.999999999999995
2926,2.000000000000001,2.9999999999999947
2927,2.000000000000002,2.999999999999995
2928,2.000000000000001,2.9999999999999947
2929,2.000000000000002,2.999999999999995
2930,2.000000000000001,2.9999999999999947
2931,2.000000000000002,2.999999999999995
2932,2.000000000000001,2.9999999999999947
2933,2.000000000000002,2.999999999999995
2934,2.000000000000001,2.9999999999999947
2935,2.000000000000002,2.999999999999995
2936,2.000000000000001,2.9999999999999947
2937,2.000000000000002,2.999999999999995
2938,2.000000000000001,2.9999999999999947
2939,2.000000000000002,2.999999999999995
2940,2.000000000000001,2.9999999999999947
2941,2.000000000000002,2.999999999999995
2942,2.000000000000001,2.9999999999999947
2943,2.000000000000002,2.999999999999995
2944,2.000000000000001,2.9999999999999947
2945,2.000000000000002,2.999999999999995
2946,2.000000000000001,2.9999999999999947
2947,2.000000000000002,2.999999999999995
2948,2.000000000000001,2.9999999999999947
2949,2.000000000000002,2.999999999999995
2950,2.000000000000001,2.9999999999999947
2951,2.000000000000002,2.999999999999995
2952,2.000000000000001,2.9999999999999947
2953,2.000000000000002,2.999999999999995
2954,2.000000000000001,2.9999999999999947
2955,2.000000000000002,2.999999999999995
2956,2.000000000000001,2.9999999999999947
2957,2.000000000000002,2.999999999999995
2958,2.000000000000001,2.9999999999999947
2959,2.000000000000002,2.999999999999995
2960,2.000000000000001,2.9999999999999947
2961,2.000000000000002,2.999999999999995
2962,2.000000000000001,2.9999999999999947
2963,2.000000000000002,2.999999999999995
2964,2.000000000000001,2.9999999999999947
2965,2.000000000000002,2.999999999999995
2966,2.000000000000001,2.9999999999999947
2967,2.000000000000002,2.999999999999995
2968,2.000000000000001,2.9999999999999947
2969,2.000000000000002,2.999999999999995
2970,2.000000000000001,2.9999999999999947
2971,2.000000000000002,2.999999999999995
2972,2.000000000000001,2.9999999999999947
2973,2.000000000000002,2.999999999999995
2974,2.000000000000001,2.9999999999999947
2975,2.000000000000002,2.999999999999995
2976,2.000000000000001,2.9999999999999947
2977,2.000000000000002,2.999999999999995
2978,2.000000000000001,2.9999999999999947
2979,2.000000000000002,2.999999999999995
2980,2.000000000000001,2.9999999999999947
2981,2.000000000000002,2.999999999999995
2982,2.000000000000001,2.9999999999999947
2983,2.000000000000002,2.999999999999995
2984,2.000000000000001,2.9999999999999947
2985,2.000000000000002,2.999999999999995
2986,2.000000000000001,2.9999999999999947
2987,2.000000000000002,2.999999999999995
2988,2.000000000000001,2.9999999999999947
2989,2.000000000000002,2.999999999999995
2990,2.000000000000001,2.9999999999999947
2991,2.000000000000002,2.999999999999995
2992,2.000000000000001,2.9999999999999947
2993,2.000000000000002,2.999999999999995
2994,2.000000000000001,2.9999999999999947
2995,2.000000000000002,2.999999999999995
2996,2.000000000000001,2.9999999999999947
2997,2.000000000000002,2.999999999999995
2998,2.000000000000001,2.9999999999999947
2999,2.000000000000002,2.999999999999995
3000,2.000000000000001,2.9999999999999947
3001,2.000000000000002,2.999999999999995
3002,2.000000000000001,2.9999999999999947
3003,2.000000000000002,2.999999999999995
3004,2.000000000000001,2.9999999999999947
3005,2.000000000000002,2.999999999999995
3006,2.000000000000001,2.9999999999999947
3007,2.000000000000002,2.999999999999995
3008,2.000000000000001,2.9999999999999947
3009,2.000000000000002,2.999999999999995
3010,2.000000000000001,2.9999999999999947
3011,2.000000000000002,2.999999999999995
3012,2.000000000000001,2.9999999999999947
3013,2.000000000000002,2.999999999999995
3014,2.000000000000001,2.9999999999999947
3015,2.000000000000002,2.999999999999995
3016,2.000000000000001,2.9999999999999947
3017,2.000000000000002,2.999999999999995
3018,2.000000000000001,2.9999999999999947
3019,2.000000000000002,2.999999999999995
3020,2.000000000000001,2.9999999999999947
3021,2.000000000000002,2.999999999999995
3022,2.000000000000001,2.9999999999999947
3023,2.000000000000002,2.999999999999995
3024,2.000000000000001,2.9999999999999947
3025,2.000000000000002,2.999999999999995
3026,2.000000000000001,2.9999999999999947
3027,2.000000000000002,2.999999999999995
3028,2.000000000000001,2.9999999999999947
3029,2.000000000000002,2.999999999999995
3030,2.000000000000001,2.9999999999999947
3031,2.000000000000002,2.999999999999995
3032,2.000000000000001,2.9999999999999947
3033,2.000000000000002,2.999999999999995
3034,2.000000000000001,2.9999999999999947
3035,2.000000000000002,2.999999999999995
3036,2.000000000000001,2.9999999999999947
3037,2.000000000000002,2.999999999999995
3038,2.000000000000001,2.9999999999999947
3039,2.000000000000002,2.999999999999995
3040,2.000000000000001,2.9999999999999947
3041,2.000000000000002,2.999999999999995
3042,2.000000000000001,2.9999999999999947
3043,2.000000000000002,2.999999999999995
3044,2.000000000000001,2.9999999999999947
3045,2.000000000000002,2.999999999999995
3046,2.000000000000001,2.9999999999999947
3047,2.000000000000002,2.999999999999995
3048,2.000000000000001,2.9999999999999947
3049,2.000000000000002,2.999999999999995
3050,2.000000000000001,2.9999999999999947
3051,2.000000000000002,2.999999999999995
3052,2.000000000000001,2.9999999999999947
3053,2.000000000000002,2.999999999999995
3054,2.000000000000001,2.9999999999999947
3055,2.000000000000002,2.999999999999995
3056,2.000000000000001,2.9999999999999947
3057,2.000000000000002,2.999999999999995
3058,2.000000000000001,2.9999999999999947
3059,2.000000000000002,2.999999999999995
3060,2.000000000000001,2.9999999999999947
3061,2.000000000000002,2.999999999999995
3062,2.000000000000001,2.9999999999999947
3063,2.000000000000002,2.999999999999995
3064,2.000000000000001,2.9999999999999947
3065,2.000000000000002,2.999999999999995
3066,2.000000000000001,2.9999999999999947
3067,2.000000000000002,2.999999999999995
3068,2.000000000000001,2.9999999999999947
3069,2.000000000000002,2.999999999999995
3070,2.000000000000001,2.9999999999999947
3071,2.000000000000002,2.999999999999995
3072,2.000000000000001,2.9999999999999947
3073,2.000000000000002,2.999999999999995
3074,2.000000000000001,2.9999999999999947
3075,2.000000000000002,2.999999999999995
3076,2.000000000000001,2.9999999999999947
3077,2.000000000000002,2.999999999999995
3078,2.000000000000001,2.9999999999999947
3079,2.000000000000002,2.999999999999995
3080,2.000000000000001,2.9999999999999947
3081,2.000000000000002,2.999999999999995
3082,2.000000000000001,2.9999999999999947
3083,2.000000000000002,2.999999999999995
3084,2.000000000000001,2.9999999999999947
3085,2.000000000000002,2.999999999999995
3086,2.000000000000001,2.9999999999999947
3087,2.000000000000002,2.999999999999995
3088,2.000000000000001,2.9999999999999947
3089,2.000000000000002,2.999999999999995
3090,2.000000000000001,2.9999999999999947
3091,2.000000000000002,2.999999999999995
3092,2.000000000000001,2.9999999999999947
3093,2.000000000000002,2.999999999999995
3094,2.000000000000001,2.9999999999999947
3095,2.000000000000002,2.999999999999995
3096,2.000000000000001,2.9999999999999947
3097,2.000000000000002,2.999999999999995
3098,2.000000000000001,2.9999999999999947
3099,2.000000000000002,2.999999999999995
3100,2.000000000000001,2.9999999999999947
3101,2.000000000000002,2.999999999999995
3102,2.000000000000001,2.9999999999999947
3103,2.000000000000002,2.999999999999995
3104,2.000000000000001,2.9999999999999947
3105,2.000000000000002,2.999999999999995
3106,2.000000000000001,2.9999999999999947
3107,2.000000000000002,2.999999999999995
3108,2.000000000000001,2.9999999999999947
3109,2.000000000000002,2.999999999999995
3110,2.000000000000001,2.9999999999999947
3111,2.000000000000002,2.999999999999995
3112,2.000000000000001,2.9999999999999947
3113,2.000000000000002,2.999999999999995
3114,2.000000000000001,2.9999999999999947
3115,2.000000000000002,2.999999999999995
3116,2.000000000000001,2.9999999999999947
3117,2.000000000000002,2.999999999999995
3118,2.000000000000001,2.9999999999999947
3119,2.000000000000002,2.999999999999995
3120,2.000000000000001,2.9999999999999947
3121,2.000000000000002,2.999999999999995
3122,2.000000000000001,2.9999999999999947
3123,2.000000000000002,2.999999999999995
3124,2.000000000000001,2.9999999999999947
3125,2.000000000000002,2.999999999999995
3126,2.000000000000001,2.9999999999999947
3127,2.000000000000002,2.999999999999995
3128,2.000000000000001,2.9999999999999947
3129,2.000000000000002,2.999999999999995
3130,2.000000000000001,2.9999999999999947
3131,2.000000000000002,2.999999999999995
3132,2.000000000000001,2.9999999999999947
3133,2.000000000000002,2.999999999999995
3134,2.000000000000001,2.9999999999999947
3135,2.000000000000002,2.999999999999995
3136,2.000000000000001,2.9999999999999947
3137,2.000000000000002,2.999999999999995
3138,2.000000000000001,2.9999999999999947
3139,2.000000000000002,2.999999999999995
3140,2.000000000000001,2.9999999999999947
3141,2.000000000000002,2.999999999999995
3142,2.000000000000001,2.9999999999999947
3143,2.000000000000002,2.999999999999995
3144,2.000000000000001,2.9999999999999947
3145,2.000000000000002,2.999999999999995
3146,2.000000000000001,2.9999999999999947
3147,2.000000000000002,2.999999999999995
3148,2.000000000000001,2.9999999999999947
3149,2.000000000000002,2.999999999999995
3150,2.000000000000001,2.9999999999999947
3151,2.000000000000002,2.999999999999995
3152,2.000000000000001,2.9999999999999947
3153,2.000000000000002,2.999999999999995
3154,2.000000000000001,2.9999999999999947
3155,2.000000000000002,2.999999999999995
3156,2.000000000000001,2.9999999999999947
3157,2.000000000000002,2.999999999999995
3158,2.000000000000001,2.9999999999999947
3159,2.000000000000002,2.999999999999995
3160,2.000000000000001,2.9999999999999947
3161,2.000000000000002,2.999999999999995
3162,2.000000000000001,2.9999999999999947
3163,2.000000000000002,2.999999999999995
3164,2.000000000000001,2.9999999999999947
3165,2.000000000000002,2.999999999999995
3166,2.000000000000001,2.9999999999999947
3167,2.000000000000002,2.999999999999995
3168,2.000000000000001,2.9999999999999947
3169,2.000000000000002,2.999999999999995
3170,2.000000000000001,2.9999999999999947
3171,2.000000000000002,2.999999999999995
3172,2.000000000000001,2.9999999999999947
3173,2.000000000000002,2.999999999999995
3174,2.000000000000001,2.9999999999999947
3175,2.000000000000002,2.999999999999995
3176,2.000000000000001,2.9999999999999947
3177,2.000000000000002,2.999999999999995
3178,2.000000000000001,2.9999999999999947
3179,2.000000000000002,2.999999999999995
3180,2.000000000000001,2.9999999999999947
3181,2.000000000000002,2.999999999999995
3182,2.000000000000001,2.9999999999999947
3183,2.000000000000002,2.999999999999995
3184,2.000000000000001,2.9999999999999947
3185,2.000000000000002,2.999999999999995
3186,2.000000000000001,2.9999999999999947
3187,2.000000000000002,2.999999999999995
3188,2.000000000000001,2.9999999999999947
3189,2.000000000000002,2.999999999999995
3190,2.000000000000001,2.9999999999999947
3191,2.000000000000002,2.999999999999995
3192,2.000000000000001,2.9999999999999947
3193,2.000000000000002,2.999999999999995
3194,2.000000000000001,2.9999999999999947
3195,2.000000000000002,2.999999999999995
3196,2.000000000000001,2.9999999999999947
3197,2.000000000000002,2.999999999999995
3198,2.000000000000001,2.9999999999999947
3199,2.000000000000002,2.999999999999995
3200,2.000000000000001,2.9999999999999947
3201,2.000000000000002,2.999999999999995
3202,2.000000000000001,2.9999999999999947
3203,2.000000000000002,2.999999999999995
3204,2.000000000000001,2.9999999999999947
3205,2.000000000000002,2.999999999999995
3206,2.000000000000001,2.9999999999999947
3207,2.000000000000002,2.999999999999995
3208,2.000000000000001,2.9999999999999947
3209,2.000000000000002,2.999999999999995
3210,2.000000000000001,2.9999999999999947
3211,2.000000000000002,2.999999999999995
3212,2.000000000000001,2.9999999999999947
3213,2.000000000000002,2.999999999999995
3214,2.000000000000001,2.9999999999999947
3215,2.000000000000002,2.999999999999995
3216,2.000000000000001,2.9999999999999947
3217,2.000000000000002,2.999999999999995
3218,2.000000000000001,2.9999999999999947
3219,2.000000000000002,2.999999999999995
3220,2.000000000000001,2.9999999999999947
3221,2.000000000000002,2.999999999999995
3222,2.000000000000001,2.9999999999999947
3223,2.000000000000002,2.999999999999995
3224,2.000000000000001,2.9999999999999947
3225,2.000000000000002,2.999999999999995
3226,2.000000000000001,2.9999999999999947
3227,2.000000000000002,2.999999999999995
3228,2.000000000000001,2.9999999999999947
3229,2.000000000000002,2.999999999999995
3230,2.000000000000001,2.9999999999999947
3231,2.000000000000002,2.999999999999995
3232,2.000000000000001,2.9999999999999947
3233,2.000000000000002,2.999999999999995
3234,2.000000000000001,2.9999999999999947
3235,2.000000000000002,2.999999999999995
3236,2.000000000000001,2.9999999999999947
3237,2.000000000000002,2.999999999999995
3238,2.000000000000001,2.9999999999999947
3239,2.000000000000002,2.999999999999995
3240,2.000000000000001,2.9999999999999947
3241,2.000000000000002,2.999999999999995
3242,2.000000000000001,2.9999999999999947
3243,2.000000000000002,2.999999999999995
3244,2.000000000000001,2.9999999999999947
3245,2.000000000000002,2.999999999999995
3246,2.000000000000001,2.9999999999999947
3247,2.000000000000002,2.999999999999995
3248,2.000000000000001,2.9999999999999947
3249,2.000000000000002,2.999999999999995
3250,2.000000000000001,2.9999999999999947
3251,2.000000000000002,2.999999999999995
3252,2.000000000000001,2.9999999999999947
3253,2.000000000000002,2.999999999999995
3254,2.000000000000001,2.9999999999999947
3255,2.000000000000002,2.999999999999995
3256,2.000000000000001,2.9999999999999947
3257,2.000000000000002,2.999999999999995
3258,2.000000000000001,2.9999999999999947
3259,2.000000000000002,2.999999999999995
3260,2.000000000000001,2.9999999999999947
3261,2.000000000000002,2.999999999999995
3262,2.000000000000001,2.9999999999999947
3263,2.000000000000002,2.999999999999995
3264,2.000000000000001,2.9999999999999947
3265,2.000000000000002,2.999999999999995
3266,2.000000000000001,2.9999999999999947
3267,2.000000000000002,2.999999999999995
3268,2.000000000000001,2.9999999999999947
3269,2.000000000000002,2.999999999999995
3270,2.000000000000001,2.9999999999999947
3271,2.000000000000002,2.999999999999995
3272,2.000000000000001,2.9999999999999947
3273,2.000000000000002,2.999999999999995
3274,2.000000000000001,2.9999999999999947
3275,2.000000000000002,2.999999999999995
3276,2.000000000000001,2.9999999999999947
3277,2.000000000000002,2.999999999999995
3278,2.000000000000001,2.9999999999999947
3279,2.000000000000002,2.999999999999995
3280,2.000000000000001,2.9999999999999947
3281,2.000000000000002,2.999999999999995
3282,2.000000000000001,2.9999999999999947
3283,2.000000000000002,2.999999999999995
3284,2.000000000000001,2.9999999999999947
3285,2.000000000000002,2.999999999999995
3286,2.000000000000001,2.9999999999999947
3287,2.000000000000002,2.999999999999995
3288,2.000000000000001,2.9999999999999947
3289,2.000000000000002,2.999999999999995
3290,2.000000000000001,2.9999999999999947
3291,2.000000000000002,2.999999999999995
3292,2.000000000000001,2.9999999999999947
3293,2.000000000000002,2.999999999999995
3294,2.000000000000001,2.9999999999999947
3295,2.000000000000002,2.999999999999995
3296,2.000000000000001,2.9999999999999947
3297,2.000000000000002,2.999999999999995
3298,2.000000000000001,2.9999999999999947
3299,2.000000000000002,2.999999999999995
3300,2.000000000000001,2.9999999999999947
3301,2.000000000000002,2.999999999999995
3302,2.000000000000001,2.9999999999999947
3303,2.000000000000002,2.999999999999995
3304,2.000000000000001,2.9999999999999947
3305,2.000000000000002,2.999999999999995
3306,2.000000000000001,2.9999999999999947
3307,2.000000000000002,2.999999999999995
3308,2.000000000000001,2.9999999999999947
3309,2.000000000000002,2.999999999999995
3310,2.000000000000001,2.9999999999999947
3311,2.000000000000002,2.999999999999995
3312,2.000000000000001,2.9999999999999947
3313,2.000000000000002,2.999999999999995
3314,2.000000000000001,2.9999999999999947
3315,2.000000000000002,2.999999999999995
3316,2.000000000000001,2.9999999999999947
3317,2.000000000000002,2.999999999999995
3318,2.000000000000001,2.9999999999999947
3319,2.000000000000002,2.999999999999995
3320,2.000000000000001,2.9999999999999947
3321,2.000000000000002,2.999999999999995
3322,2.000000000000001,2.9999999999999947
3323,2.000000000000002,2.999999999999995
3324,2.000000000000001,2.9999999999999947
3325,2.000000000000002,2.999999999999995
3326,2.000000000000001,2.9999999999999947
3327,2.000000000000002,2.999999999999995
3328,2.000000000000001,2.9999999999999947
3329,2.000000000000002,2.999999999999995
3330,2.000000000000001,2.9999999999999947
3331,2.000000000000002,2.999999999999995
3332,2.000000000000001,2.9999999999999947
3333,2.000000000000002,2.999999999999995
3334,2.000000000000001,2.9999999999999947
3335,2.000000000000002,2.999999999999995
3336,2.000000000000001,2.9999999999999947
3337,2.000000000000002,2.999999999999995
3338,2.000000000000001,2.9999999999999947
3339,2.000000000000002,2.999999999999995
3340,2.000000000000001,2.9999999999999947
3341,2.000000000000002,2.999999999999995
3342,2.000000000000001,2.9999999999999947
3343,2.000000000000002,2.999999999999995
3344,2.000000000000001,2.9999999999999947
3345,2.000000000000002,2.999999999999995
3346,2.000000000000001,2.9999999999999947
3347,2.000000000000002,2.999999999999995
3348,2.000000000000001,2.9999999999999947
3349,2.000000000000002,2.999999999999995
3350,2.000000000000001,2.9999999999999947
3351,2.000000000000002,2.999999999999995
3352,2.000000000000001,2.9999999999999947
3353,2.000000000000002,2.999999999999995
3354,2.000000000000001,2.9999999999999947
3355,2.000000000000002,2.999999999999995
3356,2.000000000000001,2.9999999999999947
3357,2.000000000000002,2.999999999999995
3358,2.000000000000001,2.9999999999999947
3359,2.000000000000002,2.999999999999995
3360,2.000000000000001,2.9999999999999947
3361,2.000000000000002,2.999999999999995
3362,2.000000000000001,2.9999999999999947
3363,2.000000000000002,2.999999999999995
3364,2.000000000000001,2.9999999999999947
3365,2.000000000000002,2.999999999999995
3366,2.000000000000001,2.9999999999999947
3367,2.000000000000002,2.999999999999995
3368,2.000000000000001,2.9999999999999947
3369,2.000000000000002,2.999999999999995
3370,2.000000000000001,2.9999999999999947
3371,2.000000000000002,2.999999999999995
3372,2.000000000000001,2.9999999999999947
3373,2.000000000000002,2.999999999999995
3374,2.000000000000001,2.9999999999999947
3375,2.000000000000002,2.999999999999995
3376,2.000000000000001,2.9999999999999947
3377,2.000000000000002,2.999999999999995
3378,2.000000000000001,2.9999999999999947
3379,2.000000000000002,2.999999999999995
3380,2.000000000000001,2.9999999999999947
3381,2.000000000000002,2.999999999999995
3382,2.000000000000001,2.9999999999999947
3383,2.000000000000002,2.999999999999995
3384,2.000000000000001,2.9999999999999947
3385,2.000000000000002,2.999999999999995
3386,2.000000000000001,2.9999999999999947
3387,2.000000000000002,2.999999999999995
3388,2.000000000000001,2.9999999999999947
3389,2.000000000000002,2.999999999999995
3390,2.000000000000001,2.9999999999999947
3391,2.000000000000002,2.999999999999995
3392,2.000000000000001,2.9999999999999947
3393,2.000000000000002,2.999999999999995
3394,2.000000000000001,2.9999999999999947
3395,2.000000000000002,2.999999999999995
3396,2.000000000000001,2.9999999999999947
3397,2.000000000000002,2.999999999999995
3398,2.000000000000001,2.9999999999999947
3399,2.000000000000002,2.999999999999995
3400,2.000000000000001,2.9999999999999947
3401,2.000000000000002,2.999999999999995
3402,2.000000000000001,2.9999999999999947
3403,2.000000000000002,2.999999999999995
3404,2.000000000000001,2.9999999999999947
3405,2.000000000000002,2.999999999999995
3406,2.000000000000001,2.9999999999999947
3407,2.000000000000002,2.999999999999995
3408,2.000000000000001,2.9999999999999947
3409,2.000000000000002,2.999999999999995
3410,2.000000000000001,2.9999999999999947
3411,2.000000000000002,2.999999999999995
3412,2.000000000000001,2.9999999999999947
3413,2.000000000000002,2.999999999999995
3414,2.000000000000001,2.9999999999999947
3415,2.000000000000002,2.999999999999995
3416,2.000000000000001,2.9999999999999947
3417,2.000000000000002,2.999999999999995
3418,2.000000000000001,2.9999999999999947
3419,2.000000000000002,2.999999999999995
3420,2.000000000000001,2.9999999999999947
3421,2.000000000000002,2.999999999999995
3422,2.000000000000001,2.9999999999999947
3423,2.000000000000002,2.999999999999995
3424,2.000000000000001,2.9999999999999947
3425,2.000000000000002,2.999999999999995
3426,2.000000000000001,2.9999999999999947
3427,2.000000000000002,2.999999999999995
3428,2.000000000000001,2.9999999999999947
3429,2.000000000000002,2.999999999999995
3430,2.000000000000001,2.9999999999999947
3431,2.000000000000002,2.999999999999995
3432,2.000000000000001,2.9999999999999947
3433,2.000000000000002,2.999999999999995
3434,2.000000000000001,2.9999999999999947
3435,2.000000000000002,2.999999999999995
3436,2.000000000000001,2.9999999999999947
3437,2.000000000000002,2.999999999999995
3438,2.000000000000001,2.9999999999999947
3439,2.000000000000002,2.999999999999995
3440,2.000000000000001,2.9999999999999947
3441,2.000000000000002,2.999999999999995
3442,2.000000000000001,2.9999999999999947
3443,2.000000000000002,2.999999999999995
3444,2.000000000000001,2.9999999999999947
3445,2.000000000000002,2.999999999999995
3446,2.000000000000001,2.9999999999999947
3447,2.000000000000002,2.999999999999995
3448,2.000000000000001,2.9999999999999947
3449,2.000000000000002,2.999999999999995
3450,2.000000000000001,2.9999999999999947
3451,2.000000000000002,2.999999999999995
3452,2.000000000000001,2.9999999999999947
3453,2.000000000000002,2.999999999999995
3454,2.000000000000001,2.9999999999999947
3455,2.000000000000002,2.999999999999995
3456,2.000000000000001,2.9999999999999947
3457,2.000000000000002,2.999999999999995
3458,2.000000000000001,2.9999999999999947
3459,2.000000000000002,2.999999999999995
3460,2.000000000000001,2.9999999999999947
3461,2.000000000000002,2.999999999999995
3462,2.000000000000001,2.9999999999999947
3463,2.000000000000002,2.999999999999995
3464,2.000000000000001,2.9999999999999947
3465,2.000000000000002,2.999999999999995
3466,2.000000000000001,2.9999999999999947
3467,2.000000000000002,2.999999999999995
3468,2.000000000000001,2.9999999999999947
3469,2.000000000000002,2.999999999999995
3470,2.000000000000001,2.9999999999999947
3471,2.000000000000002,2.999999999999995
3472,2.000000000000001,2.9999999999999947
3473,2.000000000000002,2.999999999999995
3474,2.000000000000001,2.9999999999999947
3475,2.000000000000002,2.999999999999995
3476,2.000000000000001,2.9999999999999947
3477,2.000000000000002,2.999999999999995
3478,2.000000000000001,2.9999999999999947
3479,2.000000000000002,2.999999999999995
3480,2.000000000000001,2.9999999999999947
3481,2.000000000000002,2.999999999999995
3482,2.000000000000001,2.9999999999999947
3483,2.000000000000002,2.999999999999995
3484,2.000000000000001,2.9999999999999947
3485,2.000000000000002,2.999999999999995
3486,2.000000000000001,2.9999999999999947
3487,2.000000000000002,2.999999999999995
3488,2.000000000000001,2.9999999999999947
3489,2.000000000000002,2.999999999999995
3490,2.000000000000001,2.9999999999999947
3491,2.000000000000002,2.999999999999995
3492,2.000000000000001,2.9999999999999947
3493,2.000000000000002,2.999999999999995
3494,2.000000000000001,2.9999999999999947
3495,2.000000000000002,2.999999999999995
3496,2.000000000000001,2.9999999999999947
3497,2.000000000000002,2.999999999999995
3498,2.000000000000001,2.9999999999999947
3499,2.000000000000002,2.999999999999995
3500,2.000000000000001,2.9999999999999947
3501,2.000000000000002,2.999999999999995
3502,2.000000000000001,2.9999999999999947
3503,2.000000000000002,2.999999999999995
3504,2.000000000000001,2.9999999999999947
3505,2.000000000000002,2.999999999999995
3506,2.000000000000001,2.9999999999999947
3507,2.000000000000002,2.999999999999995
3508,2.000000000000001,2.9999999999999947
3509,2.000000000000002,2.999999999999995
3510,2.000000000000001,2.9999999999999947
3511,2.000000000000002,2.999999999999995
3512,2.000000000000001,2.9999999999999947
3513,2.000000000000002,2.999999999999995
3514,2.000000000000001,2.9999999999999947
3515,2.000000000000002,2.999999999999995
3516,2.000000000000001,2.9999999999999947
3517,2.000000000000002,2.999999999999995
3518,2.000000000000001,2.9999999999999947
3519,2.000000000000002,2.999999999999995
3520,2.000000000000001,2.9999999999999947
3521,2.000000000000002,2.999999999999995
3522,2.000000000000001,2.9999999999999947
3523,2.000000000000002,2.999999999999995
3524,2.000000000000001,2.9999999999999947
3525,2.000000000000002,2.999999999999995
3526,2.000000000000001,2.9999999999999947
3527,2.000000000000002,2.999999999999995
3528,2.000000000000001,2.9999999999999947
3529,2.000000000000002,2.999999999999995
3530,2.000000000000001,2.9999999999999947
3531,2.000000000000002,2.999999999999995
3532,2.000000000000001,2.9999999999999947
3533,2.000000000000002,2.999999999999995
3534,2.000000000000001,2.9999999999999947
3535,2.000000000000002,2.999999999999995
3536,2.000000000000001,2.9999999999999947
3537,2.000000000000002,2.999999999999995
3538,2.000000000000001,2.9999999999999947
3539,2.000000000000002,2.999999999999995
3540,2.000000000000001,2.9999999999999947
3541,2.000000000000002,2.999999999999995
3542,2.000000000000001,2.9999999999999947
3543,2.000000000000002,2.999999999999995
3544,2.000000000000001,2.9999999999999947
3545,2.000000000000002,2.999999999999995
3546,2.000000000000001,2.9999999999999947
3547,2.000000000000002,2.999999999999995
3548,2.000000000000001,2.9999999999999947
3549,2.000000000000002,2.999999999999995
3550,2.000000000000001,2.9999999999999947
3551,2.000000000000002,2.999999999999995
3552,2.000000000000001,2.9999999999999947
3553,2.000000000000002,2.999999999999995
3554,2.000000000000001,2.9999999999999947
3555,2.000000000000002,2.999999999999995
3556,2.000000000000001,2.9999999999999947
3557,2.000000000000002,2.999999999999995
3558,2.000000000000001,2.9999999999999947
3559,2.000000000000002,2.999999999999995
3560,2.000000000000001,2.9999999999999947
3561,2.000000000000002,2.999999999999995
3562,2.000000000000001,2.9999999999999947
3563,2.000000000000002,2.999999999999995
3564,2.000000000000001,2.9999999999999947
3565,2.000000000000002,2.999999999999995
3566,2.000000000000001,2.9999999999999947
3567,2.000000000000002,2.999999999999995
3568,2.000000000000001,2.9999999999999947
3569,2.000000000000002,2.999999999999995
3570,2.000000000000001,2.9999999999999947
3571,2.000000000000002,2.999999999999995
3572,2.000000000000001,2.9999999999999947
3573,2.000000000000002,2.999999999999995
3574,2.000000000000001,2.9999999999999947
3575,2.000000000000002,2.999999999999995
3576,2.000000000000001,2.9999999999999947
3577,2.000000000000002,2.999999999999995
3578,2.000000000000001,2.9999999999999947
3579,2.000000000000002,2.999999999999995
3580,2.000000000000001,2.9999999999999947
3581,2.000000000000002,2.999999999999995
3582,2.000000000000001,2.9999999999999947
3583,2.000000000000002,2.999999999999995
3584,2.000000000000001,2.9999999999999947
3585,2.000000000000002,2.999999999999995
3586,2.000000000000001,2.9999999999999947
3587,2.000000000000002,2.999999999999995
3588,2.000000000000001,2.9999999999999947
3589,2.000000000000002,2.999999999999995
3590,2.000000000000001,2.9999999999999947
3591,2.000000000000002,2.999999999999995
3592,2.000000000000001,2.9999999999999947
3593,2.000000000000002,2.999999999999995
3594,2.000000000000001,2.9999999999999947
3595,2.000000000000002,2.999999999999995
3596,2.000000000000001,2.9999999999999947
3597,2.000000000000002,2.999999999999995
3598,2.000000000000001,2.9999999999999947
3599,2.000000000000002,2.999999999999995
3600,2.000000000000001,2.9999999999999947
3601,2.000000000000002,2.999999999999995
3602,2.000000000000001,2.9999999999999947
3603,2.000000000000002,2.999999999999995
3604,2.000000000000001,2.9999999999999947
3605,2.000000000000002,2.999999999999995
3606,2.000000000000001,2.9999999999999947
3607,2.000000000000002,2.999999999999995
3608,2.000000000000001,2.9999999999999947
3609,2.000000000000002,2.999999999999995
3610,2.000000000000001,2.9999999999999947
3611,2.000000000000002,2.999999999999995
3612,2.000000000000001,2.9999999999999947
3613,2.000000000000002,2.999999999999995
3614,2.000000000000001,2.9999999999999947
3615,2.000000000000002,2.999999999999995
3616,2.000000000000001,2.9999999999999947
3617,2.000000000000002,2.999999999999995
3618,2.000000000000001,2.9999999999999947
3619,2.000000000000002,2.999999999999995
3620,2.000000000000001,2.9999999999999947
3621,2.000000000000002,2.999999999999995
3622,2.000000000000001,2.9999999999999947
3623,2.000000000000002,2.999999999999995
3624,2.000000000000001,2.9999999999999947
3625,2.000000000000002,2.999999999999995
3626,2.000000000000001,2.9999999999999947
3627,2.000000000000002,2.999999999999995
3628,2.000000000000001,2.9999999999999947
3629,2.000000000000002,2.999999999999995
3630,2.000000000000001,2.9999999999999947
3631,2.000000000000002,2.999999999999995
3632,2.000000000000001,2.9999999999999947
3633,2.000000000000002,2.999999999999995
3634,2.000000000000001,2.9999999999999947
3635,2.000000000000002,2.999999999999995
3636,2.000000000000001,2.9999999999999947
3637,2.000000000000002,2.999999999999995
3638,2.000000000000001,2.9999999999999947
3639,2.000000000000002,2.999999999999995
3640,2.000000000000001,2.9999999999999947
3641,2.000000000000002,2.999999999999995
3642,2.000000000000001,2.9999999999999947
3643,2.000000000000002,2.999999999999995
3644,2.000000000000001,2.9999999999999947
3645,2.000000000000002,2.999999999999995
3646,2.000000000000001,2.9999999999999947
3647,2.000000000000002,2.999999999999995
3648,2.000000000000001,2.9999999999999947
3649,2.000000000000002,2.999999999999995
3650,2.000000000000001,2.9999999999999947
3651,2.000000000000002,2.999999999999995
3652,2.000000000000001,2.9999999999999947
3653,2.000000000000002,2.999999999999995
3654,2.000000000000001,2.9999999999999947
3655,2.000000000000002,2.999999999999995
3656,2.000000000000001,2.9999999999999947
3657,2.000000000000002,2.999999999999995
3658,2.000000000000001,2.9999999999999947
3659,2.000000000000002,2.999999999999995
3660,2.000000000000001,2.9999999999999947
3661,2.000000000000002,2.999999999999995
3662,2.000000000000001,2.9999999999999947
3663,2.000000000000002,2.999999999999995
3664,2.000000000000001,2.9999999999999947
3665,2.000000000000002,2.999999999999995
3666,2.000000000000001,2.9999999999999947
3667,2.000000000000002,2.999999999999995
3668,2.000000000000001,2.9999999999999947
3669,2.000000000000002,2.999999999999995
3670,2.000000000000001,2.9999999999999947
3671,2.000000000000002,2.999999999999995
3672,2.000000000000001,2.9999999999999947
3673,2.000000000000002,2.999999999999995
3674,2.000000000000001,2.9999999999999947
3675,2.000000000000002,2.999999999999995
3676,2.000000000000001,2.9999999999999947
3677,2.000000000000002,2.999999999999995
3678,2.000000000000001,2.9999999999999947
3679,2.000000000000002,2.999999999999995
3680,2.000000000000001,2.9999999999999947
3681,2.000000000000002,2.999999999999995
3682,2.000000000000001,2.9999999999999947
3683,2.000000000000002,2.999999999999995
3684,2.000000000000001,2.9999999999999947
3685,2.000000000000002,2.999999999999995
3686,2.000000000000001,2.9999999999999947
3687,2.000000000000002,2.999999999999995
3688,2.000000000000001,2.9999999999999947
3689,2.000000000000002,2.999999999999995
3690,2.000000000000001,2.9999999999999947
3691,2.000000000000002,2.999999999999995
3692,2.000000000000001,2.9999999999999947
3693,2.000000000000002,2.999999999999995
3694,2.000000000000001,2.9999999999999947
3695,2.000000000000002,2.999999999999995
3696,2.000000000000001,2.9999999999999947
3697,2.000000000000002,2.999999999999995
3698,2.000000000000001,2.9999999999999947
3699,2.000000000000002,2.999999999999995
3700,2.000000000000001,2.9999999999999947
3701,2.000000000000002,2.999999999999995
3702,2.000000000000001,2.9999999999999947
3703,2.000000000000002,2.999999999999995
3704,2.000000000000001,2.9999999999999947
3705,2.000000000000002,2.999999999999995
3706,2.000000000000001,2.9999999999999947
3707,2.000000000000002,2.999999999999995
3708,2.000000000000001,2.9999999999999947
3709,2.000000000000002,2.999999999999995
3710,2.000000000000001,2.9999999999999947
3711,2.000000000000002,2.999999999999995
3712,2.000000000000001,2.9999999999999947
3713,2.000000000000002,2.999999999999995
3714,2.000000000000001,2.9999999999999947
3715,2.000000000000002,2.999999999999995
3716,2.000000000000001,2.9999999999999947
3717,2.000000000000002,2.999999999999995
3718,2.000000000000001,2.9999999999999947
3719,2.000000000000002,2.999999999999995
3720,2.000000000000001,2.9999999999999947
3721,2.000000000000002,2.999999999999995
3722,2.000000000000001,2.9999999999999947
3723,2.000000000000002,2.999999999999995
3724,2.000000000000001,2.9999999999999947
3725,2.000000000000002,2.999999999999995
3726,2.000000000000001,2.9999999999999947
3727,2.000000000000002,2.999999999999995
3728,2.000000000000001,2.9999999999999947
3729,2.000000000000002,2.999999999999995
3730,2.000000000000001,2.9999999999999947
3731,2.000000000000002,2.999999999999995
3732,2.000000000000001,2.9999999999999947
3733,2.000000000000002,2.999999999999995
3734,2.000000000000001,2.9999999999999947
3735,2.000000000000002,2.999999999999995
3736,2.000000000000001,2.9999999999999947
3737,2.000000000000002,2.999999999999995
3738,2.000000000000001,2.9999999999999947
3739,2.000000000000002,2.999999999999995
3740,2.000000000000001,2.9999999999999947
3741,2.000000000000002,2.999999999999995
3742,2.000000000000001,2.9999999999999947
3743,2.000000000000002,2.999999999999995
3744,2.000000000000001,2.9999999999999947
3745,2.000000000000002,2.999999999999995
3746,2.000000000000001,2.9999999999999947
3747,2.000000000000002,2.999999999999995
3748,2.000000000000001,2.9999999999999947
3749,2.000000000000002,2.999999999999995
3750,2.000000000000001,2.9999999999999947
3751,2.000000000000002,2.999999999999995
3752,2.000000000000001,2.9999999999999947
3753,2.000000000000002,2.999999999999995
3754,2.000000000000001,2.9999999999999947
3755,2.000000000000002,2.999999999999995
3756,2.000000000000001,2.9999999999999947
3757,2.000000000000002,2.999999999999995
3758,2.000000000000001,2.9999999999999947
3759,2.000000000000002,2.999999999999995
3760,2.000000000000001,2.9999999999999947
3761,2.000000000000002,2.999999999999995
3762,2.000000000000001,2.9999999999999947
3763,2.000000000000002,2.999999999999995
3764,2.000000000000001,2.9999999999999947
3765,2.000000000000002,2.999999999999995
3766,2.000000000000001,2.9999999999999947
3767,2.000000000000002,2.999999999999995
3768,2.000000000000001,2.9999999999999947
3769,2.000000000000002,2.999999999999995
3770,2.000000000000001,2.9999999999999947
3771,2.000000000000002,2.999999999999995
3772,2.000000000000001,2.9999999999999947
3773,2.000000000000002,2.999999999999995
3774,2.000000000000001,2.9999999999999947
3775,2.000000000000002,2.999999999999995
3776,2.000000000000001,2.9999999999999947
3777,2.000000000000002,2.999999999999995
3778,2.000000000000001,2.9999999999999947
3779,2.000000000000002,2.999999999999995
3780,2.000000000000001,2.9999999999999947
3781,2.000000000000002,2.999999999999995
3782,2.000000000000001,2.9999999999999947
3783,2.000000000000002,2.999999999999995
3784,2.000000000000001,2.9999999999999947
3785,2.000000000000002,2.999999999999995
3786,2.000000000000001,2.9999999999999947
3787,2.000000000000002,2.999999999999995
3788,2.000000000000001,2.9999999999999947
3789,2.000000000000002,2.999999999999995
3790,2.000000000000001,2.9999999999999947
3791,2.000000000000002,2.999999999999995
3792,2.000000000000001,2.9999999999999947
3793,2.000000000000002,2.999999999999995
3794,2.000000000000001,2.9999999999999947
3795,2.000000000000002,2.999999999999995
3796,2.000000000000001,2.9999999999999947
3797,2.000000000000002,2.999999999999995
3798,2.000000000000001,2.9999999999999947
3799,2.000000000000002,2.999999999999995
3800,2.000000000000001,2.9999999999999947
3801,2.000000000000002,2.999999999999995
3802,2.000000000000001,2.9999999999999947
3803,2.000000000000002,2.999999999999995
3804,2.000000000000001,2.9999999999999947
3805,2.000000000000002,2.999999999999995
3806,2.000000000000001,2.9999999999999947
3807,2.000000000000002,2.999999999999995
3808,2.000000000000001,2.9999999999999947
3809,2.000000000000002,2.999999999999995
3810,2.000000000000001,2.9999999999999947
3811,2.000000000000002,2.999999999999995
3812,2.000000000000001,2.9999999999999947
3813,2.000000000000002,2.999999999999995
3814,2.000000000000001,2.9999999999999947
3815,2.000000000000002,2.999999999999995
3816,2.000000000000001,2.9999999999999947
3817,2.000000000000002,2.999999999999995
3818,2.000000000000001,2.9999999999999947
3819,2.000000000000002,2.999999999999995
3820,2.000000000000001,2.9999999999999947
3821,2.000000000000002,2.999999999999995
3822,2.000000000000001,2.9999999999999947
3823,2.000000000000002,2.999999999999995
3824,2.000000000000001,2.9999999999999947
3825,2.000000000000002,2.999999999999995
3826,2.000000000000001,2.9999999999999947
3827,2.000000000000002,2.999999999999995
3828,2.000000000000001,2.9999999999999947
3829,2.000000000000002,2.999999999999995
3830,2.000000000000001,2.9999999999999947
3831,2.000000000000002,2.999999999999995
3832,2.000000000000001,2.9999999999999947
3833,2.000000000000002,2.999999999999995
3834,2.000000000000001,2.9999999999999947
3835,2.000000000000002,2.999999999999995
3836,2.000000000000001,2.9999999999999947
3837,2.000000000000002,2.999999999999995
3838,2.000000000000001,2.9999999999999947
3839,2.000000000000002,2.999999999999995
3840,2.000000000000001,2.9999999999999947
3841,2.000000000000002,2.999999999999995
3842,2.000000000000001,2.9999999999999947
3843,2.000000000000002,2.999999999999995
3844,2.000000000000001,2.9999999999999947
3845,2.000000000000002,2.999999999999995
3846,2.000000000000001,2.9999999999999947
3847,2.000000000000002,2.999999999999995
3848,2.000000000000001,2.9999999999999947
3849,2.000000000000002,2.999999999999995
3850,2.000000000000001,2.9999999999999947
3851,2.000000000000002,2.999999999999995
3852,2.000000000000001,2.9999999999999947
3853,2.000000000000002,2.999999999999995
3854,2.000000000000001,2.9999999999999947
3855,2.000000000000002,2.999999999999995
3856,2.000000000000001,2.9999999999999947
3857,2.000000000000002,2.999999999999995
3858,2.000000000000001,2.9999999999999947
3859,2.000000000000002,2.999999999999995
3860,2.000000000000001,2.9999999999999947
3861,2.000000000000002,2.999999999999995
3862,2.000000000000001,2.9999999999999947
3863,2.000000000000002,2.999999999999995
3864,2.000000000000001,2.9999999999999947
3865,2.000000000000002,2.999999999999995
3866,2.000000000000001,2.9999999999999947
3867,2.000000000000002,2.999999999999995
3868,2.000000000000001,2.9999999999999947
3869,2.000000000000002,2.999999999999995
3870,2.000000000000001,2.9999999999999947
3871,2.000000000000002,2.999999999999995
3872,2.000000000000001,2.9999999999999947
3873,2.000000000000002,2.999999999999995
3874,2.000000000000001,2.9999999999999947
3875,2.000000000000002,2.999999999999995
3876,2.000000000000001,2.9999999999999947
3877,2.000000000000002,2.999999999999995
3878,2.000000000000001,2.9999999999999947
3879,2.000000000000002,2.999999999999995
3880,2.000000000000001,2.9999999999999947
3881,2.000000000000002,2.999999999999995
3882,2.000000000000001,2.9999999999999947
3883,2.000000000000002,2.999999999999995
3884,2.000000000000001,2.9999999999999947
3885,2.000000000000002,2.999999999999995
3886,2.000000000000001,2.9999999999999947
3887,2.000000000000002,2.999999999999995
3888,2.000000000000001,2.9999999999999947
3889,2.000000000000002,2.999999999999995
3890,2.000000000000001,2.9999999999999947
3891,2.000000000000002,2.999999999999995
3892,2.000000000000001,2.9999999999999947
3893,2.000000000000002,2.999999999999995
3894,2.000000000000001,2.9999999999999947
3895,2.000000000000002,2.999999999999995
3896,2.000000000000001,2.9999999999999947
3897,2.000000000000002,2.999999999999995
3898,2.000000000000001,2.9999999999999947
3899,2.000000000000002,2.999999999999995
3900,2.000000000000001,2.9999999999999947
3901,2.000000000000002,2.999999999999995
3902,2.000000000000001,2.9999999999999947
3903,2.000000000000002,2.999999999999995
3904,2.000000000000001,2.9999999999999947
3905,2.000000000000002,2.999999999999995
3906,2.000000000000001,2.9999999999999947
3907,2.000000000000002,2.999999999999995
3908,2.000000000000001,2.9999999999999947
3909,2.000000000000002,2.999999999999995
3910,2.000000000000001,2.9999999999999947
3911,2.000000000000002,2.999999999999995
3912,2.000000000000001,2.9999999999999947
3913,2.000000000000002,2.999999999999995
3914,2.000000000000001,2.9999999999999947
3915,2.000000000000002,2.999999999999995
3916,2.000000000000001,2.9999999999999947
3917,2.000000000000002,2.999999999999995
3918,2.000000000000001,2.9999999999999947
3919,2.000000000000002,2.999999999999995
3920,2.000000000000001,2.9999999999999947
3921,2.000000000000002,2.999999999999995
3922,2.000000000000001,2.9999999999999947
3923,2.000000000000002,2.999999999999995
3924,2.000000000000001,2.9999999999999947
3925,2.000000000000002,2.999999999999995
3926,2.000000000000001,2.9999999999999947
3927,2.000000000000002,2.999999999999995
3928,2.000000000000001,2.9999999999999947
3929,2.000000000000002,2.999999999999995
3930,2.000000000000001,2.9999999999999947
3931,2.000000000000002,2.999999999999995
3932,2.000000000000001,2.9999999999999947
3933,2.000000000000002,2.999999999999995
3934,2.000000000000001,2.9999999999999947
3935,2.000000000000002,2.999999999999995
3936,2.000000000000001,2.9999999999999947
3937,2.000000000000002,2.999999999999995
3938,2.000000000000001,2.9999999999999947
3939,2.000000000000002,2.999999999999995
3940,2.000000000000001,2.9999999999999947
3941,2.000000000000002,2.999999999999995
3942,2.000000000000001,2.9999999999999947
3943,2.000000000000002,2.999999999999995
3944,2.000000000000001,2.9999999999999947
3945,2.000000000000002,2.999999999999995
3946,2.000000000000001,2.9999999999999947
3947,2.000000000000002,2.999999999999995
3948,2.000000000000001,2.9999999999999947
3949,2.000000000000002,2.999999999999995
3950,2.000000000000001,2.9999999999999947
3951,2.000000000000002,2.999999999999995
3952,2.000000000000001,2.9999999999999947
3953,2.000000000000002,2.999999999999995
3954,2.000000000000001,2.9999999999999947
3955,2.000000000000002,2.999999999999995
3956,2.000000000000001,2.9999999999999947
3957,2.000000000000002,2.999999999999995
3958,2.000000000000001,2.9999999999999947
3959,2.000000000000002,2.999999999999995
3960,2.000000000000001,2.9999999999999947
3961,2.000000000000002,2.999999999999995
3962,2.000000000000001,2.9999999999999947
3963,2.000000000000002,2.999999999999995
3964,2.000000000000001,2.9999999999999947
3965,2.000000000000002,2.999999999999995
3966,2.000000000000001,2.9999999999999947
3967,2.000000000000002,2.999999999999995
3968,2.000000000000001,2.9999999999999947
3969,2.000000000000002,2.999999999999995
3970,2.000000000000001,2.9999999999999947
3971,2.000000000000002,2.999999999999995
3972,2.000000000000001,2.9999999999999947
3973,2.000000000000002,2.999999999999995
3974,2.000000000000001,2.9999999999999947
3975,2.000000000000002,2.999999999999995
3976,2.000000000000001,2.9999999999999947
3977,2.000000000000002,2.999999999999995
3978,2.000000000000001,2.9999999999999947
3979,2.000000000000002,2.999999999999995
3980,2.000000000000001,2.9999999999999947
3981,2.000000000000002,2.999999999999995
3982,2.000000000000001,2.9999999999999947
3983,2.000000000000002,2.999999999999995
3984,2.000000000000001,2.9999999999999947
3985,2.000000000000002,2.999999999999995
3986,2.000000000000001,2.9999999999999947
3987,2.000000000000002,2.999999999999995
3988,2.000000000000001,2.9999999999999947
3989,2.000000000000002,2.999999999999995
3990,2.000000000000001,2.9999999999999947
3991,2.000000000000002,2.999999999999995
3992,2.000000000000001,2.9999999999999947
3993,2.000000000000002,2.999999999999995
3994,2.000000000000001,2.9999999999999947
3995,2.000000000000002,2.999999999999995
3996,2.000000000000001,2.9999999999999947
3997,2.000000000000002,2.999999999999995
3998,2.000000000000001,2.9999999999999947
3999,2.000000000000002,2.999999999999995
4000,2.000000000000001,2.9999999999999947
4001,2.000000000000002,2.999999999999995
4002,2.000000000000001,2.9999999999999947
4003,2.000000000000002,2.999999999999995
4004,2.000000000000001,2.9999999999999947
4005,2.000000000000002,2.999999999999995
4006,2.000000000000001,2.9999999999999947
4007,2.000000000000002,2.999999999999995
4008,2.000000000000001,2.9999999999999947
4009,2.000000000000002,2.999999999999995
4010,2.000000000000001,2.9999999999999947
4011,2.000000000000002,2.999999999999995
4012,2.000000000000001,2.9999999999999947
4013,2.000000000000002,2.999999999999995
4014,2.000000000000001,2.9999999999999947
4015,2.000000000000002,2.999999999999995
4016,2.000000000000001,2.9999999999999947
4017,2.000000000000002,2.999999999999995
4018,2.000000000000001,2.9999999999999947
4019,2.000000000000002,2.999999999999995
4020,2.000000000000001,2.9999999999999947
4021,2.000000000000002,2.999999999999995
4022,2.000000000000001,2.9999999999999947
4023,2.000000000000002,2.999999999999995
4024,2.000000000000001,2.9999999999999947
4025,2.000000000000002,2.999999999999995
4026,2.000000000000001,2.9999999999999947
4027,2.000000000000002,2.999999999999995
4028,2.000000000000001,2.9999999999999947
4029,2.000000000000002,2.999999999999995
4030,2.000000000000001,2.9999999999999947
4031,2.000000000000002,2.999999999999995
4032,2.000000000000001,2.9999999999999947
4033,2.000000000000002,2.999999999999995
4034,2.000000000000001,2.9999999999999947
4035,2.000000000000002,2.999999999999995
4036,2.000000000000001,2.9999999999999947
4037,2.000000000000002,2.999999999999995
4038,2.000000000000001,2.9999999999999947
4039,2.000000000000002,2.999999999999995
4040,2.000000000000001,2.9999999999999947
4041,2.000000000000002,2.999999999999995
4042,2.000000000000001,2.9999999999999947
4043,2.000000000000002,2.999999999999995
4044,2.000000000000001,2.9999999999999947
4045,2.000000000000002,2.999999999999995
4046,2.000000000000001,2.9999999999999947
4047,2.000000000000002,2.999999999999995
4048,2.000000000000001,2.9999999999999947
4049,2.000000000000002,2.999999999999995
4050,2.000000000000001,2.9999999999999947
4051,2.000000000000002,2.999999999999995
4052,2.000000000000001,2.9999999999999947
4053,2.000000000000002,2.999999999999995
4054,2.000000000000001,2.9999999999999947
4055,2.000000000000002,2.999999999999995
4056,2.000000000000001,2.9999999999999947
4057,2.000000000000002,2.999999999999995
4058,2.000000000000001,2.9999999999999947
4059,2.000000000000002,2.999999999999995
4060,2.000000000000001,2.9999999999999947
4061,2.000000000000002,2.999999999999995
4062,2.000000000000001,2.9999999999999947
4063,2.000000000000002,2.999999999999995
4064,2.000000000000001,2.9999999999999947
4065,2.000000000000002,2.999999999999995
4066,2.000000000000001,2.9999999999999947
4067,2.000000000000002,2.999999999999995
4068,2.000000000000001,2.9999999999999947
4069,2.000000000000002,2.999999999999995
4070,2.000000000000001,2.9999999999999947
4071,2.000000000000002,2.999999999999995
4072,2.000000000000001,2.9999999999999947
4073,2.000000000000002,2.999999999999995
4074,2.000000000000001,2.9999999999999947
4075,2.000000000000002,2.999999999999995
4076,2.000000000000001,2.9999999999999947
4077,2.000000000000002,2.999999999999995
4078,2.000000000000001,2.9999999999999947
4079,2.000000000000002,2.999999999999995
4080,2.000000000000001,2.9999999999999947
4081,2.000000000000002,2.999999999999995
4082,2.000000000000001,2.9999999999999947
4083,2.000000000000002,2.999999999999995
4084,2.000000000000001,2.9999999999999947
4085,2.000000000000002,2.999999999999995
4086,2.000000000000001,2.9999999999999947
4087,2.000000000000002,2.999999999999995
4088,2.000000000000001,2.9999999999999947
4089,2.000000000000002,2.999999999999995
4090,2.000000000000001,2.9999999999999947
4091,2.000000000000002,2.999999999999995
4092,2.000000000000001,2.9999999999999947
4093,2.000000000000002,2.999999999999995
4094,2.000000000000001,2.9999999999999947
4095,2.000000000000002,2.999999999999995
4096,2.000000000000001,2.9999999999999947
4097,2.000000000000002,2.999999999999995
4098,2.000000000000001,2.9999999999999947
4099,2.000000000000002,2.999999999999995
4100,2.000000000000001,2.9999999999999947
4101,2.000000000000002,2.999999999999995
4102,2.000000000000001,2.9999999999999947
4103,2.000000000000002,2.999999999999995
4104,2.000000000000001,2.9999999999999947
4105,2.000000000000002,2.999999999999995
4106,2.000000000000001,2.9999999999999947
4107,2.000000000000002,2.999999999999995
4108,2.000000000000001,2.9999999999999947
4109,2.000000000000002,2.999999999999995
4110,2.000000000000001,2.9999999999999947
4111,2.000000000000002,2.999999999999995
4112,2.000000000000001,2.9999999999999947
4113,2.000000000000002,2.999999999999995
4114,2.000000000000001,2.9999999999999947
4115,2.000000000000002,2.999999999999995
4116,2.000000000000001,2.9999999999999947
4117,2.000000000000002,2.999999999999995
4118,2.000000000000001,2.9999999999999947
4119,2.000000000000002,2.999999999999995
4120,2.000000000000001,2.9999999999999947
4121,2.000000000000002,2.999999999999995
4122,2.000000000000001,2.9999999999999947
4123,2.000000000000002,2.999999999999995
4124,2.000000000000001,2.9999999999999947
4125,2.000000000000002,2.999999999999995
4126,2.000000000000001,2.9999999999999947
4127,2.000000000000002,2.999999999999995
4128,2.000000000000001,2.9999999999999947
4129,2.000000000000002,2.999999999999995
4130,2.000000000000001,2.9999999999999947
4131,2.000000000000002,2.999999999999995
4132,2.000000000000001,2.9999999999999947
4133,2.000000000000002,2.999999999999995
4134,2.000000000000001,2.9999999999999947
4135,2.000000000000002,2.999999999999995
4136,2.000000000000001,2.9999999999999947
4137,2.000000000000002,2.999999999999995
4138,2.000000000000001,2.9999999999999947
4139,2.000000000000002,2.999999999999995
4140,2.000000000000001,2.9999999999999947
4141,2.000000000000002,2.999999999999995
4142,2.000000000000001,2.9999999999999947
4143,2.000000000000002,2.999999999999995
4144,2.000000000000001,2.9999999999999947
4145,2.000000000000002,2.999999999999995
4146,2.000000000000001,2.9999999999999947
4147,2.000000000000002,2.999999999999995
4148,2.000000000000001,2.9999999999999947
4149,2.000000000000002,2.999999999999995
4150,2.000000000000001,2.9999999999999947
4151,2.000000000000002,2.999999999999995
4152,2.000000000000001,2.9999999999999947
4153,2.000000000000002,2.999999999999995
4154,2.000000000000001,2.9999999999999947
4155,2.000000000000002,2.999999999999995
4156,2.000000000000001,2.9999999999999947
4157,2.000000000000002,2.999999999999995
4158,2.000000000000001,2.9999999999999947
4159,2.000000000000002,2.999999999999995
4160,2.000000000000001,2.9999999999999947
4161,2.000000000000002,2.999999999999995
4162,2.000000000000001,2.9999999999999947
4163,2.000000000000002,2.999999999999995
4164,2.000000000000001,2.9999999999999947
4165,2.000000000000002,2.999999999999995
4166,2.000000000000001,2.9999999999999947
4167,2.000000000000002,2.999999999999995
4168,2.000000000000001,2.9999999999999947
4169,2.000000000000002,2.999999999999995
4170,2.000000000000001,2.9999999999999947
4171,2.000000000000002,2.999999999999995
4172,2.000000000000001,2.9999999999999947
4173,2.000000000000002,2.999999999999995
4174,2.000000000000001,2.9999999999999947
4175,2.000000000000002,2.999999999999995
4176,2.000000000000001,2.9999999999999947
4177,2.000000000000002,2.999999999999995
4178,2.000000000000001,2.9999999999999947
4179,2.000000000000002,2.999999999999995
4180,2.000000000000001,2.9999999999999947
4181,2.000000000000002,2.999999999999995
4182,2.000000000000001,2.9999999999999947
4183,2.000000000000002,2.999999999999995
4184,2.000000000000001,2.9999999999999947
4185,2.000000000000002,2.999999999999995
4186,2.000000000000001,2.9999999999999947
4187,2.000000000000002,2.999999999999995
4188,2.000000000000001,2.9999999999999947
4189,2.000000000000002,2.999999999999995
4190,2.000000000000001,2.9999999999999947
4191,2.000000000000002,2.999999999999995
4192,2.000000000000001,2.9999999999999947
4193,2.000000000000002,2.999999999999995
4194,2.000000000000001,2.9999999999999947
4195,2.000000000000002,2.999999999999995
4196,2.000000000000001,2.9999999999999947
4197,2.000000000000002,2.999999999999995
4198,2.000000000000001,2.9999999999999947
4199,2.000000000000002,2.999999999999995
4200,2.000000000000001,2.9999999999999947
4201,2.000000000000002,2.999999999999995
4202,2.000000000000001,2.9999999999999947
4203,2.000000000000002,2.999999999999995
4204,2.000000000000001,2.9999999999999947
4205,2.000000000000002,2.999999999999995
4206,2.000000000000001,2.9999999999999947
4207,2.000000000000002,2.999999999999995
4208,2.000000000000001,2.9999999999999947
4209,2.000000000000002,2.999999999999995
4210,2.000000000000001,2.9999999999999947
4211,2.000000000000002,2.999999999999995
4212,2.000000000000001,2.9999999999999947
4213,2.000000000000002,2.999999999999995
4214,2.000000000000001,2.9999999999999947
4215,2.000000000000002,2.999999999999995
4216,2.000000000000001,2.9999999999999947
4217,2.000000000000002,2.999999999999995
4218,2.000000000000001,2.9999999999999947
4219,2.000000000000002,2.999999999999995
4220,2.000000000000001,2.9999999999999947
4221,2.000000000000002,2.999999999999995
4222,2.000000000000001,2.9999999999999947
4223,2.000000000000002,2.999999999999995
4224,2.000000000000001,2.9999999999999947
4225,2.000000000000002,2.999999999999995
4226,2.000000000000001,2.9999999999999947
4227,2.000000000000002,2.999999999999995
4228,2.000000000000001,2.9999999999999947
4229,2.000000000000002,2.999999999999995
4230,2.000000000000001,2.9999999999999947
4231,2.000000000000002,2.999999999999995
4232,2.000000000000001,2.9999999999999947
4233,2.000000000000002,2.999999999999995
4234,2.000000000000001,2.9999999999999947
4235,2.000000000000002,2.999999999999995
4236,2.000000000000001,2.9999999999999947
4237,2.000000000000002,2.999999999999995
4238,2.000000000000001,2.9999999999999947
4239,2.000000000000002,2.999999999999995
4240,2.000000000000001,2.9999999999999947
4241,2.000000000000002,2.999999999999995
4242,2.000000000000001,2.9999999999999947
4243,2.000000000000002,2.999999999999995
4244,2.000000000000001,2.9999999999999947
4245,2.000000000000002,2.999999999999995
4246,2.000000000000001,2.9999999999999947
4247,2.000000000000002,2.999999999999995
4248,2.000000000000001,2.9999999999999947
4249,2.000000000000002,2.999999999999995
4250,2.000000000000001,2.9999999999999947
4251,2.000000000000002,2.999999999999995
4252,2.000000000000001,2.9999999999999947
4253,2.000000000000002,2.999999999999995
4254,2.000000000000001,2.9999999999999947
4255,2.000000000000002,2.999999999999995
4256,2.000000000000001,2.9999999999999947
4257,2.000000000000002,2.999999999999995
4258,2.000000000000001,2.9999999999999947
4259,2.000000000000002,2.999999999999995
4260,2.000000000000001,2.9999999999999947
4261,2.000000000000002,2.999999999999995
4262,2.000000000000001,2.9999999999999947
4263,2.000000000000002,2.999999999999995
4264,2.000000000000001,2.9999999999999947
4265,2.000000000000002,2.999999999999995
4266,2.000000000000001,2.9999999999999947
4267,2.000000000000002,2.999999999999995
4268,2.000000000000001,2.9999999999999947
4269,2.000000000000002,2.999999999999995
4270,2.000000000000001,2.9999999999999947
4271,2.000000000000002,2.999999999999995
4272,2.000000000000001,2.9999999999999947
4273,2.000000000000002,2.999999999999995
4274,2.000000000000001,2.9999999999999947
4275,2.000000000000002,2.999999999999995
4276,2.000000000000001,2.9999999999999947
4277,2.000000000000002,2.999999999999995
4278,2.000000000000001,2.9999999999999947
4279,2.000000000000002,2.999999999999995
4280,2.000000000000001,2.9999999999999947
4281,2.000000000000002,2.999999999999995
4282,2.000000000000001,2.9999999999999947
4283,2.000000000000002,2.999999999999995
4284,2.000000000000001,2.9999999999999947
4285,2.000000000000002,2.999999999999995
4286,2.000000000000001,2.9999999999999947
4287,2.000000000000002,2.999999999999995
4288,2.000000000000001,2.9999999999999947
4289,2.000000000000002,2.999999999999995
4290,2.000000000000001,2.9999999999999947
4291,2.000000000000002,2.999999999999995
4292,2.000000000000001,2.9999999999999947
4293,2.000000000000002,2.999999999999995
4294,2.000000000000001,2.9999999999999947
4295,2.000000000000002,2.999999999999995
4296,2.000000000000001,2.9999999999999947
4297,2.000000000000002,2.999999999999995
4298,2.000000000000001,2.9999999999999947
4299,2.000000000000002,2.999999999999995
4300,2.000000000000001,2.9999999999999947
4301,2.000000000000002,2.999999999999995
4302,2.000000000000001,2.9999999999999947
4303,2.000000000000002,2.999999999999995
4304,2.000000000000001,2.9999999999999947
4305,2.000000000000002,2.999999999999995
4306,2.000000000000001,2.9999999999999947
4307,2.000000000000002,2.999999999999995
4308,2.000000000000001,2.9999999999999947
4309,2.000000000000002,2.999999999999995
4310,2.000000000000001,2.9999999999999947
4311,2.000000000000002,2.999999999999995
4312,2.000000000000001,2.9999999999999947
4313,2.000000000000002,2.999999999999995
4314,2.000000000000001,2.9999999999999947
4315,2.000000000000002,2.999999999999995
4316,2.000000000000001,2.9999999999999947
4317,2.000000000000002,2.999999999999995
4318,2.000000000000001,2.9999999999999947
4319,2.000000000000002,2.999999999999995
4320,2.000000000000001,2.9999999999999947
4321,2.000000000000002,2.999999999999995
4322,2.000000000000001,2.9999999999999947
4323,2.000000000000002,2.999999999999995
4324,2.000000000000001,2.9999999999999947
4325,2.000000000000002,2.999999999999995
4326,2.000000000000001,2.9999999999999947
4327,2.000000000000002,2.999999999999995
4328,2.000000000000001,2.9999999999999947
4329,2.000000000000002,2.999999999999995
4330,2.000000000000001,2.9999999999999947
4331,2.000000000000002,2.999999999999995
4332,2.000000000000001,2.9999999999999947
4333,2.000000000000002,2.999999999999995
4334,2.000000000000001,2.9999999999999947
4335,2.000000000000002,2.999999999999995
4336,2.000000000000001,2.9999999999999947
4337,2.000000000000002,2.999999999999995
4338,2.000000000000001,2.9999999999999947
4339,2.000000000000002,2.999999999999995
4340,2.000000000000001,2.9999999999999947
4341,2.000000000000002,2.999999999999995
4342,2.000000000000001,2.9999999999999947
4343,2.000000000000002,2.999999999999995
4344,2.000000000000001,2.9999999999999947
4345,2.000000000000002,2.999999999999995
4346,2.000000000000001,2.9999999999999947
4347,2.000000000000002,2.999999999999995
4348,2.000000000000001,2.9999999999999947
4349,2.000000000000002,2.999999999999995
4350,2.000000000000001,2.9999999999999947
4351,2.000000000000002,2.999999999999995
4352,2.000000000000001,2.9999999999999947
4353,2.000000000000002,2.999999999999995
4354,2.000000000000001,2.9999999999999947
4355,2.000000000000002,2.999999999999995
4356,2.000000000000001,2.9999999999999947
4357,2.000000000000002,2.999999999999995
4358,2.000000000000001,2.9999999999999947
4359,2.000000000000002,2.999999999999995
4360,2.000000000000001,2.9999999999999947
4361,2.000000000000002,2.999999999999995
4362,2.000000000000001,2.9999999999999947
4363,2.000000000000002,2.999999999999995
4364,2.000000000000001,2.9999999999999947
4365,2.000000000000002,2.999999999999995
4366,2.000000000000001,2.9999999999999947
4367,2.000000000000002,2.999999999999995
4368,2.000000000000001,2.9999999999999947
4369,2.000000000000002,2.999999999999995
4370,2.000000000000001,2.9999999999999947
4371,2.000000000000002,2.999999999999995
4372,2.000000000000001,2.9999999999999947
4373,2.000000000000002,2.999999999999995
4374,2.000000000000001,2.9999999999999947
4375,2.000000000000002,2.999999999999995
4376,2.000000000000001,2.9999999999999947
4377,2.000000000000002,2.999999999999995
4378,2.000000000000001,2.9999999999999947
4379,2.000000000000002,2.999999999999995
4380,2.000000000000001,2.9999999999999947
4381,2.000000000000002,2.999999999999995
4382,2.000000000000001,2.9999999999999947
4383,2.000000000000002,2.999999999999995
4384,2.000000000000001,2.9999999999999947
4385,2.000000000000002,2.999999999999995
4386,2.000000000000001,2.9999999999999947
4387,2.000000000000002,2.999999999999995
4388,2.000000000000001,2.9999999999999947
4389,2.000000000000002,2.999999999999995
4390,2.000000000000001,2.9999999999999947
4391,2.000000000000002,2.999999999999995
4392,2.000000000000001,2.9999999999999947
4393,2.000000000000002,2.999999999999995
4394,2.000000000000001,2.9999999999999947
4395,2.000000000000002,2.999999999999995
4396,2.000000000000001,2.9999999999999947
4397,2.000000000000002,2.999999999999995
4398,2.000000000000001,2.9999999999999947
4399,2.000000000000002,2.999999999999995
4400,2.000000000000001,2.9999999999999947
4401,2.000000000000002,2.999999999999995
4402,2.000000000000001,2.9999999999999947
4403,2.000000000000002,2.999999999999995
4404,2.000000000000001,2.9999999999999947
4405,2.000000000000002,2.999999999999995
4406,2.000000000000001,2.9999999999999947
4407,2.000000000000002,2.999999999999995
4408,2.000000000000001,2.9999999999999947
4409,2.000000000000002,2.999999999999995
4410,2.000000000000001,2.9999999999999947
4411,2.000000000000002,2.999999999999995
4412,2.000000000000001,2.9999999999999947
4413,2.000000000000002,2.999999999999995
4414,2.000000000000001,2.9999999999999947
4415,2.000000000000002,2.999999999999995
4416,2.000000000000001,2.9999999999999947
4417,2.000000000000002,2.999999999999995
4418,2.000000000000001,2.9999999999999947
4419,2.000000000000002,2.999999999999995
4420,2.000000000000001,2.9999999999999947
4421,2.000000000000002,2.999999999999995
4422,2.000000000000001,2.9999999999999947
4423,2.000000000000002,2.999999999999995
4424,2.000000000000001,2.9999999999999947
4425,2.000000000000002,2.999999999999995
4426,2.000000000000001,2.9999999999999947
4427,2.000000000000002,2.999999999999995
4428,2.000000000000001,2.9999999999999947
4429,2.000000000000002,2.999999999999995
4430,2.000000000000001,2.9999999999999947
4431,2.000000000000002,2.999999999999995
4432,2.000000000000001,2.9999999999999947
4433,2.000000000000002,2.999999999999995
4434,2.000000000000001,2.9999999999999947
4435,2.000000000000002,2.999999999999995
4436,2.000000000000001,2.9999999999999947
4437,2.000000000000002,2.999999999999995
4438,2.000000000000001,2.9999999999999947
4439,2.000000000000002,2.999999999999995
4440,2.000000000000001,2.9999999999999947
4441,2.000000000000002,2.999999999999995
4442,2.000000000000001,2.9999999999999947
4443,2.000000000000002,2.999999999999995
4444,2.000000000000001,2.9999999999999947
4445,2.000000000000002,2.999999999999995
4446,2.000000000000001,2.9999999999999947
4447,2.000000000000002,2.999999999999995
4448,2.000000000000001,2.9999999999999947
4449,2.000000000000002,2.999999999999995
4450,2.000000000000001,2.9999999999999947
4451,2.000000000000002,2.999999999999995
4452,2.000000000000001,2.9999999999999947
4453,2.000000000000002,2.999999999999995
4454,2.000000000000001,2.9999999999999947
4455,2.000000000000002,2.999999999999995
4456,2.000000000000001,2.9999999999999947
4457,2.000000000000002,2.999999999999995
4458,2.000000000000001,2.9999999999999947
4459,2.000000000000002,2.999999999999995
4460,2.000000000000001,2.9999999999999947
4461,2.000000000000002,2.999999999999995
4462,2.000000000000001,2.9999999999999947
4463,2.000000000000002,2.999999999999995
4464,2.000000000000001,2.9999999999999947
4465,2.000000000000002,2.999999999999995
4466,2.000000000000001,2.9999999999999947
4467,2.000000000000002,2.999999999999995
4468,2.000000000000001,2.9999999999999947
4469,2.000000000000002,2.999999999999995
4470,2.000000000000001,2.9999999999999947
4471,2.000000000000002,2.999999999999995
4472,2.000000000000001,2.9999999999999947
4473,2.000000000000002,2.999999999999995
4474,2.000000000000001,2.9999999999999947
4475,2.000000000000002,2.999999999999995
4476,2.000000000000001,2.9999999999999947
4477,2.000000000000002,2.999999999999995
4478,2.000000000000001,2.9999999999999947
4479,2.000000000000002,2.999999999999995
4480,2.000000000000001,2.9999999999999947
4481,2.000000000000002,2.999999999999995
4482,2.000000000000001,2.9999999999999947
4483,2.000000000000002,2.999999999999995
4484,2.000000000000001,2.9999999999999947
4485,2.000000000000002,2.999999999999995
4486,2.000000000000001,2.9999999999999947
4487,2.000000000000002,2.999999999999995
4488,2.000000000000001,2.9999999999999947
4489,2.000000000000002,2.999999999999995
4490,2.000000000000001,2.9999999999999947
4491,2.000000000000002,2.999999999999995
4492,2.000000000000001,2.9999999999999947
4493,2.000000000000002,2.999999999999995
4494,2.000000000000001,2.9999999999999947
4495,2.000000000000002,2.999999999999995
4496,2.000000000000001,2.9999999999999947
4497,2.000000000000002,2.999999999999995
4498,2.000000000000001,2.9999999999999947
4499,2.000000000000002,2.999999999999995
4500,2.000000000000001,2.9999999999999947
4501,2.000000000000002,2.999999999999995
4502,2.000000000000001,2.9999999999999947
4503,2.000000000000002,2.999999999999995
4504,2.000000000000001,2.9999999999999947
4505,2.000000000000002,2.999999999999995
4506,2.000000000000001,2.9999999999999947
4507,2.000000000000002,2.999999999999995
4508,2.000000000000001,2.9999999999999947
4509,2.000000000000002,2.999999999999995
4510,2.000000000000001,2.9999999999999947
4511,2.000000000000002,2.999999999999995
4512,2.000000000000001,2.9999999999999947
4513,2.000000000000002,2.999999999999995
4514,2.000000000000001,2.9999999999999947
4515,2.000000000000002,2.999999999999995
4516,2.000000000000001,2.9999999999999947
4517,2.000000000000002,2.999999999999995
4518,2.000000000000001,2.9999999999999947
4519,2.000000000000002,2.999999999999995
4520,2.000000000000001,2.9999999999999947
4521,2.000000000000002,2.999999999999995
4522,2.000000000000001,2.9999999999999947
4523,2.000000000000002,2.999999999999995
4524,2.000000000000001,2.9999999999999947
4525,2.000000000000002,2.999999999999995
4526,2.000000000000001,2.9999999999999947
4527,2.000000000000002,2.999999999999995
4528,2.000000000000001,2.9999999999999947
4529,2.000000000000002,2.999999999999995
4530,2.000000000000001,2.9999999999999947
4531,2.000000000000002,2.999999999999995
4532,2.000000000000001,2.9999999999999947
4533,2.000000000000002,2.999999999999995
4534,2.000000000000001,2.9999999999999947
4535,2.000000000000002,2.999999999999995
4536,2.000000000000001,2.9999999999999947
4537,2.000000000000002,2.999999999999995
4538,2.000000000000001,2.9999999999999947
4539,2.000000000000002,2.999999999999995
4540,2.000000000000001,2.9999999999999947
4541,2.000000000000002,2.999999999999995
4542,2.000000000000001,2.9999999999999947
4543,2.000000000000002,2.999999999999995
4544,2.000000000000001,2.9999999999999947
4545,2.000000000000002,2.999999999999995
4546,2.000000000000001,2.9999999999999947
4547,2.000000000000002,2.999999999999995
4548,2.000000000000001,2.9999999999999947
4549,2.000000000000002,2.999999999999995
4550,2.000000000000001,2.9999999999999947
4551,2.000000000000002,2.999999999999995
4552,2.000000000000001,2.9999999999999947
4553,2.000000000000002,2.999999999999995
4554,2.000000000000001,2.9999999999999947
4555,2.000000000000002,2.999999999999995
4556,2.000000000000001,2.9999999999999947
4557,2.000000000000002,2.999999999999995
4558,2.000000000000001,2.9999999999999947
4559,2.000000000000002,2.999999999999995
4560,2.000000000000001,2.9999999999999947
4561,2.000000000000002,2.999999999999995
4562,2.000000000000001,2.9999999999999947
4563,2.000000000000002,2.999999999999995
4564,2.000000000000001,2.9999999999999947
4565,2.000000000000002,2.999999999999995
4566,2.000000000000001,2.9999999999999947
4567,2.000000000000002,2.999999999999995
4568,2.000000000000001,2.9999999999999947
4569,2.000000000000002,2.999999999999995
4570,2.000000000000001,2.9999999999999947
4571,2.000000000000002,2.999999999999995
4572,2.000000000000001,2.9999999999999947
4573,2.000000000000002,2.999999999999995
4574,2.000000000000001,2.9999999999999947
4575,2.000000000000002,2.999999999999995
4576,2.000000000000001,2.9999999999999947
4577,2.000000000000002,2.999999999999995
4578,2.000000000000001,2.9999999999999947
4579,2.000000000000002,2.999999999999995
4580,2.000000000000001,2.9999999999999947
4581,2.000000000000002,2.999999999999995
4582,2.000000000000001,2.9999999999999947
4583,2.000000000000002,2.999999999999995
4584,2.000000000000001,2.9999999999999947
4585,2.000000000000002,2.999999999999995
4586,2.000000000000001,2.9999999999999947
4587,2.000000000000002,2.999999999999995
4588,2.000000000000001,2.9999999999999947
4589,2.000000000000002,2.999999999999995
4590,2.000000000000001,2.9999999999999947
4591,2.000000000000002,2.999999999999995
4592,2.000000000000001,2.9999999999999947
4593,2.000000000000002,2.999999999999995
4594,2.000000000000001,2.9999999999999947
4595,2.000000000000002,2.999999999999995
4596,2.000000000000001,2.9999999999999947
4597,2.000000000000002,2.999999999999995
4598,2.000000000000001,2.9999999999999947
4599,2.000000000000002,2.999999999999995
4600,2.000000000000001,2.9999999999999947
4601,2.000000000000002,2.999999999999995
4602,2.000000000000001,2.9999999999999947
4603,2.000000000000002,2.999999999999995
4604,2.000000000000001,2.9999999999999947
4605,2.000000000000002,2.999999999999995
4606,2.000000000000001,2.9999999999999947
4607,2.000000000000002,2.999999999999995
4608,2.000000000000001,2.9999999999999947
4609,2.000000000000002,2.999999999999995
4610,2.000000000000001,2.9999999999999947
4611,2.000000000000002,2.999999999999995
4612,2.000000000000001,2.9999999999999947
4613,2.000000000000002,2.999999999999995
4614,2.000000000000001,2.9999999999999947
4615,2.000000000000002,2.999999999999995
4616,2.000000000000001,2.9999999999999947
4617,2.000000000000002,2.999999999999995
4618,2.000000000000001,2.9999999999999947
4619,2.000000000000002,2.999999999999995
4620,2.000000000000001,2.9999999999999947
4621,2.000000000000002,2.999999999999995
4622,2.000000000000001,2.9999999999999947
4623,2.000000000000002,2.999999999999995
4624,2.000000000000001,2.9999999999999947
4625,2.000000000000002,2.999999999999995
4626,2.000000000000001,2.9999999999999947
4627,2.000000000000002,2.999999999999995
4628,2.000000000000001,2.9999999999999947
4629,2.000000000000002,2.999999999999995
4630,2.000000000000001,2.9999999999999947
4631,2.000000000000002,2.999999999999995
4632,2.000000000000001,2.9999999999999947
4633,2.000000000000002,2.999999999999995
4634,2.000000000000001,2.9999999999999947
4635,2.000000000000002,2.999999999999995
4636,2.000000000000001,2.9999999999999947
4637,2.000000000000002,2.999999999999995
4638,2.000000000000001,2.9999999999999947
4639,2.000000000000002,2.999999999999995
4640,2.000000000000001,2.9999999999999947
4641,2.000000000000002,2.999999999999995
4642,2.000000000000001,2.9999999999999947
4643,2.000000000000002,2.999999999999995
4644,2.000000000000001,2.9999999999999947
4645,2.000000000000002,2.999999999999995
4646,2.000000000000001,2.9999999999999947
4647,2.000000000000002,2.999999999999995
4648,2.000000000000001,2.9999999999999947
4649,2.000000000000002,2.999999999999995
4650,2.000000000000001,2.9999999999999947
4651,2.000000000000002,2.999999999999995
4652,2.000000000000001,2.9999999999999947
4653,2.000000000000002,2.999999999999995
4654,2.000000000000001,2.9999999999999947
4655,2.000000000000002,2.999999999999995
4656,2.000000000000001,2.9999999999999947
4657,2.000000000000002,2.999999999999995
4658,2.000000000000001,2.9999999999999947
4659,2.000000000000002,2.999999999999995
4660,2.000000000000001,2.9999999999999947
4661,2.000000000000002,2.999999999999995
4662,2.000000000000001,2.9999999999999947
4663,2.000000000000002,2.999999999999995
4664,2.000000000000001,2.9999999999999947
4665,2.000000000000002,2.999999999999995
4666,2.000000000000001,2.9999999999999947
4667,2.000000000000002,2.999999999999995
4668,2.000000000000001,2.9999999999999947
4669,2.000000000000002,2.999999999999995
4670,2.000000000000001,2.9999999999999947
4671,2.000000000000002,2.999999999999995
4672,2.000000000000001,2.9999999999999947
4673,2.000000000000002,2.999999999999995
4674,2.000000000000001,2.9999999999999947
4675,2.000000000000002,2.999999999999995
4676,2.000000000000001,2.9999999999999947
4677,2.000000000000002,2.999999999999995
4678,2.000000000000001,2.9999999999999947
4679,2.000000000000002,2.999999999999995
4680,2.000000000000001,2.9999999999999947
4681,2.000000000000002,2.999999999999995
4682,2.000000000000001,2.9999999999999947
4683,2.000000000000002,2.999999999999995
4684,2.000000000000001,2.9999999999999947
4685,2.000000000000002,2.999999999999995
4686,2.000000000000001,2.9999999999999947
4687,2.000000000000002,2.999999999999995
4688,2.000000000000001,2.9999999999999947
4689,2.000000000000002,2.999999999999995
4690,2.000000000000001,2.9999999999999947
4691,2.000000000000002,2.999999999999995
4692,2.000000000000001,2.9999999999999947
4693,2.000000000000002,2.999999999999995
4694,2.000000000000001,2.9999999999999947
4695,2.000000000000002,2.999999999999995
4696,2.000000000000001,2.9999999999999947
4697,2.000000000000002,2.999999999999995
4698,2.000000000000001,2.9999999999999947
4699,2.000000000000002,2.999999999999995
4700,2.000000000000001,2.9999999999999947
4701,2.000000000000002,2.999999999999995
4702,2.000000000000001,2.9999999999999947
4703,2.000000000000002,2.999999999999995
4704,2.000000000000001,2.9999999999999947
4705,2.000000000000002,2.999999999999995
4706,2.000000000000001,2.9999999999999947
4707,2.000000000000002,2.999999999999995
4708,2.000000000000001,2.9999999999999947
4709,2.000000000000002,2.999999999999995
4710,2.000000000000001,2.9999999999999947
4711,2.000000000000002,2.999999999999995
4712,2.000000000000001,2.9999999999999947
4713,2.000000000000002,2.999999999999995
4714,2.000000000000001,2.9999999999999947
4715,2.000000000000002,2.999999999999995
4716,2.000000000000001,2.9999999999999947
4717,2.000000000000002,2.999999999999995
4718,2.000000000000001,2.9999999999999947
4719,2.000000000000002,2.999999999999995
4720,2.000000000000001,2.9999999999999947
4721,2.000000000000002,2.999999999999995
4722,2.000000000000001,2.9999999999999947
4723,2.000000000000002,2.999999999999995
4724,2.000000000000001,2.9999999999999947
4725,2.000000000000002,2.999999999999995
4726,2.000000000000001,2.9999999999999947
4727,2.000000000000002,2.999999999999995
4728,2.000000000000001,2.9999999999999947
4729,2.000000000000002,2.999999999999995
4730,2.000000000000001,2.9999999999999947
4731,2.000000000000002,2.999999999999995
4732,2.000000000000001,2.9999999999999947
4733,2.000000000000002,2.999999999999995
4734,2.000000000000001,2.9999999999999947
4735,2.000000000000002,2.999999999999995
4736,2.000000000000001,2.9999999999999947
4737,2.000000000000002,2.999999999999995
4738,2.000000000000001,2.9999999999999947
4739,2.000000000000002,2.999999999999995
4740,2.000000000000001,2.9999999999999947
4741,2.000000000000002,2.999999999999995
4742,2.000000000000001,2.9999999999999947
4743,2.000000000000002,2.999999999999995
4744,2.000000000000001,2.9999999999999947
4745,2.000000000000002,2.999999999999995
4746,2.000000000000001,2.9999999999999947
4747,2.000000000000002,2.999999999999995
4748,2.000000000000001,2.9999999999999947
4749,2.000000000000002,2.999999999999995
4750,2.000000000000001,2.9999999999999947
4751,2.000000000000002,2.999999999999995
4752,2.000000000000001,2.9999999999999947
4753,2.000000000000002,2.999999999999995
4754,2.000000000000001,2.9999999999999947
4755,2.000000000000002,2.999999999999995
4756,2.000000000000001,2.9999999999999947
4757,2.000000000000002,2.999999999999995
4758,2.000000000000001,2.9999999999999947
4759,2.000000000000002,2.999999999999995
4760,2.000000000000001,2.9999999999999947
4761,2.000000000000002,2.999999999999995
4762,2.000000000000001,2.9999999999999947
4763,2.000000000000002,2.999999999999995
4764,2.000000000000001,2.9999999999999947
4765,2.000000000000002,2.999999999999995
4766,2.000000000000001,2.9999999999999947
4767,2.000000000000002,2.999999999999995
4768,2.000000000000001,2.9999999999999947
4769,2.000000000000002,2.999999999999995
4770,2.000000000000001,2.9999999999999947
4771,2.000000000000002,2.999999999999995
4772,2.000000000000001,2.9999999999999947
4773,2.000000000000002,2.999999999999995
4774,2.000000000000001,2.9999999999999947
4775,2.000000000000002,2.999999999999995
4776,2.000000000000001,2.9999999999999947
4777,2.000000000000002,2.999999999999995
4778,2.000000000000001,2.9999999999999947
4779,2.000000000000002,2.999999999999995
4780,2.000000000000001,2.9999999999999947
4781,2.000000000000002,2.999999999999995
4782,2.000000000000001,2.9999999999999947
4783,2.000000000000002,2.999999999999995
4784,2.000000000000001,2.9999999999999947
4785,2.000000000000002,2.999999999999995
4786,2.000000000000001,2.9999999999999947
4787,2.000000000000002,2.999999999999995
4788,2.000000000000001,2.9999999999999947
4789,2.000000000000002,2.999999999999995
4790,2.000000000000001,2.9999999999999947
4791,2.000000000000002,2.999999999999995
4792,2.000000000000001,2.9999999999999947
4793,2.000000000000002,2.999999999999995
4794,2.000000000000001,2.9999999999999947
4795,2.000000000000002,2.999999999999995
4796,2.000000000000001,2.9999999999999947
4797,2.000000000000002,2.999999999999995
4798,2.000000000000001,2.9999999999999947
4799,2.000000000000002,2.999999999999995
4800,2.000000000000001,2.9999999999999947
4801,2.000000000000002,2.999999999999995
4802,2.000000000000001,2.9999999999999947
4803,2.000000000000002,2.999999999999995
4804,2.000000000000001,2.9999999999999947
4805,2.000000000000002,2.999999999999995
4806,2.000000000000001,2.9999999999999947
4807,2.000000000000002,2.999999999999995
4808,2.000000000000001,2.9999999999999947
4809,2.000000000000002,2.999999999999995
4810,2.000000000000001,2.9999999999999947
4811,2.000000000000002,2.999999999999995
4812,2.000000000000001,2.9999999999999947
4813,2.000000000000002,2.999999999999995
4814,2.000000000000001,2.9999999999999947
4815,2.000000000000002,2.999999999999995
4816,2.000000000000001,2.9999999999999947
4817,2.000000000000002,2.999999999999995
4818,2.000000000000001,2.9999999999999947
4819,2.000000000000002,2.999999999999995
4820,2.000000000000001,2.9999999999999947
4821,2.000000000000002,2.999999999999995
4822,2.000000000000001,2.9999999999999947
4823,2.000000000000002,2.999999999999995
4824,2.000000000000001,2.9999999999999947
4825,2.000000000000002,2.999999999999995
4826,2.000000000000001,2.9999999999999947
4827,2.000000000000002,2.999999999999995
4828,2.000000000000001,2.9999999999999947
4829,2.000000000000002,2.999999999999995
4830,2.000000000000001,2.9999999999999947
4831,2.000000000000002,2.999999999999995
4832,2.000000000000001,2.9999999999999947
4833,2.000000000000002,2.999999999999995
4834,2.000000000000001,2.9999999999999947
4835,2.000000000000002,2.999999999999995
4836,2.000000000000001,2.9999999999999947
4837,2.000000000000002,2.999999999999995
4838,2.000000000000001,2.9999999999999947
4839,2.000000000000002,2.999999999999995
4840,2.000000000000001,2.9999999999999947
4841,2.000000000000002,2.999999999999995
4842,2.000000000000001,2.9999999999999947
4843,2.000000000000002,2.999999999999995
4844,2.000000000000001,2.9999999999999947
4845,2.000000000000002,2.999999999999995
4846,2.000000000000001,2.9999999999999947
4847,2.000000000000002,2.999999999999995
4848,2.000000000000001,2.9999999999999947
4849,2.000000000000002,2.999999999999995
4850,2.000000000000001,2.9999999999999947
4851,2.000000000000002,2.999999999999995
4852,2.000000000000001,2.9999999999999947
4853,2.000000000000002,2.999999999999995
4854,2.000000000000001,2.9999999999999947
4855,2.000000000000002,2.999999999999995
4856,2.000000000000001,2.9999999999999947
4857,2.000000000000002,2.999999999999995
4858,2.000000000000001,2.9999999999999947
4859,2.000000000000002,2.999999999999995
4860,2.000000000000001,2.9999999999999947
4861,2.000000000000002,2.999999999999995
4862,2.000000000000001,2.9999999999999947
4863,2.000000000000002,2.999999999999995
4864,2.000000000000001,2.9999999999999947
4865,2.000000000000002,2.999999999999995
4866,2.000000000000001,2.9999999999999947
4867,2.000000000000002,2.999999999999995
4868,2.000000000000001,2.9999999999999947
4869,2.000000000000002,2.999999999999995
4870,2.000000000000001,2.9999999999999947
4871,2.000000000000002,2.999999999999995
4872,2.000000000000001,2.9999999999999947
4873,2.000000000000002,2.999999999999995
4874,2.000000000000001,2.9999999999999947
4875,2.000000000000002,2.999999999999995
4876,2.000000000000001,2.9999999999999947
4877,2.000000000000002,2.999999999999995
4878,2.000000000000001,2.9999999999999947
4879,2.000000000000002,2.999999999999995
4880,2.000000000000001,2.9999999999999947
4881,2.000000000000002,2.999999999999995
4882,2.000000000000001,2.9999999999999947
4883,2.000000000000002,2.999999999999995
4884,2.000000000000001,2.9999999999999947
4885,2.000000000000002,2.999999999999995
4886,2.000000000000001,2.9999999999999947
4887,2.000000000000002,2.999999999999995
4888,2.000000000000001,2.9999999999999947
4889,2.000000000000002,2.999999999999995
4890,2.000000000000001,2.9999999999999947
4891,2.000000000000002,2.999999999999995
4892,2.000000000000001,2.9999999999999947
4893,2.000000000000002,2.999999999999995
4894,2.000000000000001,2.9999999999999947
4895,2.000000000000002,2.999999999999995
4896,2.000000000000001,2.9999999999999947
4897,2.000000000000002,2.999999999999995
4898,2.000000000000001,2.9999999999999947
4899,2.000000000000002,2.999999999999995
4900,2.000000000000001,2.9999999999999947
4901,2.000000000000002,2.999999999999995
4902,2.000000000000001,2.9999999999999947
4903,2.000000000000002,2.999999999999995
4904,2.000000000000001,2.9999999999999947
4905,2.000000000000002,2.999999999999995
4906,2.000000000000001,2.9999999999999947
4907,2.000000000000002,2.999999999999995
4908,2.000000000000001,2.9999999999999947
4909,2.000000000000002,2.999999999999995
4910,2.000000000000001,2.9999999999999947
4911,2.000000000000002,2.999999999999995
4912,2.000000000000001,2.9999999999999947
4913,2.000000000000002,2.999999999999995
4914,2.000000000000001,2.9999999999999947
4915,2.000000000000002,2.999999999999995
4916,2.000000000000001,2.9999999999999947
4917,2.000000000000002,2.999999999999995
4918,2.000000000000001,2.9999999999999947
4919,2.000000000000002,2.999999999999995
4920,2.000000000000001,2.9999999999999947
4921,2.000000000000002,2.999999999999995
4922,2.000000000000001,2.9999999999999947
4923,2.000000000000002,2.999999999999995
4924,2.000000000000001,2.9999999999999947
4925,2.000000000000002,2.999999999999995
4926,2.000000000000001,2.9999999999999947
4927,2.000000000000002,2.999999999999995
4928,2.000000000000001,2.9999999999999947
4929,2.000000000000002,2.999999999999995
4930,2.000000000000001,2.9999999999999947
4931,2.000000000000002,2.999999999999995
4932,2.000000000000001,2.9999999999999947
4933,2.000000000000002,2.999999999999995
4934,2.000000000000001,2.9999999999999947
4935,2.000000000000002,2.999999999999995
4936,2.000000000000001,2.9999999999999947
4937,2.000000000000002,2.999999999999995
4938,2.000000000000001,2.9999999999999947
4939,2.000000000000002,2.999999999999995
4940,2.000000000000001,2.9999999999999947
4941,2.000000000000002,2.999999999999995
4942,2.000000000000001,2.9999999999999947
4943,2.000000000000002,2.999999999999995
4944,2.000000000000001,2.9999999999999947
4945,2.000000000000002,2.999999999999995
4946,2.000000000000001,2.9999999999999947
4947,2.000000000000002,2.999999999999995
4948,2.000000000000001,2.9999999999999947
4949,2.000000000000002,2.999999999999995
4950,2.000000000000001,2.9999999999999947
4951,2.000000000000002,2.999999999999995
4952,2.000000000000001,2.9999999999999947
4953,2.000000000000002,2.999999999999995
4954,2.000000000000001,2.9999999999999947
4955,2.000000000000002,2.999999999999995
4956,2.000000000000001,2.9999999999999947
4957,2.000000000000002,2.999999999999995
4958,2.000000000000001,2.9999999999999947
4959,2.000000000000002,2.999999999999995
4960,2.000000000000001,2.9999999999999947
4961,2.000000000000002,2.999999999999995
4962,2.000000000000001,2.9999999999999947
4963,2.000000000000002,2.999999999999995
4964,2.000000000000001,2.9999999999999947
4965,2.000000000000002,2.999999999999995
4966,2.000000000000001,2.9999999999999947
4967,2.000000000000002,2.999999999999995
4968,2.000000000000001,2.9999999999999947
4969,2.000000000000002,2.999999999999995
4970,2.000000000000001,2.9999999999999947
4971,2.000000000000002,2.999999999999995
4972,2.000000000000001,2.9999999999999947
4973,2.000000000000002,2.999999999999995
4974,2.000000000000001,2.9999999999999947
4975,2.000000000000002,2.999999999999995
4976,2.000000000000001,2.9999999999999947
4977,2.000000000000002,2.999999999999995
4978,2.000000000000001,2.9999999999999947
4979,2.000000000000002,2.999999999999995
4980,2.000000000000001,2.9999999999999947
4981,2.000000000000002,2.999999999999995
4982,2.000000000000001,2.9999999999999947
4983,2.000000000000002,2.999999999999995
4984,2.000000000000001,2.9999999999999947
4985,2.000000000000002,2.999999999999995
4986,2.000000000000001,2.9999999999999947
4987,2.000000000000002,2.999999999999995
4988,2.000000000000001,2.9999999999999947
4989,2.000000000000002,2.999999999999995
4990,2.000000000000001,2.9999999999999947
4991,2.000000000000002,2.999999999999995
4992,2.000000000000001,2.9999999999999947
4993,2.000000000000002,2.999999999999995
4994,2.000000000000001,2.9999999999999947
4995,2.000000000000002,2.999999999999995
4996,2.000000000000001,2.9999999999999947
4997,2.000000000000002,2.999999999999995
4998,2.000000000000001,2.9999999999999947
4999,2.000000000000002,2.999999999999995
5000,2.000000000000001,2.9999999999999947
5001,2.000000000000002,2.999999999999995
5002,2.000000000000001,2.9999999999999947
5003,2.000000000000002,2.999999999999995
5004,2.000000000000001,2.9999999999999947
5005,2.000000000000002,2.999999999999995
5006,2.000000000000001,2.9999999999999947
5007,2.000000000000002,2.999999999999995
5008,2.000000000000001,2.9999999999999947
5009,2.000000000000002,2.999999999999995
5010,2.000000000000001,2.9999999999999947
5011,2.000000000000002,2.999999999999995
5012,2.000000000000001,2.9999999999999947
5013,2.000000000000002,2.999999999999995
5014,2.000000000000001,2.9999999999999947
5015,2.000000000000002,2.999999999999995
5016,2.000000000000001,2.9999999999999947
5017,2.000000000000002,2.999999999999995
5018,2.000000000000001,2.9999999999999947
5019,2.000000000000002,2.999999999999995
5020,2.000000000000001,2.9999999999999947
5021,2.000000000000002,2.999999999999995
5022,2.000000000000001,2.9999999999999947
5023,2.000000000000002,2.999999999999995
5024,2.000000000000001,2.9999999999999947
5025,2.000000000000002,2.999999999999995
5026,2.000000000000001,2.9999999999999947
5027,2.000000000000002,2.999999999999995
5028,2.000000000000001,2.9999999999999947
5029,2.000000000000002,2.999999999999995
5030,2.000000000000001,2.9999999999999947
5031,2.000000000000002,2.999999999999995
5032,2.000000000000001,2.9999999999999947
5033,2.000000000000002,2.999999999999995
5034,2.000000000000001,2.9999999999999947
5035,2.000000000000002,2.999999999999995
5036,2.000000000000001,2.9999999999999947
5037,2.000000000000002,2.999999999999995
5038,2.000000000000001,2.9999999999999947
5039,2.000000000000002,2.999999999999995
5040,2.000000000000001,2.9999999999999947
5041,2.000000000000002,2.999999999999995
5042,2.000000000000001,2.9999999999999947
5043,2.000000000000002,2.999999999999995
5044,2.000000000000001,2.9999999999999947
5045,2.000000000000002,2.999999999999995
5046,2.000000000000001,2.9999999999999947
5047,2.000000000000002,2.999999999999995
5048,2.000000000000001,2.9999999999999947
5049,2.000000000000002,2.999999999999995
5050,2.000000000000001,2.9999999999999947
5051,2.000000000000002,2.999999999999995
5052,2.000000000000001,2.9999999999999947
5053,2.000000000000002,2.999999999999995
5054,2.000000000000001,2.9999999999999947
5055,2.000000000000002,2.999999999999995
5056,2.000000000000001,2.9999999999999947
5057,2.000000000000002,2.999999999999995
5058,2.000000000000001,2.9999999999999947
5059,2.000000000000002,2.999999999999995
5060,2.000000000000001,2.9999999999999947
5061,2.000000000000002,2.999999999999995
5062,2.000000000000001,2.9999999999999947
5063,2.000000000000002,2.999999999999995
5064,2.000000000000001,2.9999999999999947
5065,2.000000000000002,2.999999999999995
5066,2.000000000000001,2.9999999999999947
5067,2.000000000000002,2.999999999999995
5068,2.000000000000001,2.9999999999999947
5069,2.000000000000002,2.999999999999995
5070,2.000000000000001,2.9999999999999947
5071,2.000000000000002,2.999999999999995
5072,2.000000000000001,2.9999999999999947
5073,2.000000000000002,2.999999999999995
5074,2.000000000000001,2.9999999999999947
5075,2.000000000000002,2.999999999999995
5076,2.000000000000001,2.9999999999999947
5077,2.000000000000002,2.999999999999995
5078,2.000000000000001,2.9999999999999947
5079,2.000000000000002,2.999999999999995
5080,2.000000000000001,2.9999999999999947
5081,2.000000000000002,2.999999999999995
5082,2.000000000000001,2.9999999999999947
5083,2.000000000000002,2.999999999999995
5084,2.000000000000001,2.9999999999999947
5085,2.000000000000002,2.999999999999995
5086,2.000000000000001,2.9999999999999947
5087,2.000000000000002,2.999999999999995
5088,2.000000000000001,2.9999999999999947
5089,2.000000000000002,2.999999999999995
5090,2.000000000000001,2.9999999999999947
5091,2.000000000000002,2.999999999999995
5092,2.000000000000001,2.9999999999999947
5093,2.000000000000002,2.999999999999995
5094,2.000000000000001,2.9999999999999947
5095,2.000000000000002,2.999999999999995
5096,2.000000000000001,2.9999999999999947
5097,2.000000000000002,2.999999999999995
5098,2.000000000000001,2.9999999999999947
5099,2.000000000000002,2.999999999999995
5100,2.000000000000001,2.9999999999999947
5101,2.000000000000002,2.999999999999995
5102,2.000000000000001,2.9999999999999947
5103,2.000000000000002,2.999999999999995
5104,2.000000000000001,2.9999999999999947
5105,2.000000000000002,2.999999999999995
5106,2.000000000000001,2.9999999999999947
5107,2.000000000000002,2.999999999999995
5108,2.000000000000001,2.9999999999999947
5109,2.000000000000002,2.999999999999995
5110,2.000000000000001,2.9999999999999947
5111,2.000000000000002,2.999999999999995
5112,2.000000000000001,2.9999999999999947
5113,2.000000000000002,2.999999999999995
5114,2.000000000000001,2.9999999999999947
5115,2.000000000000002,2.999999999999995
5116,2.000000000000001,2.9999999999999947
5117,2.000000000000002,2.999999999999995
5118,2.000000000000001,2.9999999999999947
5119,2.000000000000002,2.999999999999995
5120,2.000000000000001,2.9999999999999947
5121,2.000000000000002,2.999999999999995
5122,2.000000000000001,2.9999999999999947
5123,2.000000000000002,2.999999999999995
5124,2.000000000000001,2.9999999999999947
5125,2.000000000000002,2.999999999999995
5126,2.000000000000001,2.9999999999999947
5127,2.000000000000002,2.999999999999995
5128,2.000000000000001,2.9999999999999947
5129,2.000000000000002,2.999999999999995
5130,2.000000000000001,2.9999999999999947
5131,2.000000000000002,2.999999999999995
5132,2.000000000000001,2.9999999999999947
5133,2.000000000000002,2.999999999999995
5134,2.000000000000001,2.9999999999999947
5135,2.000000000000002,2.999999999999995
5136,2.000000000000001,2.9999999999999947
5137,2.000000000000002,2.999999999999995
5138,2.000000000000001,2.9999999999999947
5139,2.000000000000002,2.999999999999995
5140,2.000000000000001,2.9999999999999947
5141,2.000000000000002,2.999999999999995
5142,2.000000000000001,2.9999999999999947
5143,2.000000000000002,2.999999999999995
5144,2.000000000000001,2.9999999999999947
5145,2.000000000000002,2.999999999999995
5146,2.000000000000001,2.9999999999999947
5147,2.000000000000002,2.999999999999995
5148,2.000000000000001,2.9999999999999947
5149,2.000000000000002,2.999999999999995
5150,2.000000000000001,2.9999999999999947
5151,2.000000000000002,2.999999999999995
5152,2.000000000000001,2.9999999999999947
5153,2.000000000000002,2.999999999999995
5154,2.000000000000001,2.9999999999999947
5155,2.000000000000002,2.999999999999995
5156,2.000000000000001,2.9999999999999947
5157,2.000000000000002,2.999999999999995
5158,2.000000000000001,2.9999999999999947
5159,2.000000000000002,2.999999999999995
5160,2.000000000000001,2.9999999999999947
5161,2.000000000000002,2.999999999999995
5162,2.000000000000001,2.9999999999999947
5163,2.000000000000002,2.999999999999995
5164,2.000000000000001,2.9999999999999947
5165,2.000000000000002,2.999999999999995
5166,2.000000000000001,2.9999999999999947
5167,2.000000000000002,2.999999999999995
5168,2.000000000000001,2.9999999999999947
5169,2.000000000000002,2.999999999999995
5170,2.000000000000001,2.9999999999999947
5171,2.000000000000002,2.999999999999995
5172,2.000000000000001,2.9999999999999947
5173,2.000000000000002,2.999999999999995
5174,2.000000000000001,2.9999999999999947
5175,2.000000000000002,2.999999999999995
5176,2.000000000000001,2.9999999999999947
5177,2.000000000000002,2.999999999999995
5178,2.000000000000001,2.9999999999999947
5179,2.000000000000002,2.999999999999995
5180,2.000000000000001,2.9999999999999947
5181,2.000000000000002,2.999999999999995
5182,2.000000000000001,2.9999999999999947
5183,2.000000000000002,2.999999999999995
5184,2.000000000000001,2.9999999999999947
5185,2.000000000000002,2.999999999999995
5186,2.000000000000001,2.9999999999999947
5187,2.000000000000002,2.999999999999995
5188,2.000000000000001,2.9999999999999947
5189,2.000000000000002,2.999999999999995
5190,2.000000000000001,2.9999999999999947
5191,2.000000000000002,2.999999999999995
5192,2.000000000000001,2.9999999999999947
5193,2.000000000000002,2.999999999999995
5194,2.000000000000001,2.9999999999999947
5195,2.000000000000002,2.999999999999995
5196,2.000000000000001,2.9999999999999947
5197,2.000000000000002,2.999999999999995
5198,2.000000000000001,2.9999999999999947
5199,2.000000000000002,2.999999999999995
5200,2.000000000000001,2.9999999999999947
5201,2.000000000000002,2.999999999999995
5202,2.000000000000001,2.9999999999999947
5203,2.000000000000002,2.999999999999995
5204,2.000000000000001,2.9999999999999947
5205,2.000000000000002,2.999999999999995
5206,2.000000000000001,2.9999999999999947
5207,2.000000000000002,2.999999999999995
5208,2.000000000000001,2.9999999999999947
5209,2.000000000000002,2.999999999999995
5210,2.000000000000001,2.9999999999999947
5211,2.000000000000002,2.999999999999995
5212,2.000000000000001,2.9999999999999947
5213,2.000000000000002,2.999999999999995
5214,2.000000000000001,2.9999999999999947
5215,2.000000000000002,2.999999999999995
5216,2.000000000000001,2.9999999999999947
5217,2.000000000000002,2.999999999999995
5218,2.000000000000001,2.9999999999999947
5219,2.000000000000002,2.999999999999995
5220,2.000000000000001,2.9999999999999947
5221,2.000000000000002,2.999999999999995
5222,2.000000000000001,2.9999999999999947
5223,2.000000000000002,2.999999999999995
5224,2.000000000000001,2.9999999999999947
5225,2.000000000000002,2.999999999999995
5226,2.000000000000001,2.9999999999999947
5227,2.000000000000002,2.999999999999995
5228,2.000000000000001,2.9999999999999947
5229,2.000000000000002,2.999999999999995
5230,2.000000000000001,2.9999999999999947
5231,2.000000000000002,2.999999999999995
5232,2.000000000000001,2.9999999999999947
5233,2.000000000000002,2.999999999999995
5234,2.000000000000001,2.9999999999999947
5235,2.000000000000002,2.999999999999995
5236,2.000000000000001,2.9999999999999947
5237,2.000000000000002,2.999999999999995
5238,2.000000000000001,2.9999999999999947
5239,2.000000000000002,2.999999999999995
5240,2.000000000000001,2.9999999999999947
5241,2.000000000000002,2.999999999999995
5242,2.000000000000001,2.9999999999999947
5243,2.000000000000002,2.999999999999995
5244,2.000000000000001,2.9999999999999947
5245,2.000000000000002,2.999999999999995
5246,2.000000000000001,2.9999999999999947
5247,2.000000000000002,2.999999999999995
5248,2.000000000000001,2.9999999999999947
5249,2.000000000000002,2.999999999999995
5250,2.000000000000001,2.9999999999999947
5251,2.000000000000002,2.999999999999995
5252,2.000000000000001,2.9999999999999947
5253,2.000000000000002,2.999999999999995
5254,2.000000000000001,2.9999999999999947
5255,2.000000000000002,2.999999999999995
5256,2.000000000000001,2.9999999999999947
5257,2.000000000000002,2.999999999999995
5258,2.000000000000001,2.9999999999999947
5259,2.000000000000002,2.999999999999995
5260,2.000000000000001,2.9999999999999947
5261,2.000000000000002,2.999999999999995
5262,2.000000000000001,2.9999999999999947
5263,2.000000000000002,2.999999999999995
5264,2.000000000000001,2.9999999999999947
5265,2.000000000000002,2.999999999999995
5266,2.000000000000001,2.9999999999999947
5267,2.000000000000002,2.999999999999995
5268,2.000000000000001,2.9999999999999947
5269,2.000000000000002,2.999999999999995
5270,2.000000000000001,2.9999999999999947
5271,2.000000000000002,2.999999999999995
5272,2.000000000000001,2.9999999999999947
5273,2.000000000000002,2.999999999999995
5274,2.000000000000001,2.9999999999999947
5275,2.000000000000002,2.999999999999995
5276,2.000000000000001,2.9999999999999947
5277,2.000000000000002,2.999999999999995
5278,2.000000000000001,2.9999999999999947
5279,2.000000000000002,2.999999999999995
5280,2.000000000000001,2.9999999999999947
5281,2.000000000000002,2.999999999999995
5282,2.000000000000001,2.9999999999999947
5283,2.000000000000002,2.999999999999995
5284,2.000000000000001,2.9999999999999947
5285,2.000000000000002,2.999999999999995
5286,2.000000000000001,2.9999999999999947
5287,2.000000000000002,2.999999999999995
5288,2.000000000000001,2.9999999999999947
5289,2.000000000000002,2.999999999999995
5290,2.000000000000001,2.9999999999999947
5291,2.000000000000002,2.999999999999995
5292,2.000000000000001,2.9999999999999947
5293,2.000000000000002,2.999999999999995
5294,2.000000000000001,2.9999999999999947
5295,2.000000000000002,2.999999999999995
5296,2.000000000000001,2.9999999999999947
5297,2.000000000000002,2.999999999999995
5298,2.000000000000001,2.9999999999999947
5299,2.000000000000002,2.999999999999995
5300,2.000000000000001,2.9999999999999947
5301,2.000000000000002,2.999999999999995
5302,2.000000000000001,2.9999999999999947
5303,2.000000000000002,2.999999999999995
5304,2.000000000000001,2.9999999999999947
5305,2.000000000000002,2.999999999999995
5306,2.000000000000001,2.9999999999999947
5307,2.000000000000002,2.999999999999995
5308,2.000000000000001,2.9999999999999947
5309,2.000000000000002,2.999999999999995
5310,2.000000000000001,2.9999999999999947
5311,2.000000000000002,2.999999999999995
5312,2.000000000000001,2.9999999999999947
5313,2.000000000000002,2.999999999999995
5314,2.000000000000001,2.9999999999999947
5315,2.000000000000002,2.999999999999995
5316,2.000000000000001,2.9999999999999947
5317,2.000000000000002,2.999999999999995
5318,2.000000000000001,2.9999999999999947
5319,2.000000000000002,2.999999999999995
5320,2.000000000000001,2.9999999999999947
5321,2.000000000000002,2.999999999999995
5322,2.000000000000001,2.9999999999999947
5323,2.000000000000002,2.999999999999995
5324,2.000000000000001,2.9999999999999947
5325,2.000000000000002,2.999999999999995
5326,2.000000000000001,2.9999999999999947
5327,2.000000000000002,2.999999999999995
5328,2.000000000000001,2.9999999999999947
5329,2.000000000000002,2.999999999999995
5330,2.000000000000001,2.9999999999999947
5331,2.000000000000002,2.999999999999995
5332,2.000000000000001,2.9999999999999947
5333,2.000000000000002,2.999999999999995
5334,2.000000000000001,2.9999999999999947
5335,2.000000000000002,2.999999999999995
5336,2.000000000000001,2.9999999999999947
5337,2.000000000000002,2.999999999999995
5338,2.000000000000001,2.9999999999999947
5339,2.000000000000002,2.999999999999995
5340,2.000000000000001,2.9999999999999947
5341,2.000000000000002,2.999999999999995
5342,2.000000000000001,2.9999999999999947
5343,2.000000000000002,2.999999999999995
5344,2.000000000000001,2.9999999999999947
5345,2.000000000000002,2.999999999999995
5346,2.000000000000001,2.9999999999999947
5347,2.000000000000002,2.999999999999995
5348,2.000000000000001,2.9999999999999947
5349,2.000000000000002,2.999999999999995
5350,2.000000000000001,2.9999999999999947
5351,2.000000000000002,2.999999999999995
5352,2.000000000000001,2.9999999999999947
5353,2.000000000000002,2.999999999999995
5354,2.000000000000001,2.9999999999999947
5355,2.000000000000002,2.999999999999995
5356,2.000000000000001,2.9999999999999947
5357,2.000000000000002,2.999999999999995
5358,2.000000000000001,2.9999999999999947
5359,2.000000000000002,2.999999999999995
5360,2.000000000000001,2.9999999999999947
5361,2.000000000000002,2.999999999999995
5362,2.000000000000001,2.9999999999999947
5363,2.000000000000002,2.999999999999995
5364,2.000000000000001,2.9999999999999947
5365,2.000000000000002,2.999999999999995
5366,2.000000000000001,2.9999999999999947
5367,2.000000000000002,2.999999999999995
5368,2.000000000000001,2.9999999999999947
5369,2.000000000000002,2.999999999999995
5370,2.000000000000001,2.9999999999999947
5371,2.000000000000002,2.999999999999995
5372,2.000000000000001,2.9999999999999947
5373,2.000000000000002,2.999999999999995
5374,2.000000000000001,2.9999999999999947
5375,2.000000000000002,2.999999999999995
5376,2.000000000000001,2.9999999999999947
5377,2.000000000000002,2.999999999999995
5378,2.000000000000001,2.9999999999999947
5379,2.000000000000002,2.999999999999995
5380,2.000000000000001,2.9999999999999947
5381,2.000000000000002,2.999999999999995
5382,2.000000000000001,2.9999999999999947
5383,2.000000000000002,2.999999999999995
5384,2.000000000000001,2.9999999999999947
5385,2.000000000000002,2.999999999999995
5386,2.000000000000001,2.9999999999999947
5387,2.000000000000002,2.999999999999995
5388,2.000000000000001,2.9999999999999947
5389,2.000000000000002,2.999999999999995
5390,2.000000000000001,2.9999999999999947
5391,2.000000000000002,2.999999999999995
5392,2.000000000000001,2.9999999999999947
5393,2.000000000000002,2.999999999999995
5394,2.000000000000001,2.9999999999999947
5395,2.000000000000002,2.999999999999995
5396,2.000000000000001,2.9999999999999947
5397,2.000000000000002,2.999999999999995
5398,2.000000000000001,2.9999999999999947
5399,2.000000000000002,2.999999999999995
5400,2.000000000000001,2.9999999999999947
5401,2.000000000000002,2.999999999999995
5402,2.000000000000001,2.9999999999999947
5403,2.000000000000002,2.999999999999995
5404,2.000000000000001,2.9999999999999947
5405,2.000000000000002,2.999999999999995
5406,2.000000000000001,2.9999999999999947
5407,2.000000000000002,2.999999999999995
5408,2.000000000000001,2.9999999999999947
5409,2.000000000000002,2.999999999999995
5410,2.000000000000001,2.9999999999999947
5411,2.000000000000002,2.999999999999995
5412,2.000000000000001,2.9999999999999947
5413,2.000000000000002,2.999999999999995
5414,2.000000000000001,2.9999999999999947
5415,2.000000000000002,2.999999999999995
5416,2.000000000000001,2.9999999999999947
5417,2.000000000000002,2.999999999999995
5418,2.000000000000001,2.9999999999999947
5419,2.000000000000002,2.999999999999995
5420,2.000000000000001,2.9999999999999947
5421,2.000000000000002,2.999999999999995
5422,2.000000000000001,2.9999999999999947
5423,2.000000000000002,2.999999999999995
5424,2.000000000000001,2.9999999999999947
5425,2.000000000000002,2.999999999999995
5426,2.000000000000001,2.9999999999999947
5427,2.000000000000002,2.999999999999995
5428,2.000000000000001,2.9999999999999947
5429,2.000000000000002,2.999999999999995
5430,2.000000000000001,2.9999999999999947
5431,2.000000000000002,2.999999999999995
5432,2.000000000000001,2.9999999999999947
5433,2.000000000000002,2.999999999999995
5434,2.000000000000001,2.9999999999999947
5435,2.000000000000002,2.999999999999995
5436,2.000000000000001,2.9999999999999947
5437,2.000000000000002,2.999999999999995
5438,2.000000000000001,2.9999999999999947
5439,2.000000000000002,2.999999999999995
5440,2.000000000000001,2.9999999999999947
5441,2.000000000000002,2.999999999999995
5442,2.000000000000001,2.9999999999999947
5443,2.000000000000002,2.999999999999995
5444,2.000000000000001,2.9999999999999947
5445,2.000000000000002,2.999999999999995
5446,2.000000000000001,2.9999999999999947
5447,2.000000000000002,2.999999999999995
5448,2.000000000000001,2.9999999999999947
5449,2.000000000000002,2.999999999999995
5450,2.000000000000001,2.9999999999999947
5451,2.000000000000002,2.999999999999995
5452,2.000000000000001,2.9999999999999947
5453,2.000000000000002,2.999999999999995
5454,2.000000000000001,2.9999999999999947
5455,2.000000000000002,2.999999999999995
5456,2.000000000000001,2.9999999999999947
5457,2.000000000000002,2.999999999999995
5458,2.000000000000001,2.9999999999999947
5459,2.000000000000002,2.999999999999995
5460,2.000000000000001,2.9999999999999947
5461,2.000000000000002,2.999999999999995
5462,2.000000000000001,2.9999999999999947
5463,2.000000000000002,2.999999999999995
5464,2.000000000000001,2.9999999999999947
5465,2.000000000000002,2.999999999999995
5466,2.000000000000001,2.9999999999999947
5467,2.000000000000002,2.999999999999995
5468,2.000000000000001,2.9999999999999947
5469,2.000000000000002,2.999999999999995
5470,2.000000000000001,2.9999999999999947
5471,2.000000000000002,2.999999999999995
5472,2.000000000000001,2.9999999999999947
5473,2.000000000000002,2.999999999999995
5474,2.000000000000001,2.9999999999999947
5475,2.000000000000002,2.999999999999995
5476,2.000000000000001,2.9999999999999947
5477,2.000000000000002,2.999999999999995
5478,2.000000000000001,2.9999999999999947
5479,2.000000000000002,2.999999999999995
5480,2.000000000000001,2.9999999999999947
5481,2.000000000000002,2.999999999999995
5482,2.000000000000001,2.9999999999999947
5483,2.000000000000002,2.999999999999995
5484,2.000000000000001,2.9999999999999947
5485,2.000000000000002,2.999999999999995
5486,2.000000000000001,2.9999999999999947
5487,2.000000000000002,2.999999999999995
5488,2.000000000000001,2.9999999999999947
5489,2.000000000000002,2.999999999999995
5490,2.000000000000001,2.9999999999999947
5491,2.000000000000002,2.999999999999995
5492,2.000000000000001,2.9999999999999947
5493,2.000000000000002,2.999999999999995
5494,2.000000000000001,2.9999999999999947
5495,2.000000000000002,2.999999999999995
5496,2.000000000000001,2.9999999999999947
5497,2.000000000000002,2.999999999999995
5498,2.000000000000001,2.9999999999999947
5499,2.000000000000002,2.999999999999995
5500,2.000000000000001,2.9999999999999947
5501,2.000000000000002,2.999999999999995
5502,2.000000000000001,2.9999999999999947
5503,2.000000000000002,2.999999999999995
5504,2.000000000000001,2.9999999999999947
5505,2.000000000000002,2.999999999999995
5506,2.000000000000001,2.9999999999999947
5507,2.000000000000002,2.999999999999995
5508,2.000000000000001,2.9999999999999947
5509,2.000000000000002,2.999999999999995
5510,2.000000000000001,2.9999999999999947
5511,2.000000000000002,2.999999999999995
5512,2.000000000000001,2.9999999999999947
5513,2.000000000000002,2.999999999999995
5514,2.000000000000001,2.9999999999999947
5515,2.000000000000002,2.999999999999995
5516,2.000000000000001,2.9999999999999947
5517,2.000000000000002,2.999999999999995
5518,2.000000000000001,2.9999999999999947
5519,2.000000000000002,2.999999999999995
5520,2.000000000000001,2.9999999999999947
5521,2.000000000000002,2.999999999999995
5522,2.000000000000001,2.9999999999999947
5523,2.000000000000002,2.999999999999995
5524,2.000000000000001,2.9999999999999947
5525,2.000000000000002,2.999999999999995
5526,2.000000000000001,2.9999999999999947
5527,2.000000000000002,2.999999999999995
5528,2.000000000000001,2.9999999999999947
5529,2.000000000000002,2.999999999999995
5530,2.000000000000001,2.9999999999999947
5531,2.000000000000002,2.999999999999995
5532,2.000000000000001,2.9999999999999947
5533,2.000000000000002,2.999999999999995
5534,2.000000000000001,2.9999999999999947
5535,2.000000000000002,2.999999999999995
5536,2.000000000000001,2.9999999999999947
5537,2.000000000000002,2.999999999999995
5538,2.000000000000001,2.9999999999999947
5539,2.000000000000002,2.999999999999995
5540,2.000000000000001,2.9999999999999947
5541,2.000000000000002,2.999999999999995
5542,2.000000000000001,2.9999999999999947
5543,2.000000000000002,2.999999999999995
5544,2.000000000000001,2.9999999999999947
5545,2.000000000000002,2.999999999999995
5546,2.000000000000001,2.9999999999999947
5547,2.000000000000002,2.999999999999995
5548,2.000000000000001,2.9999999999999947
5549,2.000000000000002,2.999999999999995
5550,2.000000000000001,2.9999999999999947
5551,2.000000000000002,2.999999999999995
5552,2.000000000000001,2.9999999999999947
5553,2.000000000000002,2.999999999999995
5554,2.000000000000001,2.9999999999999947
5555,2.000000000000002,2.999999999999995
5556,2.000000000000001,2.9999999999999947
5557,2.000000000000002,2.999999999999995
5558,2.000000000000001,2.9999999999999947
5559,2.000000000000002,2.999999999999995
5560,2.000000000000001,2.9999999999999947
5561,2.000000000000002,2.999999999999995
5562,2.000000000000001,2.9999999999999947
5563,2.000000000000002,2.999999999999995
5564,2.000000000000001,2.9999999999999947
5565,2.000000000000002,2.999999999999995
5566,2.000000000000001,2.9999999999999947
5567,2.000000000000002,2.999999999999995
5568,2.000000000000001,2.9999999999999947
5569,2.000000000000002,2.999999999999995
5570,2.000000000000001,2.9999999999999947
5571,2.000000000000002,2.999999999999995
5572,2.000000000000001,2.9999999999999947
5573,2.000000000000002,2.999999999999995
5574,2.000000000000001,2.9999999999999947
5575,2.000000000000002,2.999999999999995
5576,2.000000000000001,2.9999999999999947
5577,2.000000000000002,2.999999999999995
5578,2.000000000000001,2.9999999999999947
5579,2.000000000000002,2.999999999999995
5580,2.000000000000001,2.9999999999999947
5581,2.000000000000002,2.999999999999995
5582,2.000000000000001,2.9999999999999947
5583,2.000000000000002,2.999999999999995
5584,2.000000000000001,2.9999999999999947
5585,2.000000000000002,2.999999999999995
5586,2.000000000000001,2.9999999999999947
5587,2.000000000000002,2.999999999999995
5588,2.000000000000001,2.9999999999999947
5589,2.000000000000002,2.999999999999995
5590,2.000000000000001,2.9999999999999947
5591,2.000000000000002,2.999999999999995
5592,2.000000000000001,2.9999999999999947
5593,2.000000000000002,2.999999999999995
5594,2.000000000000001,2.9999999999999947
5595,2.000000000000002,2.999999999999995
5596,2.000000000000001,2.9999999999999947
5597,2.000000000000002,2.999999999999995
5598,2.000000000000001,2.9999999999999947
5599,2.000000000000002,2.999999999999995
5600,2.000000000000001,2.9999999999999947
5601,2.000000000000002,2.999999999999995
5602,2.000000000000001,2.9999999999999947
5603,2.000000000000002,2.999999999999995
5604,2.000000000000001,2.9999999999999947
5605,2.000000000000002,2.999999999999995
5606,2.000000000000001,2.9999999999999947
5607,2.000000000000002,2.999999999999995
5608,2.000000000000001,2.9999999999999947
5609,2.000000000000002,2.999999999999995
5610,2.000000000000001,2.9999999999999947
5611,2.000000000000002,2.999999999999995
5612,2.000000000000001,2.9999999999999947
5613,2.000000000000002,2.999999999999995
5614,2.000000000000001,2.9999999999999947
5615,2.000000000000002,2.999999999999995
5616,2.000000000000001,2.9999999999999947
5617,2.000000000000002,2.999999999999995
5618,2.000000000000001,2.9999999999999947
5619,2.000000000000002,2.999999999999995
5620,2.000000000000001,2.9999999999999947
5621,2.000000000000002,2.999999999999995
5622,2.000000000000001,2.9999999999999947
5623,2.000000000000002,2.999999999999995
5624,2.000000000000001,2.9999999999999947
5625,2.000000000000002,2.999999999999995
5626,2.000000000000001,2.9999999999999947
5627,2.000000000000002,2.999999999999995
5628,2.000000000000001,2.9999999999999947
5629,2.000000000000002,2.999999999999995
5630,2.000000000000001,2.9999999999999947
5631,2.000000000000002,2.999999999999995
5632,2.000000000000001,2.9999999999999947
5633,2.000000000000002,2.999999999999995
5634,2.000000000000001,2.9999999999999947
5635,2.000000000000002,2.999999999999995
5636,2.000000000000001,2.9999999999999947
5637,2.000000000000002,2.999999999999995
5638,2.000000000000001,2.9999999999999947
5639,2.000000000000002,2.999999999999995
5640,2.000000000000001,2.9999999999999947
5641,2.000000000000002,2.999999999999995
5642,2.000000000000001,2.9999999999999947
5643,2.000000000000002,2.999999999999995
5644,2.000000000000001,2.9999999999999947
5645,2.000000000000002,2.999999999999995
5646,2.000000000000001,2.9999999999999947
5647,2.000000000000002,2.999999999999995
5648,2.000000000000001,2.9999999999999947
5649,2.000000000000002,2.999999999999995
5650,2.000000000000001,2.9999999999999947
5651,2.000000000000002,2.999999999999995
5652,2.000000000000001,2.9999999999999947
5653,2.000000000000002,2.999999999999995
5654,2.000000000000001,2.9999999999999947
5655,2.000000000000002,2.999999999999995
5656,2.000000000000001,2.9999999999999947
5657,2.000000000000002,2.999999999999995
5658,2.000000000000001,2.9999999999999947
5659,2.000000000000002,2.999999999999995
5660,2.000000000000001,2.9999999999999947
5661,2.000000000000002,2.999999999999995
5662,2.000000000000001,2.9999999999999947
5663,2.000000000000002,2.999999999999995
5664,2.000000000000001,2.9999999999999947
5665,2.000000000000002,2.999999999999995
5666,2.000000000000001,2.9999999999999947
5667,2.000000000000002,2.999999999999995
5668,2.000000000000001,2.9999999999999947
5669,2.000000000000002,2.999999999999995
5670,2.000000000000001,2.9999999999999947
5671,2.000000000000002,2.999999999999995
5672,2.000000000000001,2.9999999999999947
5673,2.000000000000002,2.999999999999995
5674,2.000000000000001,2.9999999999999947
5675,2.000000000000002,2.999999999999995
5676,2.000000000000001,2.9999999999999947
5677,2.000000000000002,2.999999999999995
5678,2.000000000000001,2.9999999999999947
5679,2.000000000000002,2.999999999999995
5680,2.000000000000001,2.9999999999999947
5681,2.000000000000002,2.999999999999995
5682,2.000000000000001,2.9999999999999947
5683,2.000000000000002,2.999999999999995
5684,2.000000000000001,2.9999999999999947
5685,2.000000000000002,2.999999999999995
5686,2.000000000000001,2.9999999999999947
5687,2.000000000000002,2.999999999999995
5688,2.000000000000001,2.9999999999999947
5689,2.000000000000002,2.999999999999995
5690,2.000000000000001,2.9999999999999947
5691,2.000000000000002,2.999999999999995
5692,2.000000000000001,2.9999999999999947
5693,2.000000000000002,2.999999999999995
5694,2.000000000000001,2.9999999999999947
5695,2.000000000000002,2.999999999999995
5696,2.000000000000001,2.9999999999999947
5697,2.000000000000002,2.999999999999995
5698,2.000000000000001,2.9999999999999947
5699,2.000000000000002,2.999999999999995
5700,2.000000000000001,2.9999999999999947
5701,2.000000000000002,2.999999999999995
5702,2.000000000000001,2.9999999999999947
5703,2.000000000000002,2.999999999999995
5704,2.000000000000001,2.9999999999999947
5705,2.000000000000002,2.999999999999995
5706,2.000000000000001,2.9999999999999947
5707,2.000000000000002,2.999999999999995
5708,2.000000000000001,2.9999999999999947
5709,2.000000000000002,2.999999999999995
5710,2.000000000000001,2.9999999999999947
5711,2.000000000000002,2.999999999999995
5712,2.000000000000001,2.9999999999999947
5713,2.000000000000002,2.999999999999995
5714,2.000000000000001,2.9999999999999947
5715,2.000000000000002,2.999999999999995
5716,2.000000000000001,2.9999999999999947
5717,2.000000000000002,2.999999999999995
5718,2.000000000000001,2.9999999999999947
5719,2.000000000000002,2.999999999999995
5720,2.000000000000001,2.9999999999999947
5721,2.000000000000002,2.999999999999995
5722,2.000000000000001,2.9999999999999947
5723,2.000000000000002,2.999999999999995
5724,2.000000000000001,2.9999999999999947
5725,2.000000000000002,2.999999999999995
5726,2.000000000000001,2.9999999999999947
5727,2.000000000000002,2.999999999999995
5728,2.000000000000001,2.9999999999999947
5729,2.000000000000002,2.999999999999995
5730,2.000000000000001,2.9999999999999947
5731,2.000000000000002,2.999999999999995
5732,2.000000000000001,2.9999999999999947
5733,2.000000000000002,2.999999999999995
5734,2.000000000000001,2.9999999999999947
5735,2.000000000000002,2.999999999999995
5736,2.000000000000001,2.9999999999999947
5737,2.000000000000002,2.999999999999995
5738,2.000000000000001,2.9999999999999947
5739,2.000000000000002,2.999999999999995
5740,2.000000000000001,2.9999999999999947
5741,2.000000000000002,2.999999999999995
5742,2.000000000000001,2.9999999999999947
5743,2.000000000000002,2.999999999999995
5744,2.000000000000001,2.9999999999999947
5745,2.000000000000002,2.999999999999995
5746,2.000000000000001,2.9999999999999947
5747,2.000000000000002,2.999999999999995
5748,2.000000000000001,2.9999999999999947
5749,2.000000000000002,2.999999999999995
5750,2.000000000000001,2.9999999999999947
5751,2.000000000000002,2.999999999999995
5752,2.000000000000001,2.9999999999999947
5753,2.000000000000002,2.999999999999995
5754,2.000000000000001,2.9999999999999947
5755,2.000000000000002,2.999999999999995
5756,2.000000000000001,2.9999999999999947
5757,2.000000000000002,2.999999999999995
5758,2.000000000000001,2.9999999999999947
5759,2.000000000000002,2.999999999999995
5760,2.000000000000001,2.9999999999999947
5761,2.000000000000002,2.999999999999995
5762,2.000000000000001,2.9999999999999947
5763,2.000000000000002,2.999999999999995
5764,2.000000000000001,2.9999999999999947
5765,2.000000000000002,2.999999999999995
5766,2.000000000000001,2.9999999999999947
5767,2.000000000000002,2.999999999999995
5768,2.000000000000001,2.9999999999999947
5769,2.000000000000002,2.999999999999995
5770,2.000000000000001,2.9999999999999947
5771,2.000000000000002,2.999999999999995
5772,2.000000000000001,2.9999999999999947
5773,2.000000000000002,2.999999999999995
5774,2.000000000000001,2.9999999999999947
5775,2.000000000000002,2.999999999999995
5776,2.000000000000001,2.9999999999999947
5777,2.000000000000002,2.999999999999995
5778,2.000000000000001,2.9999999999999947
5779,2.000000000000002,2.999999999999995
5780,2.000000000000001,2.9999999999999947
5781,2.000000000000002,2.999999999999995
5782,2.000000000000001,2.9999999999999947
5783,2.000000000000002,2.999999999999995
5784,2.000000000000001,2.9999999999999947
5785,2.000000000000002,2.999999999999995
5786,2.000000000000001,2.9999999999999947
5787,2.000000000000002,2.999999999999995
5788,2.000000000000001,2.9999999999999947
5789,2.000000000000002,2.999999999999995
5790,2.000000000000001,2.9999999999999947
5791,2.000000000000002,2.999999999999995
5792,2.000000000000001,2.9999999999999947
5793,2.000000000000002,2.999999999999995
5794,2.000000000000001,2.9999999999999947
5795,2.000000000000002,2.999999999999995
5796,2.000000000000001,2.9999999999999947
5797,2.000000000000002,2.999999999999995
5798,2.000000000000001,2.9999999999999947
5799,2.000000000000002,2.999999999999995
5800,2.000000000000001,2.9999999999999947
5801,2.000000000000002,2.999999999999995
5802,2.000000000000001,2.9999999999999947
5803,2.000000000000002,2.999999999999995
5804,2.000000000000001,2.9999999999999947
5805,2.000000000000002,2.999999999999995
5806,2.000000000000001,2.9999999999999947
5807,2.000000000000002,2.999999999999995
5808,2.000000000000001,2.9999999999999947
5809,2.000000000000002,2.999999999999995
5810,2.000000000000001,2.9999999999999947
5811,2.000000000000002,2.999999999999995
5812,2.000000000000001,2.9999999999999947
5813,2.000000000000002,2.999999999999995
5814,2.000000000000001,2.9999999999999947
5815,2.000000000000002,2.999999999999995
5816,2.000000000000001,2.9999999999999947
5817,2.000000000000002,2.999999999999995
5818,2.000000000000001,2.9999999999999947
5819,2.000000000000002,2.999999999999995
5820,2.000000000000001,2.9999999999999947
5821,2.000000000000002,2.999999999999995
5822,2.000000000000001,2.9999999999999947
5823,2.000000000000002,2.999999999999995
5824,2.000000000000001,2.9999999999999947
5825,2.000000000000002,2.999999999999995
5826,2.000000000000001,2.9999999999999947
5827,2.000000000000002,2.999999999999995
5828,2.000000000000001,2.9999999999999947
5829,2.000000000000002,2.999999999999995
5830,2.000000000000001,2.9999999999999947
5831,2.000000000000002,2.999999999999995
5832,2.000000000000001,2.9999999999999947
5833,2.000000000000002,2.999999999999995
5834,2.000000000000001,2.9999999999999947
5835,2.000000000000002,2.999999999999995
5836,2.000000000000001,2.9999999999999947
5837,2.000000000000002,2.999999999999995
5838,2.000000000000001,2.9999999999999947
5839,2.000000000000002,2.999999999999995
5840,2.000000000000001,2.9999999999999947
5841,2.000000000000002,2.999999999999995
5842,2.000000000000001,2.9999999999999947
5843,2.000000000000002,2.999999999999995
5844,2.000000000000001,2.9999999999999947
5845,2.000000000000002,2.999999999999995
5846,2.000000000000001,2.9999999999999947
5847,2.000000000000002,2.999999999999995
5848,2.000000000000001,2.9999999999999947
5849,2.000000000000002,2.999999999999995
5850,2.000000000000001,2.9999999999999947
5851,2.000000000000002,2.999999999999995
5852,2.000000000000001,2.9999999999999947
5853,2.000000000000002,2.999999999999995
5854,2.000000000000001,2.9999999999999947
5855,2.000000000000002,2.999999999999995
5856,2.000000000000001,2.9999999999999947
5857,2.000000000000002,2.999999999999995
5858,2.000000000000001,2.9999999999999947
5859,2.000000000000002,2.999999999999995
5860,2.000000000000001,2.9999999999999947
5861,2.000000000000002,2.999999999999995
5862,2.000000000000001,2.9999999999999947
5863,2.000000000000002,2.999999999999995
5864,2.000000000000001,2.9999999999999947
5865,2.000000000000002,2.999999999999995
5866,2.000000000000001,2.9999999999999947
5867,2.000000000000002,2.999999999999995
5868,2.000000000000001,2.9999999999999947
5869,2.000000000000002,2.999999999999995
5870,2.000000000000001,2.9999999999999947
5871,2.000000000000002,2.999999999999995
5872,2.000000000000001,2.9999999999999947
5873,2.000000000000002,2.999999999999995
5874,2.000000000000001,2.9999999999999947
5875,2.000000000000002,2.999999999999995
5876,2.000000000000001,2.9999999999999947
5877,2.000000000000002,2.999999999999995
5878,2.000000000000001,2.9999999999999947
5879,2.000000000000002,2.999999999999995
5880,2.000000000000001,2.9999999999999947
5881,2.000000000000002,2.999999999999995
5882,2.000000000000001,2.9999999999999947
5883,2.000000000000002,2.999999999999995
5884,2.000000000000001,2.9999999999999947
5885,2.000000000000002,2.999999999999995
5886,2.000000000000001,2.9999999999999947
5887,2.000000000000002,2.999999999999995
5888,2.000000000000001,2.9999999999999947
5889,2.000000000000002,2.999999999999995
5890,2.000000000000001,2.9999999999999947
5891,2.000000000000002,2.999999999999995
5892,2.000000000000001,2.9999999999999947
5893,2.000000000000002,2.999999999999995
5894,2.000000000000001,2.9999999999999947
5895,2.000000000000002,2.999999999999995
5896,2.000000000000001,2.9999999999999947
5897,2.000000000000002,2.999999999999995
5898,2.000000000000001,2.9999999999999947
5899,2.000000000000002,2.999999999999995
5900,2.000000000000001,2.9999999999999947
5901,2.000000000000002,2.999999999999995
5902,2.000000000000001,2.9999999999999947
5903,2.000000000000002,2.999999999999995
5904,2.000000000000001,2.9999999999999947
5905,2.000000000000002,2.999999999999995
5906,2.000000000000001,2.9999999999999947
5907,2.000000000000002,2.999999999999995
5908,2.000000000000001,2.9999999999999947
5909,2.000000000000002,2.999999999999995
5910,2.000000000000001,2.9999999999999947
5911,2.000000000000002,2.999999999999995
5912,2.000000000000001,2.9999999999999947
5913,2.000000000000002,2.999999999999995
5914,2.000000000000001,2.9999999999999947
5915,2.000000000000002,2.999999999999995
5916,2.000000000000001,2.9999999999999947
5917,2.000000000000002,2.999999999999995
5918,2.000000000000001,2.9999999999999947
5919,2.000000000000002,2.999999999999995
5920,2.000000000000001,2.9999999999999947
5921,2.000000000000002,2.999999999999995
5922,2.000000000000001,2.9999999999999947
5923,2.000000000000002,2.999999999999995
5924,2.000000000000001,2.9999999999999947
5925,2.000000000000002,2.999999999999995
5926,2.000000000000001,2.9999999999999947
5927,2.000000000000002,2.999999999999995
5928,2.000000000000001,2.9999999999999947
5929,2.000000000000002,2.999999999999995
5930,2.000000000000001,2.9999999999999947
5931,2.000000000000002,2.999999999999995
5932,2.000000000000001,2.9999999999999947
5933,2.000000000000002,2.999999999999995
5934,2.000000000000001,2.9999999999999947
5935,2.000000000000002,2.999999999999995
5936,2.000000000000001,2.9999999999999947
5937,2.000000000000002,2.999999999999995
5938,2.000000000000001,2.9999999999999947
5939,2.000000000000002,2.999999999999995
5940,2.000000000000001,2.9999999999999947
5941,2.000000000000002,2.999999999999995
5942,2.000000000000001,2.9999999999999947
5943,2.000000000000002,2.999999999999995
5944,2.000000000000001,2.9999999999999947
5945,2.000000000000002,2.999999999999995
5946,2.000000000000001,2.9999999999999947
5947,2.000000000000002,2.999999999999995
5948,2.000000000000001,2.9999999999999947
5949,2.000000000000002,2.999999999999995
5950,2.000000000000001,2.9999999999999947
5951,2.000000000000002,2.999999999999995
5952,2.000000000000001,2.9999999999999947
5953,2.000000000000002,2.999999999999995
5954,2.000000000000001,2.9999999999999947
5955,2.000000000000002,2.999999999999995
5956,2.000000000000001,2.9999999999999947
5957,2.000000000000002,2.999999999999995
5958,2.000000000000001,2.9999999999999947
5959,2.000000000000002,2.999999999999995
5960,2.000000000000001,2.9999999999999947
5961,2.000000000000002,2.999999999999995
5962,2.000000000000001,2.9999999999999947
5963,2.000000000000002,2.999999999999995
5964,2.000000000000001,2.9999999999999947
5965,2.000000000000002,2.999999999999995
5966,2.000000000000001,2.9999999999999947
5967,2.000000000000002,2.999999999999995
5968,2.000000000000001,2.9999999999999947
5969,2.000000000000002,2.999999999999995
5970,2.000000000000001,2.9999999999999947
5971,2.000000000000002,2.999999999999995
5972,2.000000000000001,2.9999999999999947
5973,2.000000000000002,2.999999999999995
5974,2.000000000000001,2.9999999999999947
5975,2.000000000000002,2.999999999999995
5976,2.000000000000001,2.9999999999999947
5977,2.000000000000002,2.999999999999995
5978,2.000000000000001,2.9999999999999947
5979,2.000000000000002,2.999999999999995
5980,2.000000000000001,2.9999999999999947
5981,2.000000000000002,2.999999999999995
5982,2.000000000000001,2.9999999999999947
5983,2.000000000000002,2.999999999999995
5984,2.000000000000001,2.9999999999999947
5985,2.000000000000002,2.999999999999995
5986,2.000000000000001,2.9999999999999947
5987,2.000000000000002,2.999999999999995
5988,2.000000000000001,2.9999999999999947
5989,2.000000000000002,2.999999999999995
5990,2.000000000000001,2.9999999999999947
5991,2.000000000000002,2.999999999999995
5992,2.000000000000001,2.9999999999999947
5993,2.000000000000002,2.999999999999995
5994,2.000000000000001,2.9999999999999947
5995,2.000000000000002,2.999999999999995
5996,2.000000000000001,2.9999999999999947
5997,2.000000000000002,2.999999999999995
5998,2.000000000000001,2.9999999999999947
5999,2.000000000000002,2.999999999999995
6000,2.000000000000001,2.9999999999999947
6001,2.000000000000002,2.999999999999995
6002,2.000000000000001,2.9999999999999947
6003,2.000000000000002,2.999999999999995
6004,2.000000000000001,2.9999999999999947
6005,2.000000000000002,2.999999999999995
6006,2.000000000000001,2.9999999999999947
6007,2.000000000000002,2.999999999999995
6008,2.000000000000001,2.9999999999999947
6009,2.000000000000002,2.999999999999995
6010,2.000000000000001,2.9999999999999947
6011,2.000000000000002,2.999999999999995
6012,2.000000000000001,2.9999999999999947
6013,2.000000000000002,2.999999999999995
6014,2.000000000000001,2.9999999999999947
6015,2.000000000000002,2.999999999999995
6016,2.000000000000001,2.9999999999999947
6017,2.000000000000002,2.999999999999995
6018,2.000000000000001,2.9999999999999947
6019,2.000000000000002,2.999999999999995
6020,2.000000000000001,2.9999999999999947
6021,2.000000000000002,2.999999999999995
6022,2.000000000000001,2.9999999999999947
6023,2.000000000000002,2.999999999999995
6024,2.000000000000001,2.9999999999999947
6025,2.000000000000002,2.999999999999995
6026,2.000000000000001,2.9999999999999947
6027,2.000000000000002,2.999999999999995
6028,2.000000000000001,2.9999999999999947
6029,2.000000000000002,2.999999999999995
6030,2.000000000000001,2.9999999999999947
6031,2.000000000000002,2.999999999999995
6032,2.000000000000001,2.9999999999999947
6033,2.000000000000002,2.999999999999995
6034,2.000000000000001,2.9999999999999947
6035,2.000000000000002,2.999999999999995
6036,2.000000000000001,2.9999999999999947
6037,2.000000000000002,2.999999999999995
6038,2.000000000000001,2.9999999999999947
6039,2.000000000000002,2.999999999999995
6040,2.000000000000001,2.9999999999999947
6041,2.000000000000002,2.999999999999995
6042,2.000000000000001,2.9999999999999947
6043,2.000000000000002,2.999999999999995
6044,2.000000000000001,2.9999999999999947
6045,2.000000000000002,2.999999999999995
6046,2.000000000000001,2.9999999999999947
6047,2.000000000000002,2.999999999999995
6048,2.000000000000001,2.9999999999999947
6049,2.000000000000002,2.999999999999995
6050,2.000000000000001,2.9999999999999947
6051,2.000000000000002,2.999999999999995
6052,2.000000000000001,2.9999999999999947
6053,2.000000000000002,2.999999999999995
6054,2.000000000000001,2.9999999999999947
6055,2.000000000000002,2.999999999999995
6056,2.000000000000001,2.9999999999999947
6057,2.000000000000002,2.999999999999995
6058,2.000000000000001,2.9999999999999947
6059,2.000000000000002,2.999999999999995
6060,2.000000000000001,2.9999999999999947
6061,2.000000000000002,2.999999999999995
6062,2.000000000000001,2.9999999999999947
6063,2.000000000000002,2.999999999999995
6064,2.000000000000001,2.9999999999999947
6065,2.000000000000002,2.999999999999995
6066,2.000000000000001,2.9999999999999947
6067,2.000000000000002,2.999999999999995
6068,2.000000000000001,2.9999999999999947
6069,2.000000000000002,2.999999999999995
6070,2.000000000000001,2.9999999999999947
6071,2.000000000000002,2.999999999999995
6072,2.000000000000001,2.9999999999999947
6073,2.000000000000002,2.999999999999995
6074,2.000000000000001,2.9999999999999947
6075,2.000000000000002,2.999999999999995
6076,2.000000000000001,2.9999999999999947
6077,2.000000000000002,2.999999999999995
6078,2.000000000000001,2.9999999999999947
6079,2.000000000000002,2.999999999999995
6080,2.000000000000001,2.9999999999999947
6081,2.000000000000002,2.999999999999995
6082,2.000000000000001,2.9999999999999947
6083,2.000000000000002,2.999999999999995
6084,2.000000000000001,2.9999999999999947
6085,2.000000000000002,2.999999999999995
6086,2.000000000000001,2.9999999999999947
6087,2.000000000000002,2.999999999999995
6088,2.000000000000001,2.9999999999999947
6089,2.000000000000002,2.999999999999995
6090,2.000000000000001,2.9999999999999947
6091,2.000000000000002,2.999999999999995
6092,2.000000000000001,2.9999999999999947
6093,2.000000000000002,2.999999999999995
6094,2.000000000000001,2.9999999999999947
6095,2.000000000000002,2.999999999999995
6096,2.000000000000001,2.9999999999999947
6097,2.000000000000002,2.999999999999995
6098,2.000000000000001,2.9999999999999947
6099,2.000000000000002,2.999999999999995
6100,2.000000000000001,2.9999999999999947
6101,2.000000000000002,2.999999999999995
6102,2.000000000000001,2.9999999999999947
6103,2.000000000000002,2.999999999999995
6104,2.000000000000001,2.9999999999999947
6105,2.000000000000002,2.999999999999995
6106,2.000000000000001,2.9999999999999947
6107,2.000000000000002,2.999999999999995
6108,2.000000000000001,2.9999999999999947
6109,2.000000000000002,2.999999999999995
6110,2.000000000000001,2.9999999999999947
6111,2.000000000000002,2.999999999999995
6112,2.000000000000001,2.9999999999999947
6113,2.000000000000002,2.999999999999995
6114,2.000000000000001,2.9999999999999947
6115,2.000000000000002,2.999999999999995
6116,2.000000000000001,2.9999999999999947
6117,2.000000000000002,2.999999999999995
6118,2.000000000000001,2.9999999999999947
6119,2.000000000000002,2.999999999999995
6120,2.000000000000001,2.9999999999999947
6121,2.000000000000002,2.999999999999995
6122,2.000000000000001,2.9999999999999947
6123,2.000000000000002,2.999999999999995
6124,2.000000000000001,2.9999999999999947
6125,2.000000000000002,2.999999999999995
6126,2.000000000000001,2.9999999999999947
6127,2.000000000000002,2.999999999999995
6128,2.000000000000001,2.9999999999999947
6129,2.000000000000002,2.999999999999995
6130,2.000000000000001,2.9999999999999947
6131,2.000000000000002,2.999999999999995
6132,2.000000000000001,2.9999999999999947
6133,2.000000000000002,2.999999999999995
6134,2.000000000000001,2.9999999999999947
6135,2.000000000000002,2.999999999999995
6136,2.000000000000001,2.9999999999999947
6137,2.000000000000002,2.999999999999995
6138,2.000000000000001,2.9999999999999947
6139,2.000000000000002,2.999999999999995
6140,2.000000000000001,2.9999999999999947
6141,2.000000000000002,2.999999999999995
6142,2.000000000000001,2.9999999999999947
6143,2.000000000000002,2.999999999999995
6144,2.000000000000001,2.9999999999999947
6145,2.000000000000002,2.999999999999995
6146,2.000000000000001,2.9999999999999947
6147,2.000000000000002,2.999999999999995
6148,2.000000000000001,2.9999999999999947
6149,2.000000000000002,2.999999999999995
6150,2.000000000000001,2.9999999999999947
6151,2.000000000000002,2.999999999999995
6152,2.000000000000001,2.9999999999999947
6153,2.000000000000002,2.999999999999995
6154,2.000000000000001,2.9999999999999947
6155,2.000000000000002,2.999999999999995
6156,2.000000000000001,2.9999999999999947
6157,2.000000000000002,2.999999999999995
6158,2.000000000000001,2.9999999999999947
6159,2.000000000000002,2.999999999999995
6160,2.000000000000001,2.9999999999999947
6161,2.000000000000002,2.999999999999995
6162,2.000000000000001,2.9999999999999947
6163,2.000000000000002,2.999999999999995
6164,2.000000000000001,2.9999999999999947
6165,2.000000000000002,2.999999999999995
6166,2.000000000000001,2.9999999999999947
6167,2.000000000000002,2.999999999999995
6168,2.000000000000001,2.9999999999999947
6169,2.000000000000002,2.999999999999995
6170,2.000000000000001,2.9999999999999947
6171,2.000000000000002,2.999999999999995
6172,2.000000000000001,2.9999999999999947
6173,2.000000000000002,2.999999999999995
6174,2.000000000000001,2.9999999999999947
6175,2.000000000000002,2.999999999999995
6176,2.000000000000001,2.9999999999999947
6177,2.000000000000002,2.999999999999995
6178,2.000000000000001,2.9999999999999947
6179,2.000000000000002,2.999999999999995
6180,2.000000000000001,2.9999999999999947
6181,2.000000000000002,2.999999999999995
6182,2.000000000000001,2.9999999999999947
6183,2.000000000000002,2.999999999999995
6184,2.000000000000001,2.9999999999999947
6185,2.000000000000002,2.999999999999995
6186,2.000000000000001,2.9999999999999947
6187,2.000000000000002,2.999999999999995
6188,2.000000000000001,2.9999999999999947
6189,2.000000000000002,2.999999999999995
6190,2.000000000000001,2.9999999999999947
6191,2.000000000000002,2.999999999999995
6192,2.000000000000001,2.9999999999999947
6193,2.000000000000002,2.999999999999995
6194,2.000000000000001,2.9999999999999947
6195,2.000000000000002,2.999999999999995
6196,2.000000000000001,2.9999999999999947
6197,2.000000000000002,2.999999999999995
6198,2.000000000000001,2.9999999999999947
6199,2.000000000000002,2.999999999999995
6200,2.000000000000001,2.9999999999999947
6201,2.000000000000002,2.999999999999995
6202,2.000000000000001,2.9999999999999947
6203,2.000000000000002,2.999999999999995
6204,2.000000000000001,2.9999999999999947
6205,2.000000000000002,2.999999999999995
6206,2.000000000000001,2.9999999999999947
6207,2.000000000000002,2.999999999999995
6208,2.000000000000001,2.9999999999999947
6209,2.000000000000002,2.999999999999995
6210,2.000000000000001,2.9999999999999947
6211,2.000000000000002,2.999999999999995
6212,2.000000000000001,2.9999999999999947
6213,2.000000000000002,2.999999999999995
6214,2.000000000000001,2.9999999999999947
6215,2.000000000000002,2.999999999999995
6216,2.000000000000001,2.9999999999999947
6217,2.000000000000002,2.999999999999995
6218,2.000000000000001,2.9999999999999947
6219,2.000000000000002,2.999999999999995
6220,2.000000000000001,2.9999999999999947
6221,2.000000000000002,2.999999999999995
6222,2.000000000000001,2.9999999999999947
6223,2.000000000000002,2.999999999999995
6224,2.000000000000001,2.9999999999999947
6225,2.000000000000002,2.999999999999995
6226,2.000000000000001,2.9999999999999947
6227,2.000000000000002,2.999999999999995
6228,2.000000000000001,2.9999999999999947
6229,2.000000000000002,2.999999999999995
6230,2.000000000000001,2.9999999999999947
6231,2.000000000000002,2.999999999999995
6232,2.000000000000001,2.9999999999999947
6233,2.000000000000002,2.999999999999995
6234,2.000000000000001,2.9999999999999947
6235,2.000000000000002,2.999999999999995
6236,2.000000000000001,2.9999999999999947
6237,2.000000000000002,2.999999999999995
6238,2.000000000000001,2.9999999999999947
6239,2.000000000000002,2.999999999999995
6240,2.000000000000001,2.9999999999999947
6241,2.000000000000002,2.999999999999995
6242,2.000000000000001,2.9999999999999947
6243,2.000000000000002,2.999999999999995
6244,2.000000000000001,2.9999999999999947
6245,2.000000000000002,2.999999999999995
6246,2.000000000000001,2.9999999999999947
6247,2.000000000000002,2.999999999999995
6248,2.000000000000001,2.9999999999999947
6249,2.000000000000002,2.999999999999995
6250,2.000000000000001,2.9999999999999947
6251,2.000000000000002,2.999999999999995
6252,2.000000000000001,2.9999999999999947
6253,2.000000000000002,2.999999999999995
6254,2.000000000000001,2.9999999999999947
6255,2.000000000000002,2.999999999999995
6256,2.000000000000001,2.9999999999999947
6257,2.000000000000002,2.999999999999995
6258,2.000000000000001,2.9999999999999947
6259,2.000000000000002,2.999999999999995
6260,2.000000000000001,2.9999999999999947
6261,2.000000000000002,2.999999999999995
6262,2.000000000000001,2.9999999999999947
6263,2.000000000000002,2.999999999999995
6264,2.000000000000001,2.9999999999999947
6265,2.000000000000002,2.999999999999995
6266,2.000000000000001,2.9999999999999947
6267,2.000000000000002,2.999999999999995
6268,2.000000000000001,2.9999999999999947
6269,2.000000000000002,2.999999999999995
6270,2.000000000000001,2.9999999999999947
6271,2.000000000000002,2.999999999999995
6272,2.000000000000001,2.9999999999999947
6273,2.000000000000002,2.999999999999995
6274,2.000000000000001,2.9999999999999947
6275,2.000000000000002,2.999999999999995
6276,2.000000000000001,2.9999999999999947
6277,2.000000000000002,2.999999999999995
6278,2.000000000000001,2.9999999999999947
6279,2.000000000000002,2.999999999999995
6280,2.000000000000001,2.9999999999999947
6281,2.000000000000002,2.999999999999995
6282,2.000000000000001,2.9999999999999947
6283,2.000000000000002,2.999999999999995
6284,2.000000000000001,2.9999999999999947
6285,2.000000000000002,2.999999999999995
6286,2.000000000000001,2.9999999999999947
6287,2.000000000000002,2.999999999999995
6288,2.000000000000001,2.9999999999999947
6289,2.000000000000002,2.999999999999995
6290,2.000000000000001,2.9999999999999947
6291,2.000000000000002,2.999999999999995
6292,2.000000000000001,2.9999999999999947
6293,2.000000000000002,2.999999999999995
6294,2.000000000000001,2.9999999999999947
6295,2.000000000000002,2.999999999999995
6296,2.000000000000001,2.9999999999999947
6297,2.000000000000002,2.999999999999995
6298,2.000000000000001,2.9999999999999947
6299,2.000000000000002,2.999999999999995
6300,2.000000000000001,2.9999999999999947
6301,2.000000000000002,2.999999999999995
6302,2.000000000000001,2.9999999999999947
6303,2.000000000000002,2.999999999999995
6304,2.000000000000001,2.9999999999999947
6305,2.000000000000002,2.999999999999995
6306,2.000000000000001,2.9999999999999947
6307,2.000000000000002,2.999999999999995
6308,2.000000000000001,2.9999999999999947
6309,2.000000000000002,2.999999999999995
6310,2.000000000000001,2.9999999999999947
6311,2.000000000000002,2.999999999999995
6312,2.000000000000001,2.9999999999999947
6313,2.000000000000002,2.999999999999995
6314,2.000000000000001,2.9999999999999947
6315,2.000000000000002,2.999999999999995
6316,2.000000000000001,2.9999999999999947
6317,2.000000000000002,2.999999999999995
6318,2.000000000000001,2.9999999999999947
6319,2.000000000000002,2.999999999999995
6320,2.000000000000001,2.9999999999999947
6321,2.000000000000002,2.999999999999995
6322,2.000000000000001,2.9999999999999947
6323,2.000000000000002,2.999999999999995
6324,2.000000000000001,2.9999999999999947
6325,2.000000000000002,2.999999999999995
6326,2.000000000000001,2.9999999999999947
6327,2.000000000000002,2.999999999999995
6328,2.000000000000001,2.9999999999999947
6329,2.000000000000002,2.999999999999995
6330,2.000000000000001,2.9999999999999947
6331,2.000000000000002,2.999999999999995
6332,2.000000000000001,2.9999999999999947
6333,2.000000000000002,2.999999999999995
6334,2.000000000000001,2.9999999999999947
6335,2.000000000000002,2.999999999999995
6336,2.000000000000001,2.9999999999999947
6337,2.000000000000002,2.999999999999995
6338,2.000000000000001,2.9999999999999947
6339,2.000000000000002,2.999999999999995
6340,2.000000000000001,2.9999999999999947
6341,2.000000000000002,2.999999999999995
6342,2.000000000000001,2.9999999999999947
6343,2.000000000000002,2.999999999999995
6344,2.000000000000001,2.9999999999999947
6345,2.000000000000002,2.999999999999995
6346,2.000000000000001,2.9999999999999947
6347,2.000000000000002,2.999999999999995
6348,2.000000000000001,2.9999999999999947
6349,2.000000000000002,2.999999999999995
6350,2.000000000000001,2.9999999999999947
6351,2.000000000000002,2.999999999999995
6352,2.000000000000001,2.9999999999999947
6353,2.000000000000002,2.999999999999995
6354,2.000000000000001,2.9999999999999947
6355,2.000000000000002,2.999999999999995
6356,2.000000000000001,2.9999999999999947
6357,2.000000000000002,2.999999999999995
6358,2.000000000000001,2.9999999999999947
6359,2.000000000000002,2.999999999999995
6360,2.000000000000001,2.9999999999999947
6361,2.000000000000002,2.999999999999995
6362,2.000000000000001,2.9999999999999947
6363,2.000000000000002,2.999999999999995
6364,2.000000000000001,2.9999999999999947
6365,2.000000000000002,2.999999999999995
6366,2.000000000000001,2.9999999999999947
6367,2.000000000000002,2.999999999999995
6368,2.000000000000001,2.9999999999999947
6369,2.000000000000002,2.999999999999995
6370,2.000000000000001,2.9999999999999947
6371,2.000000000000002,2.999999999999995
6372,2.000000000000001,2.9999999999999947
6373,2.000000000000002,2.999999999999995
6374,2.000000000000001,2.9999999999999947
6375,2.000000000000002,2.999999999999995
6376,2.000000000000001,2.9999999999999947
6377,2.000000000000002,2.999999999999995
6378,2.000000000000001,2.9999999999999947
6379,2.000000000000002,2.999999999999995
6380,2.000000000000001,2.9999999999999947
6381,2.000000000000002,2.999999999999995
6382,2.000000000000001,2.9999999999999947
6383,2.000000000000002,2.999999999999995
6384,2.000000000000001,2.9999999999999947
6385,2.000000000000002,2.999999999999995
6386,2.000000000000001,2.9999999999999947
6387,2.000000000000002,2.999999999999995
6388,2.000000000000001,2.9999999999999947
6389,2.000000000000002,2.999999999999995
6390,2.000000000000001,2.9999999999999947
6391,2.000000000000002,2.999999999999995
6392,2.000000000000001,2.9999999999999947
6393,2.000000000000002,2.999999999999995
6394,2.000000000000001,2.9999999999999947
6395,2.000000000000002,2.999999999999995
6396,2.000000000000001,2.9999999999999947
6397,2.000000000000002,2.999999999999995
6398,2.000000000000001,2.9999999999999947
6399,2.000000000000002,2.999999999999995
6400,2.000000000000001,2.9999999999999947
6401,2.000000000000002,2.999999999999995
6402,2.000000000000001,2.9999999999999947
6403,2.000000000000002,2.999999999999995
6404,2.000000000000001,2.9999999999999947
6405,2.000000000000002,2.999999999999995
6406,2.000000000000001,2.9999999999999947
6407,2.000000000000002,2.999999999999995
6408,2.000000000000001,2.9999999999999947
6409,2.000000000000002,2.999999999999995
6410,2.000000000000001,2.9999999999999947
6411,2.000000000000002,2.999999999999995
6412,2.000000000000001,2.9999999999999947
6413,2.000000000000002,2.999999999999995
6414,2.000000000000001,2.9999999999999947
6415,2.000000000000002,2.999999999999995
6416,2.000000000000001,2.9999999999999947
6417,2.000000000000002,2.999999999999995
6418,2.000000000000001,2.9999999999999947
6419,2.000000000000002,2.999999999999995
6420,2.000000000000001,2.9999999999999947
6421,2.000000000000002,2.999999999999995
6422,2.000000000000001,2.9999999999999947
6423,2.000000000000002,2.999999999999995
6424,2.000000000000001,2.9999999999999947
6425,2.000000000000002,2.999999999999995
6426,2.000000000000001,2.9999999999999947
6427,2.000000000000002,2.999999999999995
6428,2.000000000000001,2.9999999999999947
6429,2.000000000000002,2.999999999999995
6430,2.000000000000001,2.9999999999999947
6431,2.000000000000002,2.999999999999995
6432,2.000000000000001,2.9999999999999947
6433,2.000000000000002,2.999999999999995
6434,2.000000000000001,2.9999999999999947
6435,2.000000000000002,2.999999999999995
6436,2.000000000000001,2.9999999999999947
6437,2.000000000000002,2.999999999999995
6438,2.000000000000001,2.9999999999999947
6439,2.000000000000002,2.999999999999995
6440,2.000000000000001,2.9999999999999947
6441,2.000000000000002,2.999999999999995
6442,2.000000000000001,2.9999999999999947
6443,2.000000000000002,2.999999999999995
6444,2.000000000000001,2.9999999999999947
6445,2.000000000000002,2.999999999999995
6446,2.000000000000001,2.9999999999999947
6447,2.000000000000002,2.999999999999995
6448,2.000000000000001,2.9999999999999947
6449,2.000000000000002,2.999999999999995
6450,2.000000000000001,2.9999999999999947
6451,2.000000000000002,2.999999999999995
6452,2.000000000000001,2.9999999999999947
6453,2.000000000000002,2.999999999999995
6454,2.000000000000001,2.9999999999999947
6455,2.000000000000002,2.999999999999995
6456,2.000000000000001,2.9999999999999947
6457,2.000000000000002,2.999999999999995
6458,2.000000000000001,2.9999999999999947
6459,2.000000000000002,2.999999999999995
6460,2.000000000000001,2.9999999999999947
6461,2.000000000000002,2.999999999999995
6462,2.000000000000001,2.9999999999999947
6463,2.000000000000002,2.999999999999995
6464,2.000000000000001,2.9999999999999947
6465,2.000000000000002,2.999999999999995
6466,2.000000000000001,2.9999999999999947
6467,2.000000000000002,2.999999999999995
6468,2.000000000000001,2.9999999999999947
6469,2.000000000000002,2.999999999999995
6470,2.000000000000001,2.9999999999999947
6471,2.000000000000002,2.999999999999995
6472,2.000000000000001,2.9999999999999947
6473,2.000000000000002,2.999999999999995
6474,2.000000000000001,2.9999999999999947
6475,2.000000000000002,2.999999999999995
6476,2.000000000000001,2.9999999999999947
6477,2.000000000000002,2.999999999999995
6478,2.000000000000001,2.9999999999999947
6479,2.000000000000002,2.999999999999995
6480,2.000000000000001,2.9999999999999947
6481,2.000000000000002,2.999999999999995
6482,2.000000000000001,2.9999999999999947
6483,2.000000000000002,2.999999999999995
6484,2.000000000000001,2.9999999999999947
6485,2.000000000000002,2.999999999999995
6486,2.000000000000001,2.9999999999999947
6487,2.000000000000002,2.999999999999995
6488,2.000000000000001,2.9999999999999947
6489,2.000000000000002,2.999999999999995
6490,2.000000000000001,2.9999999999999947
6491,2.000000000000002,2.999999999999995
6492,2.000000000000001,2.9999999999999947
6493,2.000000000000002,2.999999999999995
6494,2.000000000000001,2.9999999999999947
6495,2.000000000000002,2.999999999999995
6496,2.000000000000001,2.9999999999999947
6497,2.000000000000002,2.999999999999995
6498,2.000000000000001,2.9999999999999947
6499,2.000000000000002,2.999999999999995
6500,2.000000000000001,2.9999999999999947
6501,2.000000000000002,2.999999999999995
6502,2.000000000000001,2.9999999999999947
6503,2.000000000000002,2.999999999999995
6504,2.000000000000001,2.9999999999999947
6505,2.000000000000002,2.999999999999995
6506,2.000000000000001,2.9999999999999947
6507,2.000000000000002,2.999999999999995
6508,2.000000000000001,2.9999999999999947
6509,2.000000000000002,2.999999999999995
6510,2.000000000000001,2.9999999999999947
6511,2.000000000000002,2.999999999999995
6512,2.000000000000001,2.9999999999999947
6513,2.000000000000002,2.999999999999995
6514,2.000000000000001,2.9999999999999947
6515,2.000000000000002,2.999999999999995
6516,2.000000000000001,2.9999999999999947
6517,2.000000000000002,2.999999999999995
6518,2.000000000000001,2.9999999999999947
6519,2.000000000000002,2.999999999999995
6520,2.000000000000001,2.9999999999999947
6521,2.000000000000002,2.999999999999995
6522,2.000000000000001,2.9999999999999947
6523,2.000000000000002,2.999999999999995
6524,2.000000000000001,2.9999999999999947
6525,2.000000000000002,2.999999999999995
6526,2.000000000000001,2.9999999999999947
6527,2.000000000000002,2.999999999999995
6528,2.000000000000001,2.9999999999999947
6529,2.000000000000002,2.999999999999995
6530,2.000000000000001,2.9999999999999947
6531,2.000000000000002,2.999999999999995
6532,2.000000000000001,2.9999999999999947
6533,2.000000000000002,2.999999999999995
6534,2.000000000000001,2.9999999999999947
6535,2.000000000000002,2.999999999999995
6536,2.000000000000001,2.9999999999999947
6537,2.000000000000002,2.999999999999995
6538,2.000000000000001,2.9999999999999947
6539,2.000000000000002,2.999999999999995
6540,2.000000000000001,2.9999999999999947
6541,2.000000000000002,2.999999999999995
6542,2.000000000000001,2.9999999999999947
6543,2.000000000000002,2.999999999999995
6544,2.000000000000001,2.9999999999999947
6545,2.000000000000002,2.999999999999995
6546,2.000000000000001,2.9999999999999947
6547,2.000000000000002,2.999999999999995
6548,2.000000000000001,2.9999999999999947
6549,2.000000000000002,2.999999999999995
6550,2.000000000000001,2.9999999999999947
6551,2.000000000000002,2.999999999999995
6552,2.000000000000001,2.9999999999999947
6553,2.000000000000002,2.999999999999995
6554,2.000000000000001,2.9999999999999947
6555,2.000000000000002,2.999999999999995
6556,2.000000000000001,2.9999999999999947
6557,2.000000000000002,2.999999999999995
6558,2.000000000000001,2.9999999999999947
6559,2.000000000000002,2.999999999999995
6560,2.000000000000001,2.9999999999999947
6561,2.000000000000002,2.999999999999995
6562,2.000000000000001,2.9999999999999947
6563,2.000000000000002,2.999999999999995
6564,2.000000000000001,2.9999999999999947
6565,2.000000000000002,2.999999999999995
6566,2.000000000000001,2.9999999999999947
6567,2.000000000000002,2.999999999999995
6568,2.000000000000001,2.9999999999999947
6569,2.000000000000002,2.999999999999995
6570,2.000000000000001,2.9999999999999947
6571,2.000000000000002,2.999999999999995
6572,2.000000000000001,2.9999999999999947
6573,2.000000000000002,2.999999999999995
6574,2.000000000000001,2.9999999999999947
6575,2.000000000000002,2.999999999999995
6576,2.000000000000001,2.9999999999999947
6577,2.000000000000002,2.999999999999995
6578,2.000000000000001,2.9999999999999947
6579,2.000000000000002,2.999999999999995
6580,2.000000000000001,2.9999999999999947
6581,2.000000000000002,2.999999999999995
6582,2.000000000000001,2.9999999999999947
6583,2.000000000000002,2.999999999999995
6584,2.000000000000001,2.9999999999999947
6585,2.000000000000002,2.999999999999995
6586,2.000000000000001,2.9999999999999947
6587,2.000000000000002,2.999999999999995
6588,2.000000000000001,2.9999999999999947
6589,2.000000000000002,2.999999999999995
6590,2.000000000000001,2.9999999999999947
6591,2.000000000000002,2.999999999999995
6592,2.000000000000001,2.9999999999999947
6593,2.000000000000002,2.999999999999995
6594,2.000000000000001,2.9999999999999947
6595,2.000000000000002,2.999999999999995
6596,2.000000000000001,2.9999999999999947
6597,2.000000000000002,2.999999999999995
6598,2.000000000000001,2.9999999999999947
6599,2.000000000000002,2.999999999999995
6600,2.000000000000001,2.9999999999999947
6601,2.000000000000002,2.999999999999995
6602,2.000000000000001,2.9999999999999947
6603,2.000000000000002,2.999999999999995
6604,2.000000000000001,2.9999999999999947
6605,2.000000000000002,2.999999999999995
6606,2.000000000000001,2.9999999999999947
6607,2.000000000000002,2.999999999999995
6608,2.000000000000001,2.9999999999999947
6609,2.000000000000002,2.999999999999995
6610,2.000000000000001,2.9999999999999947
6611,2.000000000000002,2.999999999999995
6612,2.000000000000001,2.9999999999999947
6613,2.000000000000002,2.999999999999995
6614,2.000000000000001,2.9999999999999947
6615,2.000000000000002,2.999999999999995
6616,2.000000000000001,2.9999999999999947
6617,2.000000000000002,2.999999999999995
6618,2.000000000000001,2.9999999999999947
6619,2.000000000000002,2.999999999999995
6620,2.000000000000001,2.9999999999999947
6621,2.000000000000002,2.999999999999995
6622,2.000000000000001,2.9999999999999947
6623,2.000000000000002,2.999999999999995
6624,2.000000000000001,2.9999999999999947
6625,2.000000000000002,2.999999999999995
6626,2.000000000000001,2.9999999999999947
6627,2.000000000000002,2.999999999999995
6628,2.000000000000001,2.9999999999999947
6629,2.000000000000002,2.999999999999995
6630,2.000000000000001,2.9999999999999947
6631,2.000000000000002,2.999999999999995
6632,2.000000000000001,2.9999999999999947
6633,2.000000000000002,2.999999999999995
6634,2.000000000000001,2.9999999999999947
6635,2.000000000000002,2.999999999999995
6636,2.000000000000001,2.9999999999999947
6637,2.000000000000002,2.999999999999995
6638,2.000000000000001,2.9999999999999947
6639,2.000000000000002,2.999999999999995
6640,2.000000000000001,2.9999999999999947
6641,2.000000000000002,2.999999999999995
6642,2.000000000000001,2.9999999999999947
6643,2.000000000000002,2.999999999999995
6644,2.000000000000001,2.9999999999999947
6645,2.000000000000002,2.999999999999995
6646,2.000000000000001,2.9999999999999947
6647,2.000000000000002,2.999999999999995
6648,2.000000000000001,2.9999999999999947
6649,2.000000000000002,2.999999999999995
6650,2.000000000000001,2.9999999999999947
6651,2.000000000000002,2.999999999999995
6652,2.000000000000001,2.9999999999999947
6653,2.000000000000002,2.999999999999995
6654,2.000000000000001,2.9999999999999947
6655,2.000000000000002,2.999999999999995
6656,2.000000000000001,2.9999999999999947
6657,2.000000000000002,2.999999999999995
6658,2.000000000000001,2.9999999999999947
6659,2.000000000000002,2.999999999999995
6660,2.000000000000001,2.9999999999999947
6661,2.000000000000002,2.999999999999995
6662,2.000000000000001,2.9999999999999947
6663,2.000000000000002,2.999999999999995
6664,2.000000000000001,2.9999999999999947
6665,2.000000000000002,2.999999999999995
6666,2.000000000000001,2.9999999999999947
6667,2.000000000000002,2.999999999999995
6668,2.000000000000001,2.9999999999999947
6669,2.000000000000002,2.999999999999995
6670,2.000000000000001,2.9999999999999947
6671,2.000000000000002,2.999999999999995
6672,2.000000000000001,2.9999999999999947
6673,2.000000000000002,2.999999999999995
6674,2.000000000000001,2.9999999999999947
6675,2.000000000000002,2.999999999999995
6676,2.000000000000001,2.9999999999999947
6677,2.000000000000002,2.999999999999995
6678,2.000000000000001,2.9999999999999947
6679,2.000000000000002,2.999999999999995
6680,2.000000000000001,2.9999999999999947
6681,2.000000000000002,2.999999999999995
6682,2.000000000000001,2.9999999999999947
6683,2.000000000000002,2.999999999999995
6684,2.000000000000001,2.9999999999999947
6685,2.000000000000002,2.999999999999995
6686,2.000000000000001,2.9999999999999947
6687,2.000000000000002,2.999999999999995
6688,2.000000000000001,2.9999999999999947
6689,2.000000000000002,2.999999999999995
6690,2.000000000000001,2.9999999999999947
6691,2.000000000000002,2.999999999999995
6692,2.000000000000001,2.9999999999999947
6693,2.000000000000002,2.999999999999995
6694,2.000000000000001,2.9999999999999947
6695,2.000000000000002,2.999999999999995
6696,2.000000000000001,2.9999999999999947
6697,2.000000000000002,2.999999999999995
6698,2.000000000000001,2.9999999999999947
6699,2.000000000000002,2.999999999999995
6700,2.000000000000001,2.9999999999999947
6701,2.000000000000002,2.999999999999995
6702,2.000000000000001,2.9999999999999947
6703,2.000000000000002,2.999999999999995
6704,2.000000000000001,2.9999999999999947
6705,2.000000000000002,2.999999999999995
6706,2.000000000000001,2.9999999999999947
6707,2.000000000000002,2.999999999999995
6708,2.000000000000001,2.9999999999999947
6709,2.000000000000002,2.999999999999995
6710,2.000000000000001,2.9999999999999947
6711,2.000000000000002,2.999999999999995
6712,2.000000000000001,2.9999999999999947
6713,2.000000000000002,2.999999999999995
6714,2.000000000000001,2.9999999999999947
6715,2.000000000000002,2.999999999999995
6716,2.000000000000001,2.9999999999999947
6717,2.000000000000002,2.999999999999995
6718,2.000000000000001,2.9999999999999947
6719,2.000000000000002,2.999999999999995
6720,2.000000000000001,2.9999999999999947
6721,2.000000000000002,2.999999999999995
6722,2.000000000000001,2.9999999999999947
6723,2.000000000000002,2.999999999999995
6724,2.000000000000001,2.9999999999999947
6725,2.000000000000002,2.999999999999995
6726,2.000000000000001,2.9999999999999947
6727,2.000000000000002,2.999999999999995
6728,2.000000000000001,2.9999999999999947
6729,2.000000000000002,2.999999999999995
6730,2.000000000000001,2.9999999999999947
6731,2.000000000000002,2.999999999999995
6732,2.000000000000001,2.9999999999999947
6733,2.000000000000002,2.999999999999995
6734,2.000000000000001,2.9999999999999947
6735,2.000000000000002,2.999999999999995
6736,2.000000000000001,2.9999999999999947
6737,2.000000000000002,2.999999999999995
6738,2.000000000000001,2.9999999999999947
6739,2.000000000000002,2.999999999999995
6740,2.000000000000001,2.9999999999999947
6741,2.000000000000002,2.999999999999995
6742,2.000000000000001,2.9999999999999947
6743,2.000000000000002,2.999999999999995
6744,2.000000000000001,2.9999999999999947
6745,2.000000000000002,2.999999999999995
6746,2.000000000000001,2.9999999999999947
6747,2.000000000000002,2.999999999999995
6748,2.000000000000001,2.9999999999999947
6749,2.000000000000002,2.999999999999995
6750,2.000000000000001,2.9999999999999947
6751,2.000000000000002,2.999999999999995
6752,2.000000000000001,2.9999999999999947
6753,2.000000000000002,2.999999999999995
6754,2.000000000000001,2.9999999999999947
6755,2.000000000000002,2.999999999999995
6756,2.000000000000001,2.9999999999999947
6757,2.000000000000002,2.999999999999995
6758,2.000000000000001,2.9999999999999947
6759,2.000000000000002,2.999999999999995
6760,2.000000000000001,2.9999999999999947
6761,2.000000000000002,2.999999999999995
6762,2.000000000000001,2.9999999999999947
6763,2.000000000000002,2.999999999999995
6764,2.000000000000001,2.9999999999999947
6765,2.000000000000002,2.999999999999995
6766,2.000000000000001,2.9999999999999947
6767,2.000000000000002,2.999999999999995
6768,2.000000000000001,2.9999999999999947
6769,2.000000000000002,2.999999999999995
6770,2.000000000000001,2.9999999999999947
6771,2.000000000000002,2.999999999999995
6772,2.000000000000001,2.9999999999999947
6773,2.000000000000002,2.999999999999995
6774,2.000000000000001,2.9999999999999947
6775,2.000000000000002,2.999999999999995
6776,2.000000000000001,2.9999999999999947
6777,2.000000000000002,2.999999999999995
6778,2.000000000000001,2.9999999999999947
6779,2.000000000000002,2.999999999999995
6780,2.000000000000001,2.9999999999999947
6781,2.000000000000002,2.999999999999995
6782,2.000000000000001,2.9999999999999947
6783,2.000000000000002,2.999999999999995
6784,2.000000000000001,2.9999999999999947
6785,2.000000000000002,2.999999999999995
6786,2.000000000000001,2.9999999999999947
6787,2.000000000000002,2.999999999999995
6788,2.000000000000001,2.9999999999999947
6789,2.000000000000002,2.999999999999995
6790,2.000000000000001,2.9999999999999947
6791,2.000000000000002,2.999999999999995
6792,2.000000000000001,2.9999999999999947
6793,2.000000000000002,2.999999999999995
6794,2.000000000000001,2.9999999999999947
6795,2.000000000000002,2.999999999999995
6796,2.000000000000001,2.9999999999999947
6797,2.000000000000002,2.999999999999995
6798,2.000000000000001,2.9999999999999947
6799,2.000000000000002,2.999999999999995
6800,2.000000000000001,2.9999999999999947
6801,2.000000000000002,2.999999999999995
6802,2.000000000000001,2.9999999999999947
6803,2.000000000000002,2.999999999999995
6804,2.000000000000001,2.9999999999999947
6805,2.000000000000002,2.999999999999995
6806,2.000000000000001,2.9999999999999947
6807,2.000000000000002,2.999999999999995
6808,2.000000000000001,2.9999999999999947
6809,2.000000000000002,2.999999999999995
6810,2.000000000000001,2.9999999999999947
6811,2.000000000000002,2.999999999999995
6812,2.000000000000001,2.9999999999999947
6813,2.000000000000002,2.999999999999995
6814,2.000000000000001,2.9999999999999947
6815,2.000000000000002,2.999999999999995
6816,2.000000000000001,2.9999999999999947
6817,2.000000000000002,2.999999999999995
6818,2.000000000000001,2.9999999999999947
6819,2.000000000000002,2.999999999999995
6820,2.000000000000001,2.9999999999999947
6821,2.000000000000002,2.999999999999995
6822,2.000000000000001,2.9999999999999947
6823,2.000000000000002,2.999999999999995
6824,2.000000000000001,2.9999999999999947
6825,2.000000000000002,2.999999999999995
6826,2.000000000000001,2.9999999999999947
6827,2.000000000000002,2.999999999999995
6828,2.000000000000001,2.9999999999999947
6829,2.000000000000002,2.999999999999995
6830,2.000000000000001,2.9999999999999947
6831,2.000000000000002,2.999999999999995
6832,2.000000000000001,2.9999999999999947
6833,2.000000000000002,2.999999999999995
6834,2.000000000000001,2.9999999999999947
6835,2.000000000000002,2.999999999999995
6836,2.000000000000001,2.9999999999999947
6837,2.000000000000002,2.999999999999995
6838,2.000000000000001,2.9999999999999947
6839,2.000000000000002,2.999999999999995
6840,2.000000000000001,2.9999999999999947
6841,2.000000000000002,2.999999999999995
6842,2.000000000000001,2.9999999999999947
6843,2.000000000000002,2.999999999999995
6844,2.000000000000001,2.9999999999999947
6845,2.000000000000002,2.999999999999995
6846,2.000000000000001,2.9999999999999947
6847,2.000000000000002,2.999999999999995
6848,2.000000000000001,2.9999999999999947
6849,2.000000000000002,2.999999999999995
6850,2.000000000000001,2.9999999999999947
6851,2.000000000000002,2.999999999999995
6852,2.000000000000001,2.9999999999999947
6853,2.000000000000002,2.999999999999995
6854,2.000000000000001,2.9999999999999947
6855,2.000000000000002,2.999999999999995
6856,2.000000000000001,2.9999999999999947
6857,2.000000000000002,2.999999999999995
6858,2.000000000000001,2.9999999999999947
6859,2.000000000000002,2.999999999999995
6860,2.000000000000001,2.9999999999999947
6861,2.000000000000002,2.999999999999995
6862,2.000000000000001,2.9999999999999947
6863,2.000000000000002,2.999999999999995
6864,2.000000000000001,2.9999999999999947
6865,2.000000000000002,2.999999999999995
6866,2.000000000000001,2.9999999999999947
6867,2.000000000000002,2.999999999999995
6868,2.000000000000001,2.9999999999999947
6869,2.000000000000002,2.999999999999995
6870,2.000000000000001,2.9999999999999947
6871,2.000000000000002,2.999999999999995
6872,2.000000000000001,2.9999999999999947
6873,2.000000000000002,2.999999999999995
6874,2.000000000000001,2.9999999999999947
6875,2.000000000000002,2.999999999999995
6876,2.000000000000001,2.9999999999999947
6877,2.000000000000002,2.999999999999995
6878,2.000000000000001,2.9999999999999947
6879,2.000000000000002,2.999999999999995
6880,2.000000000000001,2.9999999999999947
6881,2.000000000000002,2.999999999999995
6882,2.000000000000001,2.9999999999999947
6883,2.000000000000002,2.999999999999995
6884,2.000000000000001,2.9999999999999947
6885,2.000000000000002,2.999999999999995
6886,2.000000000000001,2.9999999999999947
6887,2.000000000000002,2.999999999999995
6888,2.000000000000001,2.9999999999999947
6889,2.000000000000002,2.999999999999995
6890,2.000000000000001,2.9999999999999947
6891,2.000000000000002,2.999999999999995
6892,2.000000000000001,2.9999999999999947
6893,2.000000000000002,2.999999999999995
6894,2.000000000000001,2.9999999999999947
6895,2.000000000000002,2.999999999999995
6896,2.000000000000001,2.9999999999999947
6897,2.000000000000002,2.999999999999995
6898,2.000000000000001,2.9999999999999947
6899,2.000000000000002,2.999999999999995
6900,2.000000000000001,2.9999999999999947
6901,2.000000000000002,2.999999999999995
6902,2.000000000000001,2.9999999999999947
6903,2.000000000000002,2.999999999999995
6904,2.000000000000001,2.9999999999999947
6905,2.000000000000002,2.999999999999995
6906,2.000000000000001,2.9999999999999947
6907,2.000000000000002,2.999999999999995
6908,2.000000000000001,2.9999999999999947
6909,2.000000000000002,2.999999999999995
6910,2.000000000000001,2.9999999999999947
6911,2.000000000000002,2.999999999999995
6912,2.000000000000001,2.9999999999999947
6913,2.000000000000002,2.999999999999995
6914,2.000000000000001,2.9999999999999947
6915,2.000000000000002,2.999999999999995
6916,2.000000000000001,2.9999999999999947
6917,2.000000000000002,2.999999999999995
6918,2.000000000000001,2.9999999999999947
6919,2.000000000000002,2.999999999999995
6920,2.000000000000001,2.9999999999999947
6921,2.000000000000002,2.999999999999995
6922,2.000000000000001,2.9999999999999947
6923,2.000000000000002,2.999999999999995
6924,2.000000000000001,2.9999999999999947
6925,2.000000000000002,2.999999999999995
6926,2.000000000000001,2.9999999999999947
6927,2.000000000000002,2.999999999999995
6928,2.000000000000001,2.9999999999999947
6929,2.000000000000002,2.999999999999995
6930,2.000000000000001,2.9999999999999947
6931,2.000000000000002,2.999999999999995
6932,2.000000000000001,2.9999999999999947
6933,2.000000000000002,2.999999999999995
6934,2.000000000000001,2.9999999999999947
6935,2.000000000000002,2.999999999999995
6936,2.000000000000001,2.9999999999999947
6937,2.000000000000002,2.999999999999995
6938,2.000000000000001,2.9999999999999947
6939,2.000000000000002,2.999999999999995
6940,2.000000000000001,2.9999999999999947
6941,2.000000000000002,2.999999999999995
6942,2.000000000000001,2.9999999999999947
6943,2.000000000000002,2.999999999999995
6944,2.000000000000001,2.9999999999999947
6945,2.000000000000002,2.999999999999995
6946,2.000000000000001,2.9999999999999947
6947,2.000000000000002,2.999999999999995
6948,2.000000000000001,2.9999999999999947
6949,2.000000000000002,2.999999999999995
6950,2.000000000000001,2.9999999999999947
6951,2.000000000000002,2.999999999999995
6952,2.000000000000001,2.9999999999999947
6953,2.000000000000002,2.999999999999995
6954,2.000000000000001,2.9999999999999947
6955,2.000000000000002,2.999999999999995
6956,2.000000000000001,2.9999999999999947
6957,2.000000000000002,2.999999999999995
6958,2.000000000000001,2.9999999999999947
6959,2.000000000000002,2.999999999999995
6960,2.000000000000001,2.9999999999999947
6961,2.000000000000002,2.999999999999995
6962,2.000000000000001,2.9999999999999947
6963,2.000000000000002,2.999999999999995
6964,2.000000000000001,2.9999999999999947
6965,2.000000000000002,2.999999999999995
6966,2.000000000000001,2.9999999999999947
6967,2.000000000000002,2.999999999999995
6968,2.000000000000001,2.9999999999999947
6969,2.000000000000002,2.999999999999995
6970,2.000000000000001,2.9999999999999947
6971,2.000000000000002,2.999999999999995
6972,2.000000000000001,2.9999999999999947
6973,2.000000000000002,2.999999999999995
6974,2.000000000000001,2.9999999999999947
6975,2.000000000000002,2.999999999999995
6976,2.000000000000001,2.9999999999999947
6977,2.000000000000002,2.999999999999995
6978,2.000000000000001,2.9999999999999947
6979,2.000000000000002,2.999999999999995
6980,2.000000000000001,2.9999999999999947
6981,2.000000000000002,2.999999999999995
6982,2.000000000000001,2.9999999999999947
6983,2.000000000000002,2.999999999999995
6984,2.000000000000001,2.9999999999999947
6985,2.000000000000002,2.999999999999995
6986,2.000000000000001,2.9999999999999947
6987,2.000000000000002,2.999999999999995
6988,2.000000000000001,2.9999999999999947
6989,2.000000000000002,2.999999999999995
6990,2.000000000000001,2.9999999999999947
6991,2.000000000000002,2.999999999999995
6992,2.000000000000001,2.9999999999999947
6993,2.000000000000002,2.999999999999995
6994,2.000000000000001,2.9999999999999947
6995,2.000000000000002,2.999999999999995
6996,2.000000000000001,2.9999999999999947
6997,2.000000000000002,2.999999999999995
6998,2.000000000000001,2.9999999999999947
6999,2.000000000000002,2.999999999999995
7000,2.000000000000001,2.9999999999999947
7001,2.000000000000002,2.999999999999995
7002,2.000000000000001,2.9999999999999947
7003,2.000000000000002,2.999999999999995
7004,2.000000000000001,2.9999999999999947
7005,2.000000000000002,2.999999999999995
7006,2.000000000000001,2.9999999999999947
7007,2.000000000000002,2.999999999999995
7008,2.000000000000001,2.9999999999999947
7009,2.000000000000002,2.999999999999995
7010,2.000000000000001,2.9999999999999947
7011,2.000000000000002,2.999999999999995
7012,2.000000000000001,2.9999999999999947
7013,2.000000000000002,2.999999999999995
7014,2.000000000000001,2.9999999999999947
7015,2.000000000000002,2.999999999999995
7016,2.000000000000001,2.9999999999999947
7017,2.000000000000002,2.999999999999995
7018,2.000000000000001,2.9999999999999947
7019,2.000000000000002,2.999999999999995
7020,2.000000000000001,2.9999999999999947
7021,2.000000000000002,2.999999999999995
7022,2.000000000000001,2.9999999999999947
7023,2.000000000000002,2.999999999999995
7024,2.000000000000001,2.9999999999999947
7025,2.000000000000002,2.999999999999995
7026,2.000000000000001,2.9999999999999947
7027,2.000000000000002,2.999999999999995
7028,2.000000000000001,2.9999999999999947
7029,2.000000000000002,2.999999999999995
7030,2.000000000000001,2.9999999999999947
7031,2.000000000000002,2.999999999999995
7032,2.000000000000001,2.9999999999999947
7033,2.000000000000002,2.999999999999995
7034,2.000000000000001,2.9999999999999947
7035,2.000000000000002,2.999999999999995
7036,2.000000000000001,2.9999999999999947
7037,2.000000000000002,2.999999999999995
7038,2.000000000000001,2.9999999999999947
7039,2.000000000000002,2.999999999999995
7040,2.000000000000001,2.9999999999999947
7041,2.000000000000002,2.999999999999995
7042,2.000000000000001,2.9999999999999947
7043,2.000000000000002,2.999999999999995
7044,2.000000000000001,2.9999999999999947
7045,2.000000000000002,2.999999999999995
7046,2.000000000000001,2.9999999999999947
7047,2.000000000000002,2.999999999999995
7048,2.000000000000001,2.9999999999999947
7049,2.000000000000002,2.999999999999995
7050,2.000000000000001,2.9999999999999947
7051,2.000000000000002,2.999999999999995
7052,2.000000000000001,2.9999999999999947
7053,2.000000000000002,2.999999999999995
7054,2.000000000000001,2.9999999999999947
7055,2.000000000000002,2.999999999999995
7056,2.000000000000001,2.9999999999999947
7057,2.000000000000002,2.999999999999995
7058,2.000000000000001,2.9999999999999947
7059,2.000000000000002,2.999999999999995
7060,2.000000000000001,2.9999999999999947
7061,2.000000000000002,2.999999999999995
7062,2.000000000000001,2.9999999999999947
7063,2.000000000000002,2.999999999999995
7064,2.000000000000001,2.9999999999999947
7065,2.000000000000002,2.999999999999995
7066,2.000000000000001,2.9999999999999947
7067,2.000000000000002,2.999999999999995
7068,2.000000000000001,2.9999999999999947
7069,2.000000000000002,2.999999999999995
7070,2.000000000000001,2.9999999999999947
7071,2.000000000000002,2.999999999999995
7072,2.000000000000001,2.9999999999999947
7073,2.000000000000002,2.999999999999995
7074,2.000000000000001,2.9999999999999947
7075,2.000000000000002,2.999999999999995
7076,2.000000000000001,2.9999999999999947
7077,2.000000000000002,2.999999999999995
7078,2.000000000000001,2.9999999999999947
7079,2.000000000000002,2.999999999999995
7080,2.000000000000001,2.9999999999999947
7081,2.000000000000002,2.999999999999995
7082,2.000000000000001,2.9999999999999947
7083,2.000000000000002,2.999999999999995
7084,2.000000000000001,2.9999999999999947
7085,2.000000000000002,2.999999999999995
7086,2.000000000000001,2.9999999999999947
7087,2.000000000000002,2.999999999999995
7088,2.000000000000001,2.9999999999999947
7089,2.000000000000002,2.999999999999995
7090,2.000000000000001,2.9999999999999947
7091,2.000000000000002,2.999999999999995
7092,2.000000000000001,2.9999999999999947
7093,2.000000000000002,2.999999999999995
7094,2.000000000000001,2.9999999999999947
7095,2.000000000000002,2.999999999999995
7096,2.000000000000001,2.9999999999999947
7097,2.000000000000002,2.999999999999995
7098,2.000000000000001,2.9999999999999947
7099,2.000000000000002,2.999999999999995
7100,2.000000000000001,2.9999999999999947
7101,2.000000000000002,2.999999999999995
7102,2.000000000000001,2.9999999999999947
7103,2.000000000000002,2.999999999999995
7104,2.000000000000001,2.9999999999999947
7105,2.000000000000002,2.999999999999995
7106,2.000000000000001,2.9999999999999947
7107,2.000000000000002,2.999999999999995
7108,2.000000000000001,2.9999999999999947
7109,2.000000000000002,2.999999999999995
7110,2.000000000000001,2.9999999999999947
7111,2.000000000000002,2.999999999999995
7112,2.000000000000001,2.9999999999999947
7113,2.000000000000002,2.999999999999995
7114,2.000000000000001,2.9999999999999947
7115,2.000000000000002,2.999999999999995
7116,2.000000000000001,2.9999999999999947
7117,2.000000000000002,2.999999999999995
7118,2.000000000000001,2.9999999999999947
7119,2.000000000000002,2.999999999999995
7120,2.000000000000001,2.9999999999999947
7121,2.000000000000002,2.999999999999995
7122,2.000000000000001,2.9999999999999947
7123,2.000000000000002,2.999999999999995
7124,2.000000000000001,2.9999999999999947
7125,2.000000000000002,2.999999999999995
7126,2.000000000000001,2.9999999999999947
7127,2.000000000000002,2.999999999999995
7128,2.000000000000001,2.9999999999999947
7129,2.000000000000002,2.999999999999995
7130,2.000000000000001,2.9999999999999947
7131,2.000000000000002,2.999999999999995
7132,2.000000000000001,2.9999999999999947
7133,2.000000000000002,2.999999999999995
7134,2.000000000000001,2.9999999999999947
7135,2.000000000000002,2.999999999999995
7136,2.000000000000001,2.9999999999999947
7137,2.000000000000002,2.999999999999995
7138,2.000000000000001,2.9999999999999947
7139,2.000000000000002,2.999999999999995
7140,2.000000000000001,2.9999999999999947
7141,2.000000000000002,2.999999999999995
7142,2.000000000000001,2.9999999999999947
7143,2.000000000000002,2.999999999999995
7144,2.000000000000001,2.9999999999999947
7145,2.000000000000002,2.999999999999995
7146,2.000000000000001,2.9999999999999947
7147,2.000000000000002,2.999999999999995
7148,2.000000000000001,2.9999999999999947
7149,2.000000000000002,2.999999999999995
7150,2.000000000000001,2.9999999999999947
7151,2.000000000000002,2.999999999999995
7152,2.000000000000001,2.9999999999999947
7153,2.000000000000002,2.999999999999995
7154,2.000000000000001,2.9999999999999947
7155,2.000000000000002,2.999999999999995
7156,2.000000000000001,2.9999999999999947
7157,2.000000000000002,2.999999999999995
7158,2.000000000000001,2.9999999999999947
7159,2.000000000000002,2.999999999999995
7160,2.000000000000001,2.9999999999999947
7161,2.000000000000002,2.999999999999995
7162,2.000000000000001,2.9999999999999947
7163,2.000000000000002,2.999999999999995
7164,2.000000000000001,2.9999999999999947
7165,2.000000000000002,2.999999999999995
7166,2.000000000000001,2.9999999999999947
7167,2.000000000000002,2.999999999999995
7168,2.000000000000001,2.9999999999999947
7169,2.000000000000002,2.999999999999995
7170,2.000000000000001,2.9999999999999947
7171,2.000000000000002,2.999999999999995
7172,2.000000000000001,2.9999999999999947
7173,2.000000000000002,2.999999999999995
7174,2.000000000000001,2.9999999999999947
7175,2.000000000000002,2.999999999999995
7176,2.000000000000001,2.9999999999999947
7177,2.000000000000002,2.999999999999995
7178,2.000000000000001,2.9999999999999947
7179,2.000000000000002,2.999999999999995
7180,2.000000000000001,2.9999999999999947
7181,2.000000000000002,2.999999999999995
7182,2.000000000000001,2.9999999999999947
7183,2.000000000000002,2.999999999999995
7184,2.000000000000001,2.9999999999999947
7185,2.000000000000002,2.999999999999995
7186,2.000000000000001,2.9999999999999947
7187,2.000000000000002,2.999999999999995
7188,2.000000000000001,2.9999999999999947
7189,2.000000000000002,2.999999999999995
7190,2.000000000000001,2.9999999999999947
7191,2.000000000000002,2.999999999999995
7192,2.000000000000001,2.9999999999999947
7193,2.000000000000002,2.999999999999995
7194,2.000000000000001,2.9999999999999947
7195,2.000000000000002,2.999999999999995
7196,2.000000000000001,2.9999999999999947
7197,2.000000000000002,2.999999999999995
7198,2.000000000000001,2.9999999999999947
7199,2.000000000000002,2.999999999999995
7200,2.000000000000001,2.9999999999999947
7201,2.000000000000002,2.999999999999995
7202,2.000000000000001,2.9999999999999947
7203,2.000000000000002,2.999999999999995
7204,2.000000000000001,2.9999999999999947
7205,2.000000000000002,2.999999999999995
7206,2.000000000000001,2.9999999999999947
7207,2.000000000000002,2.999999999999995
7208,2.000000000000001,2.9999999999999947
7209,2.000000000000002,2.999999999999995
7210,2.000000000000001,2.9999999999999947
7211,2.000000000000002,2.999999999999995
7212,2.000000000000001,2.9999999999999947
7213,2.000000000000002,2.999999999999995
7214,2.000000000000001,2.9999999999999947
7215,2.000000000000002,2.999999999999995
7216,2.000000000000001,2.9999999999999947
7217,2.000000000000002,2.999999999999995
7218,2.000000000000001,2.9999999999999947
7219,2.000000000000002,2.999999999999995
7220,2.000000000000001,2.9999999999999947
7221,2.000000000000002,2.999999999999995
7222,2.000000000000001,2.9999999999999947
7223,2.000000000000002,2.999999999999995
7224,2.000000000000001,2.9999999999999947
7225,2.000000000000002,2.999999999999995
7226,2.000000000000001,2.9999999999999947
7227,2.000000000000002,2.999999999999995
7228,2.000000000000001,2.9999999999999947
7229,2.000000000000002,2.999999999999995
7230,2.000000000000001,2.9999999999999947
7231,2.000000000000002,2.999999999999995
7232,2.000000000000001,2.9999999999999947
7233,2.000000000000002,2.999999999999995
7234,2.000000000000001,2.9999999999999947
7235,2.000000000000002,2.999999999999995
7236,2.000000000000001,2.9999999999999947
7237,2.000000000000002,2.999999999999995
7238,2.000000000000001,2.9999999999999947
7239,2.000000000000002,2.999999999999995
7240,2.000000000000001,2.9999999999999947
7241,2.000000000000002,2.999999999999995
7242,2.000000000000001,2.9999999999999947
7243,2.000000000000002,2.999999999999995
7244,2.000000000000001,2.9999999999999947
7245,2.000000000000002,2.999999999999995
7246,2.000000000000001,2.9999999999999947
7247,2.000000000000002,2.999999999999995
7248,2.000000000000001,2.9999999999999947
7249,2.000000000000002,2.999999999999995
7250,2.000000000000001,2.9999999999999947
7251,2.000000000000002,2.999999999999995
7252,2.000000000000001,2.9999999999999947
7253,2.000000000000002,2.999999999999995
7254,2.000000000000001,2.9999999999999947
7255,2.000000000000002,2.999999999999995
7256,2.000000000000001,2.9999999999999947
7257,2.000000000000002,2.999999999999995
7258,2.000000000000001,2.9999999999999947
7259,2.000000000000002,2.999999999999995
7260,2.000000000000001,2.9999999999999947
7261,2.000000000000002,2.999999999999995
7262,2.000000000000001,2.9999999999999947
7263,2.000000000000002,2.999999999999995
7264,2.000000000000001,2.9999999999999947
7265,2.000000000000002,2.999999999999995
7266,2.000000000000001,2.9999999999999947
7267,2.000000000000002,2.999999999999995
7268,2.000000000000001,2.9999999999999947
7269,2.000000000000002,2.999999999999995
7270,2.000000000000001,2.9999999999999947
7271,2.000000000000002,2.999999999999995
7272,2.000000000000001,2.9999999999999947
7273,2.000000000000002,2.999999999999995
7274,2.000000000000001,2.9999999999999947
7275,2.000000000000002,2.999999999999995
7276,2.000000000000001,2.9999999999999947
7277,2.000000000000002,2.999999999999995
7278,2.000000000000001,2.9999999999999947
7279,2.000000000000002,2.999999999999995
7280,2.000000000000001,2.9999999999999947
7281,2.000000000000002,2.999999999999995
7282,2.000000000000001,2.9999999999999947
7283,2.000000000000002,2.999999999999995
7284,2.000000000000001,2.9999999999999947
7285,2.000000000000002,2.999999999999995
7286,2.000000000000001,2.9999999999999947
7287,2.000000000000002,2.999999999999995
7288,2.000000000000001,2.9999999999999947
7289,2.000000000000002,2.999999999999995
7290,2.000000000000001,2.9999999999999947
7291,2.000000000000002,2.999999999999995
7292,2.000000000000001,2.9999999999999947
7293,2.000000000000002,2.999999999999995
7294,2.000000000000001,2.9999999999999947
7295,2.000000000000002,2.999999999999995
7296,2.000000000000001,2.9999999999999947
7297,2.000000000000002,2.999999999999995
7298,2.000000000000001,2.9999999999999947
7299,2.000000000000002,2.999999999999995
7300,2.000000000000001,2.9999999999999947
7301,2.000000000000002,2.999999999999995
7302,2.000000000000001,2.9999999999999947
7303,2.000000000000002,2.999999999999995
7304,2.000000000000001,2.9999999999999947
7305,2.000000000000002,2.999999999999995
7306,2.000000000000001,2.9999999999999947
7307,2.000000000000002,2.999999999999995
7308,2.000000000000001,2.9999999999999947
7309,2.000000000000002,2.999999999999995
7310,2.000000000000001,2.9999999999999947
7311,2.000000000000002,2.999999999999995
7312,2.000000000000001,2.9999999999999947
7313,2.000000000000002,2.999999999999995
7314,2.000000000000001,2.9999999999999947
7315,2.000000000000002,2.999999999999995
7316,2.000000000000001,2.9999999999999947
7317,2.000000000000002,2.999999999999995
7318,2.000000000000001,2.9999999999999947
7319,2.000000000000002,2.999999999999995
7320,2.000000000000001,2.9999999999999947
7321,2.000000000000002,2.999999999999995
7322,2.000000000000001,2.9999999999999947
7323,2.000000000000002,2.999999999999995
7324,2.000000000000001,2.9999999999999947
7325,2.000000000000002,2.999999999999995
7326,2.000000000000001,2.9999999999999947
7327,2.000000000000002,2.999999999999995
7328,2.000000000000001,2.9999999999999947
7329,2.000000000000002,2.999999999999995
7330,2.000000000000001,2.9999999999999947
7331,2.000000000000002,2.999999999999995
7332,2.000000000000001,2.9999999999999947
7333,2.000000000000002,2.999999999999995
7334,2.000000000000001,2.9999999999999947
7335,2.000000000000002,2.999999999999995
7336,2.000000000000001,2.9999999999999947
7337,2.000000000000002,2.999999999999995
7338,2.000000000000001,2.9999999999999947
7339,2.000000000000002,2.999999999999995
7340,2.000000000000001,2.9999999999999947
7341,2.000000000000002,2.999999999999995
7342,2.000000000000001,2.9999999999999947
7343,2.000000000000002,2.999999999999995
7344,2.000000000000001,2.9999999999999947
7345,2.000000000000002,2.999999999999995
7346,2.000000000000001,2.9999999999999947
7347,2.000000000000002,2.999999999999995
7348,2.000000000000001,2.9999999999999947
7349,2.000000000000002,2.999999999999995
7350,2.000000000000001,2.9999999999999947
7351,2.000000000000002,2.999999999999995
7352,2.000000000000001,2.9999999999999947
7353,2.000000000000002,2.999999999999995
7354,2.000000000000001,2.9999999999999947
7355,2.000000000000002,2.999999999999995
7356,2.000000000000001,2.9999999999999947
7357,2.000000000000002,2.999999999999995
7358,2.000000000000001,2.9999999999999947
7359,2.000000000000002,2.999999999999995
7360,2.000000000000001,2.9999999999999947
7361,2.000000000000002,2.999999999999995
7362,2.000000000000001,2.9999999999999947
7363,2.000000000000002,2.999999999999995
7364,2.000000000000001,2.9999999999999947
7365,2.000000000000002,2.999999999999995
7366,2.000000000000001,2.9999999999999947
7367,2.000000000000002,2.999999999999995
7368,2.000000000000001,2.9999999999999947
7369,2.000000000000002,2.999999999999995
7370,2.000000000000001,2.9999999999999947
7371,2.000000000000002,2.999999999999995
7372,2.000000000000001,2.9999999999999947
7373,2.000000000000002,2.999999999999995
7374,2.000000000000001,2.9999999999999947
7375,2.000000000000002,2.999999999999995
7376,2.000000000000001,2.9999999999999947
7377,2.000000000000002,2.999999999999995
7378,2.000000000000001,2.9999999999999947
7379,2.000000000000002,2.999999999999995
7380,2.000000000000001,2.9999999999999947
7381,2.000000000000002,2.999999999999995
7382,2.000000000000001,2.9999999999999947
7383,2.000000000000002,2.999999999999995
7384,2.000000000000001,2.9999999999999947
7385,2.000000000000002,2.999999999999995
7386,2.000000000000001,2.9999999999999947
7387,2.000000000000002,2.999999999999995
7388,2.000000000000001,2.9999999999999947
7389,2.000000000000002,2.999999999999995
7390,2.000000000000001,2.9999999999999947
7391,2.000000000000002,2.999999999999995
7392,2.000000000000001,2.9999999999999947
7393,2.000000000000002,2.999999999999995
7394,2.000000000000001,2.9999999999999947
7395,2.000000000000002,2.999999999999995
7396,2.000000000000001,2.9999999999999947
7397,2.000000000000002,2.999999999999995
7398,2.000000000000001,2.9999999999999947
7399,2.000000000000002,2.999999999999995
7400,2.000000000000001,2.9999999999999947
7401,2.000000000000002,2.999999999999995
7402,2.000000000000001,2.9999999999999947
7403,2.000000000000002,2.999999999999995
7404,2.000000000000001,2.9999999999999947
7405,2.000000000000002,2.999999999999995
7406,2.000000000000001,2.9999999999999947
7407,2.000000000000002,2.999999999999995
7408,2.000000000000001,2.9999999999999947
7409,2.000000000000002,2.999999999999995
7410,2.000000000000001,2.9999999999999947
7411,2.000000000000002,2.999999999999995
7412,2.000000000000001,2.9999999999999947
7413,2.000000000000002,2.999999999999995
7414,2.000000000000001,2.9999999999999947
7415,2.000000000000002,2.999999999999995
7416,2.000000000000001,2.9999999999999947
7417,2.000000000000002,2.999999999999995
7418,2.000000000000001,2.9999999999999947
7419,2.000000000000002,2.999999999999995
7420,2.000000000000001,2.9999999999999947
7421,2.000000000000002,2.999999999999995
7422,2.000000000000001,2.9999999999999947
7423,2.000000000000002,2.999999999999995
7424,2.000000000000001,2.9999999999999947
7425,2.000000000000002,2.999999999999995
7426,2.000000000000001,2.9999999999999947
7427,2.000000000000002,2.999999999999995
7428,2.000000000000001,2.9999999999999947
7429,2.000000000000002,2.999999999999995
7430,2.000000000000001,2.9999999999999947
7431,2.000000000000002,2.999999999999995
7432,2.000000000000001,2.9999999999999947
7433,2.000000000000002,2.999999999999995
7434,2.000000000000001,2.9999999999999947
7435,2.000000000000002,2.999999999999995
7436,2.000000000000001,2.9999999999999947
7437,2.000000000000002,2.999999999999995
7438,2.000000000000001,2.9999999999999947
7439,2.000000000000002,2.999999999999995
7440,2.000000000000001,2.9999999999999947
7441,2.000000000000002,2.999999999999995
7442,2.000000000000001,2.9999999999999947
7443,2.000000000000002,2.999999999999995
7444,2.000000000000001,2.9999999999999947
7445,2.000000000000002,2.999999999999995
7446,2.000000000000001,2.9999999999999947
7447,2.000000000000002,2.999999999999995
7448,2.000000000000001,2.9999999999999947
7449,2.000000000000002,2.999999999999995
7450,2.000000000000001,2.9999999999999947
7451,2.000000000000002,2.999999999999995
7452,2.000000000000001,2.9999999999999947
7453,2.000000000000002,2.999999999999995
7454,2.000000000000001,2.9999999999999947
7455,2.000000000000002,2.999999999999995
7456,2.000000000000001,2.9999999999999947
7457,2.000000000000002,2.999999999999995
7458,2.000000000000001,2.9999999999999947
7459,2.000000000000002,2.999999999999995
7460,2.000000000000001,2.9999999999999947
7461,2.000000000000002,2.999999999999995
7462,2.000000000000001,2.9999999999999947
7463,2.000000000000002,2.999999999999995
7464,2.000000000000001,2.9999999999999947
7465,2.000000000000002,2.999999999999995
7466,2.000000000000001,2.9999999999999947
7467,2.000000000000002,2.999999999999995
7468,2.000000000000001,2.9999999999999947
7469,2.000000000000002,2.999999999999995
7470,2.000000000000001,2.9999999999999947
7471,2.000000000000002,2.999999999999995
7472,2.000000000000001,2.9999999999999947
7473,2.000000000000002,2.999999999999995
7474,2.000000000000001,2.9999999999999947
7475,2.000000000000002,2.999999999999995
7476,2.000000000000001,2.9999999999999947
7477,2.000000000000002,2.999999999999995
7478,2.000000000000001,2.9999999999999947
7479,2.000000000000002,2.999999999999995
7480,2.000000000000001,2.9999999999999947
7481,2.000000000000002,2.999999999999995
7482,2.000000000000001,2.9999999999999947
7483,2.000000000000002,2.999999999999995
7484,2.000000000000001,2.9999999999999947
7485,2.000000000000002,2.999999999999995
7486,2.000000000000001,2.9999999999999947
7487,2.000000000000002,2.999999999999995
7488,2.000000000000001,2.9999999999999947
7489,2.000000000000002,2.999999999999995
7490,2.000000000000001,2.9999999999999947
7491,2.000000000000002,2.999999999999995
7492,2.000000000000001,2.9999999999999947
7493,2.000000000000002,2.999999999999995
7494,2.000000000000001,2.9999999999999947
7495,2.000000000000002,2.999999999999995
7496,2.000000000000001,2.9999999999999947
7497,2.000000000000002,2.999999999999995
7498,2.000000000000001,2.9999999999999947
7499,2.000000000000002,2.999999999999995
7500,2.000000000000001,2.9999999999999947
7501,2.000000000000002,2.999999999999995
7502,2.000000000000001,2.9999999999999947
7503,2.000000000000002,2.999999999999995
7504,2.000000000000001,2.9999999999999947
7505,2.000000000000002,2.999999999999995
7506,2.000000000000001,2.9999999999999947
7507,2.000000000000002,2.999999999999995
7508,2.000000000000001,2.9999999999999947
7509,2.000000000000002,2.999999999999995
7510,2.000000000000001,2.9999999999999947
7511,2.000000000000002,2.999999999999995
7512,2.000000000000001,2.9999999999999947
7513,2.000000000000002,2.999999999999995
7514,2.000000000000001,2.9999999999999947
7515,2.000000000000002,2.999999999999995
7516,2.000000000000001,2.9999999999999947
7517,2.000000000000002,2.999999999999995
7518,2.000000000000001,2.9999999999999947
7519,2.000000000000002,2.999999999999995
7520,2.000000000000001,2.9999999999999947
7521,2.000000000000002,2.999999999999995
7522,2.000000000000001,2.9999999999999947
7523,2.000000000000002,2.999999999999995
7524,2.000000000000001,2.9999999999999947
7525,2.000000000000002,2.999999999999995
7526,2.000000000000001,2.9999999999999947
7527,2.000000000000002,2.999999999999995
7528,2.000000000000001,2.9999999999999947
7529,2.000000000000002,2.999999999999995
7530,2.000000000000001,2.9999999999999947
7531,2.000000000000002,2.999999999999995
7532,2.000000000000001,2.9999999999999947
7533,2.000000000000002,2.999999999999995
7534,2.000000000000001,2.9999999999999947
7535,2.000000000000002,2.999999999999995
7536,2.000000000000001,2.9999999999999947
7537,2.000000000000002,2.999999999999995
7538,2.000000000000001,2.9999999999999947
7539,2.000000000000002,2.999999999999995
7540,2.000000000000001,2.9999999999999947
7541,2.000000000000002,2.999999999999995
7542,2.000000000000001,2.9999999999999947
7543,2.000000000000002,2.999999999999995
7544,2.000000000000001,2.9999999999999947
7545,2.000000000000002,2.999999999999995
7546,2.000000000000001,2.9999999999999947
7547,2.000000000000002,2.999999999999995
7548,2.000000000000001,2.9999999999999947
7549,2.000000000000002,2.999999999999995
7550,2.000000000000001,2.9999999999999947
7551,2.000000000000002,2.999999999999995
7552,2.000000000000001,2.9999999999999947
7553,2.000000000000002,2.999999999999995
7554,2.000000000000001,2.9999999999999947
7555,2.000000000000002,2.999999999999995
7556,2.000000000000001,2.9999999999999947
7557,2.000000000000002,2.999999999999995
7558,2.000000000000001,2.9999999999999947
7559,2.000000000000002,2.999999999999995
7560,2.000000000000001,2.9999999999999947
7561,2.000000000000002,2.999999999999995
7562,2.000000000000001,2.9999999999999947
7563,2.000000000000002,2.999999999999995
7564,2.000000000000001,2.9999999999999947
7565,2.000000000000002,2.999999999999995
7566,2.000000000000001,2.9999999999999947
7567,2.000000000000002,2.999999999999995
7568,2.000000000000001,2.9999999999999947
7569,2.000000000000002,2.999999999999995
7570,2.000000000000001,2.9999999999999947
7571,2.000000000000002,2.999999999999995
7572,2.000000000000001,2.9999999999999947
7573,2.000000000000002,2.999999999999995
7574,2.000000000000001,2.9999999999999947
7575,2.000000000000002,2.999999999999995
7576,2.000000000000001,2.9999999999999947
7577,2.000000000000002,2.999999999999995
7578,2.000000000000001,2.9999999999999947
7579,2.000000000000002,2.999999999999995
7580,2.000000000000001,2.9999999999999947
7581,2.000000000000002,2.999999999999995
7582,2.000000000000001,2.9999999999999947
7583,2.000000000000002,2.999999999999995
7584,2.000000000000001,2.9999999999999947
7585,2.000000000000002,2.999999999999995
7586,2.000000000000001,2.9999999999999947
7587,2.000000000000002,2.999999999999995
7588,2.000000000000001,2.9999999999999947
7589,2.000000000000002,2.999999999999995
7590,2.000000000000001,2.9999999999999947
7591,2.000000000000002,2.999999999999995
7592,2.000000000000001,2.9999999999999947
7593,2.000000000000002,2.999999999999995
7594,2.000000000000001,2.9999999999999947
7595,2.000000000000002,2.999999999999995
7596,2.000000000000001,2.9999999999999947
7597,2.000000000000002,2.999999999999995
7598,2.000000000000001,2.9999999999999947
7599,2.000000000000002,2.999999999999995
7600,2.000000000000001,2.9999999999999947
7601,2.000000000000002,2.999999999999995
7602,2.000000000000001,2.9999999999999947
7603,2.000000000000002,2.999999999999995
7604,2.000000000000001,2.9999999999999947
7605,2.000000000000002,2.999999999999995
7606,2.000000000000001,2.9999999999999947
7607,2.000000000000002,2.999999999999995
7608,2.000000000000001,2.9999999999999947
7609,2.000000000000002,2.999999999999995
7610,2.000000000000001,2.9999999999999947
7611,2.000000000000002,2.999999999999995
7612,2.000000000000001,2.9999999999999947
7613,2.000000000000002,2.999999999999995
7614,2.000000000000001,2.9999999999999947
7615,2.000000000000002,2.999999999999995
7616,2.000000000000001,2.9999999999999947
7617,2.000000000000002,2.999999999999995
7618,2.000000000000001,2.9999999999999947
7619,2.000000000000002,2.999999999999995
7620,2.000000000000001,2.9999999999999947
7621,2.000000000000002,2.999999999999995
7622,2.000000000000001,2.9999999999999947
7623,2.000000000000002,2.999999999999995
7624,2.000000000000001,2.9999999999999947
7625,2.000000000000002,2.999999999999995
7626,2.000000000000001,2.9999999999999947
7627,2.000000000000002,2.999999999999995
7628,2.000000000000001,2.9999999999999947
7629,2.000000000000002,2.999999999999995
7630,2.000000000000001,2.9999999999999947
7631,2.000000000000002,2.999999999999995
7632,2.000000000000001,2.9999999999999947
7633,2.000000000000002,2.999999999999995
7634,2.000000000000001,2.9999999999999947
7635,2.000000000000002,2.999999999999995
7636,2.000000000000001,2.9999999999999947
7637,2.000000000000002,2.999999999999995
7638,2.000000000000001,2.9999999999999947
7639,2.000000000000002,2.999999999999995
7640,2.000000000000001,2.9999999999999947
7641,2.000000000000002,2.999999999999995
7642,2.000000000000001,2.9999999999999947
7643,2.000000000000002,2.999999999999995
7644,2.000000000000001,2.9999999999999947
7645,2.000000000000002,2.999999999999995
7646,2.000000000000001,2.9999999999999947
7647,2.000000000000002,2.999999999999995
7648,2.000000000000001,2.9999999999999947
7649,2.000000000000002,2.999999999999995
7650,2.000000000000001,2.9999999999999947
7651,2.000000000000002,2.999999999999995
7652,2.000000000000001,2.9999999999999947
7653,2.000000000000002,2.999999999999995
7654,2.000000000000001,2.9999999999999947
7655,2.000000000000002,2.999999999999995
7656,2.000000000000001,2.9999999999999947
7657,2.000000000000002,2.999999999999995
7658,2.000000000000001,2.9999999999999947
7659,2.000000000000002,2.999999999999995
7660,2.000000000000001,2.9999999999999947
7661,2.000000000000002,2.999999999999995
7662,2.000000000000001,2.9999999999999947
7663,2.000000000000002,2.999999999999995
7664,2.000000000000001,2.9999999999999947
7665,2.000000000000002,2.999999999999995
7666,2.000000000000001,2.9999999999999947
7667,2.000000000000002,2.999999999999995
7668,2.000000000000001,2.9999999999999947
7669,2.000000000000002,2.999999999999995
7670,2.000000000000001,2.9999999999999947
7671,2.000000000000002,2.999999999999995
7672,2.000000000000001,2.9999999999999947
7673,2.000000000000002,2.999999999999995
7674,2.000000000000001,2.9999999999999947
7675,2.000000000000002,2.999999999999995
7676,2.000000000000001,2.9999999999999947
7677,2.000000000000002,2.999999999999995
7678,2.000000000000001,2.9999999999999947
7679,2.000000000000002,2.999999999999995
7680,2.000000000000001,2.9999999999999947
7681,2.000000000000002,2.999999999999995
7682,2.000000000000001,2.9999999999999947
7683,2.000000000000002,2.999999999999995
7684,2.000000000000001,2.9999999999999947
7685,2.000000000000002,2.999999999999995
7686,2.000000000000001,2.9999999999999947
7687,2.000000000000002,2.999999999999995
7688,2.000000000000001,2.9999999999999947
7689,2.000000000000002,2.999999999999995
7690,2.000000000000001,2.9999999999999947
7691,2.000000000000002,2.999999999999995
7692,2.000000000000001,2.9999999999999947
7693,2.000000000000002,2.999999999999995
7694,2.000000000000001,2.9999999999999947
7695,2.000000000000002,2.999999999999995
7696,2.000000000000001,2.9999999999999947
7697,2.000000000000002,2.999999999999995
7698,2.000000000000001,2.9999999999999947
7699,2.000000000000002,2.999999999999995
7700,2.000000000000001,2.9999999999999947
7701,2.000000000000002,2.999999999999995
7702,2.000000000000001,2.9999999999999947
7703,2.000000000000002,2.999999999999995
7704,2.000000000000001,2.9999999999999947
7705,2.000000000000002,2.999999999999995
7706,2.000000000000001,2.9999999999999947
7707,2.000000000000002,2.999999999999995
7708,2.000000000000001,2.9999999999999947
7709,2.000000000000002,2.999999999999995
7710,2.000000000000001,2.9999999999999947
7711,2.000000000000002,2.999999999999995
7712,2.000000000000001,2.9999999999999947
7713,2.000000000000002,2.999999999999995
7714,2.000000000000001,2.9999999999999947
7715,2.000000000000002,2.999999999999995
7716,2.000000000000001,2.9999999999999947
7717,2.000000000000002,2.999999999999995
7718,2.000000000000001,2.9999999999999947
7719,2.000000000000002,2.999999999999995
7720,2.000000000000001,2.9999999999999947
7721,2.000000000000002,2.999999999999995
7722,2.000000000000001,2.9999999999999947
7723,2.000000000000002,2.999999999999995
7724,2.000000000000001,2.9999999999999947
7725,2.000000000000002,2.999999999999995
7726,2.000000000000001,2.9999999999999947
7727,2.000000000000002,2.999999999999995
7728,2.000000000000001,2.9999999999999947
7729,2.000000000000002,2.999999999999995
7730,2.000000000000001,2.9999999999999947
7731,2.000000000000002,2.999999999999995
7732,2.000000000000001,2.9999999999999947
7733,2.000000000000002,2.999999999999995
7734,2.000000000000001,2.9999999999999947
7735,2.000000000000002,2.999999999999995
7736,2.000000000000001,2.9999999999999947
7737,2.000000000000002,2.999999999999995
7738,2.000000000000001,2.9999999999999947
7739,2.000000000000002,2.999999999999995
7740,2.000000000000001,2.9999999999999947
7741,2.000000000000002,2.999999999999995
7742,2.000000000000001,2.9999999999999947
7743,2.000000000000002,2.999999999999995
7744,2.000000000000001,2.9999999999999947
7745,2.000000000000002,2.999999999999995
7746,2.000000000000001,2.9999999999999947
7747,2.000000000000002,2.999999999999995
7748,2.000000000000001,2.9999999999999947
7749,2.000000000000002,2.999999999999995
7750,2.000000000000001,2.9999999999999947
7751,2.000000000000002,2.999999999999995
7752,2.000000000000001,2.9999999999999947
7753,2.000000000000002,2.999999999999995
7754,2.000000000000001,2.9999999999999947
7755,2.000000000000002,2.999999999999995
7756,2.000000000000001,2.9999999999999947
7757,2.000000000000002,2.999999999999995
7758,2.000000000000001,2.9999999999999947
7759,2.000000000000002,2.999999999999995
7760,2.000000000000001,2.9999999999999947
7761,2.000000000000002,2.999999999999995
7762,2.000000000000001,2.9999999999999947
7763,2.000000000000002,2.999999999999995
7764,2.000000000000001,2.9999999999999947
7765,2.000000000000002,2.999999999999995
7766,2.000000000000001,2.9999999999999947
7767,2.000000000000002,2.999999999999995
7768,2.000000000000001,2.9999999999999947
7769,2.000000000000002,2.999999999999995
7770,2.000000000000001,2.9999999999999947
7771,2.000000000000002,2.999999999999995
7772,2.000000000000001,2.9999999999999947
7773,2.000000000000002,2.999999999999995
7774,2.000000000000001,2.9999999999999947
7775,2.000000000000002,2.999999999999995
7776,2.000000000000001,2.9999999999999947
7777,2.000000000000002,2.999999999999995
7778,2.000000000000001,2.9999999999999947
7779,2.000000000000002,2.999999999999995
7780,2.000000000000001,2.9999999999999947
7781,2.000000000000002,2.999999999999995
7782,2.000000000000001,2.9999999999999947
7783,2.000000000000002,2.999999999999995
7784,2.000000000000001,2.9999999999999947
7785,2.000000000000002,2.999999999999995
7786,2.000000000000001,2.9999999999999947
7787,2.000000000000002,2.999999999999995
7788,2.000000000000001,2.9999999999999947
7789,2.000000000000002,2.999999999999995
7790,2.000000000000001,2.9999999999999947
7791,2.000000000000002,2.999999999999995
7792,2.000000000000001,2.9999999999999947
7793,2.000000000000002,2.999999999999995
7794,2.000000000000001,2.9999999999999947
7795,2.000000000000002,2.999999999999995
7796,2.000000000000001,2.9999999999999947
7797,2.000000000000002,2.999999999999995
7798,2.000000000000001,2.9999999999999947
7799,2.000000000000002,2.999999999999995
7800,2.000000000000001,2.9999999999999947
7801,2.000000000000002,2.999999999999995
7802,2.000000000000001,2.9999999999999947
7803,2.000000000000002,2.999999999999995
7804,2.000000000000001,2.9999999999999947
7805,2.000000000000002,2.999999999999995
7806,2.000000000000001,2.9999999999999947
7807,2.000000000000002,2.999999999999995
7808,2.000000000000001,2.9999999999999947
7809,2.000000000000002,2.999999999999995
7810,2.000000000000001,2.9999999999999947
7811,2.000000000000002,2.999999999999995
7812,2.000000000000001,2.9999999999999947
7813,2.000000000000002,2.999999999999995
7814,2.000000000000001,2.9999999999999947
7815,2.000000000000002,2.999999999999995
7816,2.000000000000001,2.9999999999999947
7817,2.000000000000002,2.999999999999995
7818,2.000000000000001,2.9999999999999947
7819,2.000000000000002,2.999999999999995
7820,2.000000000000001,2.9999999999999947
7821,2.000000000000002,2.999999999999995
7822,2.000000000000001,2.9999999999999947
7823,2.000000000000002,2.999999999999995
7824,2.000000000000001,2.9999999999999947
7825,2.000000000000002,2.999999999999995
7826,2.000000000000001,2.9999999999999947
7827,2.000000000000002,2.999999999999995
7828,2.000000000000001,2.9999999999999947
7829,2.000000000000002,2.999999999999995
7830,2.000000000000001,2.9999999999999947
7831,2.000000000000002,2.999999999999995
7832,2.000000000000001,2.9999999999999947
7833,2.000000000000002,2.999999999999995
7834,2.000000000000001,2.9999999999999947
7835,2.000000000000002,2.999999999999995
7836,2.000000000000001,2.9999999999999947
7837,2.000000000000002,2.999999999999995
7838,2.000000000000001,2.9999999999999947
7839,2.000000000000002,2.999999999999995
7840,2.000000000000001,2.9999999999999947
7841,2.000000000000002,2.999999999999995
7842,2.000000000000001,2.9999999999999947
7843,2.000000000000002,2.999999999999995
7844,2.000000000000001,2.9999999999999947
7845,2.000000000000002,2.999999999999995
7846,2.000000000000001,2.9999999999999947
7847,2.000000000000002,2.999999999999995
7848,2.000000000000001,2.9999999999999947
7849,2.000000000000002,2.999999999999995
7850,2.000000000000001,2.9999999999999947
7851,2.000000000000002,2.999999999999995
7852,2.000000000000001,2.9999999999999947
7853,2.000000000000002,2.999999999999995
7854,2.000000000000001,2.9999999999999947
7855,2.000000000000002,2.999999999999995
7856,2.000000000000001,2.9999999999999947
7857,2.000000000000002,2.999999999999995
7858,2.000000000000001,2.9999999999999947
7859,2.000000000000002,2.999999999999995
7860,2.000000000000001,2.9999999999999947
7861,2.000000000000002,2.999999999999995
7862,2.000000000000001,2.9999999999999947
7863,2.000000000000002,2.999999999999995
7864,2.000000000000001,2.9999999999999947
7865,2.000000000000002,2.999999999999995
7866,2.000000000000001,2.9999999999999947
7867,2.000000000000002,2.999999999999995
7868,2.000000000000001,2.9999999999999947
7869,2.000000000000002,2.999999999999995
7870,2.000000000000001,2.9999999999999947
7871,2.000000000000002,2.999999999999995
7872,2.000000000000001,2.9999999999999947
7873,2.000000000000002,2.999999999999995
7874,2.000000000000001,2.9999999999999947
7875,2.000000000000002,2.999999999999995
7876,2.000000000000001,2.9999999999999947
7877,2.000000000000002,2.999999999999995
7878,2.000000000000001,2.9999999999999947
7879,2.000000000000002,2.999999999999995
7880,2.000000000000001,2.9999999999999947
7881,2.000000000000002,2.999999999999995
7882,2.000000000000001,2.9999999999999947
7883,2.000000000000002,2.999999999999995
7884,2.000000000000001,2.9999999999999947
7885,2.000000000000002,2.999999999999995
7886,2.000000000000001,2.9999999999999947
7887,2.000000000000002,2.999999999999995
7888,2.000000000000001,2.9999999999999947
7889,2.000000000000002,2.999999999999995
7890,2.000000000000001,2.9999999999999947
7891,2.000000000000002,2.999999999999995
7892,2.000000000000001,2.9999999999999947
7893,2.000000000000002,2.999999999999995
7894,2.000000000000001,2.9999999999999947
7895,2.000000000000002,2.999999999999995
7896,2.000000000000001,2.9999999999999947
7897,2.000000000000002,2.999999999999995
7898,2.000000000000001,2.9999999999999947
7899,2.000000000000002,2.999999999999995
7900,2.000000000000001,2.9999999999999947
7901,2.000000000000002,2.999999999999995
7902,2.000000000000001,2.9999999999999947
7903,2.000000000000002,2.999999999999995
7904,2.000000000000001,2.9999999999999947
7905,2.000000000000002,2.999999999999995
7906,2.000000000000001,2.9999999999999947
7907,2.000000000000002,2.999999999999995
7908,2.000000000000001,2.9999999999999947
7909,2.000000000000002,2.999999999999995
7910,2.000000000000001,2.9999999999999947
7911,2.000000000000002,2.999999999999995
7912,2.000000000000001,2.9999999999999947
7913,2.000000000000002,2.999999999999995
7914,2.000000000000001,2.9999999999999947
7915,2.000000000000002,2.999999999999995
7916,2.000000000000001,2.9999999999999947
7917,2.000000000000002,2.999999999999995
7918,2.000000000000001,2.9999999999999947
7919,2.000000000000002,2.999999999999995
7920,2.000000000000001,2.9999999999999947
7921,2.000000000000002,2.999999999999995
7922,2.000000000000001,2.9999999999999947
7923,2.000000000000002,2.999999999999995
7924,2.000000000000001,2.9999999999999947
7925,2.000000000000002,2.999999999999995
7926,2.000000000000001,2.9999999999999947
7927,2.000000000000002,2.999999999999995
7928,2.000000000000001,2.9999999999999947
7929,2.000000000000002,2.999999999999995
7930,2.000000000000001,2.9999999999999947
7931,2.000000000000002,2.999999999999995
7932,2.000000000000001,2.9999999999999947
7933,2.000000000000002,2.999999999999995
7934,2.000000000000001,2.9999999999999947
7935,2.000000000000002,2.999999999999995
7936,2.000000000000001,2.9999999999999947
7937,2.000000000000002,2.999999999999995
7938,2.000000000000001,2.9999999999999947
7939,2.000000000000002,2.999999999999995
7940,2.000000000000001,2.9999999999999947
7941,2.000000000000002,2.999999999999995
7942,2.000000000000001,2.9999999999999947
7943,2.000000000000002,2.999999999999995
7944,2.000000000000001,2.9999999999999947
7945,2.000000000000002,2.999999999999995
7946,2.000000000000001,2.9999999999999947
7947,2.000000000000002,2.999999999999995
7948,2.000000000000001,2.9999999999999947
7949,2.000000000000002,2.999999999999995
7950,2.000000000000001,2.9999999999999947
7951,2.000000000000002,2.999999999999995
7952,2.000000000000001,2.9999999999999947
7953,2.000000000000002,2.999999999999995
7954,2.000000000000001,2.9999999999999947
7955,2.000000000000002,2.999999999999995
7956,2.000000000000001,2.9999999999999947
7957,2.000000000000002,2.999999999999995
7958,2.000000000000001,2.9999999999999947
7959,2.000000000000002,2.999999999999995
7960,2.000000000000001,2.9999999999999947
7961,2.000000000000002,2.999999999999995
7962,2.000000000000001,2.9999999999999947
7963,2.000000000000002,2.999999999999995
7964,2.000000000000001,2.9999999999999947
7965,2.000000000000002,2.999999999999995
7966,2.000000000000001,2.9999999999999947
7967,2.000000000000002,2.999999999999995
7968,2.000000000000001,2.9999999999999947
7969,2.000000000000002,2.999999999999995
7970,2.000000000000001,2.9999999999999947
7971,2.000000000000002,2.999999999999995
7972,2.000000000000001,2.9999999999999947
7973,2.000000000000002,2.999999999999995
7974,2.000000000000001,2.9999999999999947
7975,2.000000000000002,2.999999999999995
7976,2.000000000000001,2.9999999999999947
7977,2.000000000000002,2.999999999999995
7978,2.000000000000001,2.9999999999999947
7979,2.000000000000002,2.999999999999995
7980,2.000000000000001,2.9999999999999947
7981,2.000000000000002,2.999999999999995
7982,2.000000000000001,2.9999999999999947
7983,2.000000000000002,2.999999999999995
7984,2.000000000000001,2.9999999999999947
7985,2.000000000000002,2.999999999999995
7986,2.000000000000001,2.9999999999999947
7987,2.000000000000002,2.999999999999995
7988,2.000000000000001,2.9999999999999947
7989,2.000000000000002,2.999999999999995
7990,2.000000000000001,2.9999999999999947
7991,2.000000000000002,2.999999999999995
7992,2.000000000000001,2.9999999999999947
7993,2.000000000000002,2.999999999999995
7994,2.000000000000001,2.9999999999999947
7995,2.000000000000002,2.999999999999995
7996,2.000000000000001,2.9999999999999947
7997,2.000000000000002,2.999999999999995
7998,2.000000000000001,2.9999999999999947
7999,2.000000000000002,2.999999999999995
8000,2.000000000000001,2.9999999999999947
8001,2.000000000000002,2.999999999999995
8002,2.000000000000001,2.9999999999999947
8003,2.000000000000002,2.999999999999995
8004,2.000000000000001,2.9999999999999947
8005,2.000000000000002,2.999999999999995
8006,2.000000000000001,2.9999999999999947
8007,2.000000000000002,2.999999999999995
8008,2.000000000000001,2.9999999999999947
8009,2.000000000000002,2.999999999999995
8010,2.000000000000001,2.9999999999999947
8011,2.000000000000002,2.999999999999995
8012,2.000000000000001,2.9999999999999947
8013,2.000000000000002,2.999999999999995
8014,2.000000000000001,2.9999999999999947
8015,2.000000000000002,2.999999999999995
8016,2.000000000000001,2.9999999999999947
8017,2.000000000000002,2.999999999999995
8018,2.000000000000001,2.9999999999999947
8019,2.000000000000002,2.999999999999995
8020,2.000000000000001,2.9999999999999947
8021,2.000000000000002,2.999999999999995
8022,2.000000000000001,2.9999999999999947
8023,2.000000000000002,2.999999999999995
8024,2.000000000000001,2.9999999999999947
8025,2.000000000000002,2.999999999999995
8026,2.000000000000001,2.9999999999999947
8027,2.000000000000002,2.999999999999995
8028,2.000000000000001,2.9999999999999947
8029,2.000000000000002,2.999999999999995
8030,2.000000000000001,2.9999999999999947
8031,2.000000000000002,2.999999999999995
8032,2.000000000000001,2.9999999999999947
8033,2.000000000000002,2.999999999999995
8034,2.000000000000001,2.9999999999999947
8035,2.000000000000002,2.999999999999995
8036,2.000000000000001,2.9999999999999947
8037,2.000000000000002,2.999999999999995
8038,2.000000000000001,2.9999999999999947
8039,2.000000000000002,2.999999999999995
8040,2.000000000000001,2.9999999999999947
8041,2.000000000000002,2.999999999999995
8042,2.000000000000001,2.9999999999999947
8043,2.000000000000002,2.999999999999995
8044,2.000000000000001,2.9999999999999947
8045,2.000000000000002,2.999999999999995
8046,2.000000000000001,2.9999999999999947
8047,2.000000000000002,2.999999999999995
8048,2.000000000000001,2.9999999999999947
8049,2.000000000000002,2.999999999999995
8050,2.000000000000001,2.9999999999999947
8051,2.000000000000002,2.999999999999995
8052,2.000000000000001,2.9999999999999947
8053,2.000000000000002,2.999999999999995
8054,2.000000000000001,2.9999999999999947
8055,2.000000000000002,2.999999999999995
8056,2.000000000000001,2.9999999999999947
8057,2.000000000000002,2.999999999999995
8058,2.000000000000001,2.9999999999999947
8059,2.000000000000002,2.999999999999995
8060,2.000000000000001,2.9999999999999947
8061,2.000000000000002,2.999999999999995
8062,2.000000000000001,2.9999999999999947
8063,2.000000000000002,2.999999999999995
8064,2.000000000000001,2.9999999999999947
8065,2.000000000000002,2.999999999999995
8066,2.000000000000001,2.9999999999999947
8067,2.000000000000002,2.999999999999995
8068,2.000000000000001,2.9999999999999947
8069,2.000000000000002,2.999999999999995
8070,2.000000000000001,2.9999999999999947
8071,2.000000000000002,2.999999999999995
8072,2.000000000000001,2.9999999999999947
8073,2.000000000000002,2.999999999999995
8074,2.000000000000001,2.9999999999999947
8075,2.000000000000002,2.999999999999995
8076,2.000000000000001,2.9999999999999947
8077,2.000000000000002,2.999999999999995
8078,2.000000000000001,2.9999999999999947
8079,2.000000000000002,2.999999999999995
8080,2.000000000000001,2.9999999999999947
8081,2.000000000000002,2.999999999999995
8082,2.000000000000001,2.9999999999999947
8083,2.000000000000002,2.999999999999995
8084,2.000000000000001,2.9999999999999947
8085,2.000000000000002,2.999999999999995
8086,2.000000000000001,2.9999999999999947
8087,2.000000000000002,2.999999999999995
8088,2.000000000000001,2.9999999999999947
8089,2.000000000000002,2.999999999999995
8090,2.000000000000001,2.9999999999999947
8091,2.000000000000002,2.999999999999995
8092,2.000000000000001,2.9999999999999947
8093,2.000000000000002,2.999999999999995
8094,2.000000000000001,2.9999999999999947
8095,2.000000000000002,2.999999999999995
8096,2.000000000000001,2.9999999999999947
8097,2.000000000000002,2.999999999999995
8098,2.000000000000001,2.9999999999999947
8099,2.000000000000002,2.999999999999995
8100,2.000000000000001,2.9999999999999947
8101,2.000000000000002,2.999999999999995
8102,2.000000000000001,2.9999999999999947
8103,2.000000000000002,2.999999999999995
8104,2.000000000000001,2.9999999999999947
8105,2.000000000000002,2.999999999999995
8106,2.000000000000001,2.9999999999999947
8107,2.000000000000002,2.999999999999995
8108,2.000000000000001,2.9999999999999947
8109,2.000000000000002,2.999999999999995
8110,2.000000000000001,2.9999999999999947
8111,2.000000000000002,2.999999999999995
8112,2.000000000000001,2.9999999999999947
8113,2.000000000000002,2.999999999999995
8114,2.000000000000001,2.9999999999999947
8115,2.000000000000002,2.999999999999995
8116,2.000000000000001,2.9999999999999947
8117,2.000000000000002,2.999999999999995
8118,2.000000000000001,2.9999999999999947
8119,2.000000000000002,2.999999999999995
8120,2.000000000000001,2.9999999999999947
8121,2.000000000000002,2.999999999999995
8122,2.000000000000001,2.9999999999999947
8123,2.000000000000002,2.999999999999995
8124,2.000000000000001,2.9999999999999947
8125,2.000000000000002,2.999999999999995
8126,2.000000000000001,2.9999999999999947
8127,2.000000000000002,2.999999999999995
8128,2.000000000000001,2.9999999999999947
8129,2.000000000000002,2.999999999999995
8130,2.000000000000001,2.9999999999999947
8131,2.000000000000002,2.999999999999995
8132,2.000000000000001,2.9999999999999947
8133,2.000000000000002,2.999999999999995
8134,2.000000000000001,2.9999999999999947
8135,2.000000000000002,2.999999999999995
8136,2.000000000000001,2.9999999999999947
8137,2.000000000000002,2.999999999999995
8138,2.000000000000001,2.9999999999999947
8139,2.000000000000002,2.999999999999995
8140,2.000000000000001,2.9999999999999947
8141,2.000000000000002,2.999999999999995
8142,2.000000000000001,2.9999999999999947
8143,2.000000000000002,2.999999999999995
8144,2.000000000000001,2.9999999999999947
8145,2.000000000000002,2.999999999999995
8146,2.000000000000001,2.9999999999999947
8147,2.000000000000002,2.999999999999995
8148,2.000000000000001,2.9999999999999947
8149,2.000000000000002,2.999999999999995
8150,2.000000000000001,2.9999999999999947
8151,2.000000000000002,2.999999999999995
8152,2.000000000000001,2.9999999999999947
8153,2.000000000000002,2.999999999999995
8154,2.000000000000001,2.9999999999999947
8155,2.000000000000002,2.999999999999995
8156,2.000000000000001,2.9999999999999947
8157,2.000000000000002,2.999999999999995
8158,2.000000000000001,2.9999999999999947
8159,2.000000000000002,2.999999999999995
8160,2.000000000000001,2.9999999999999947
8161,2.000000000000002,2.999999999999995
8162,2.000000000000001,2.9999999999999947
8163,2.000000000000002,2.999999999999995
8164,2.000000000000001,2.9999999999999947
8165,2.000000000000002,2.999999999999995
8166,2.000000000000001,2.9999999999999947
8167,2.000000000000002,2.999999999999995
8168,2.000000000000001,2.9999999999999947
8169,2.000000000000002,2.999999999999995
8170,2.000000000000001,2.9999999999999947
8171,2.000000000000002,2.999999999999995
8172,2.000000000000001,2.9999999999999947
8173,2.000000000000002,2.999999999999995
8174,2.000000000000001,2.9999999999999947
8175,2.000000000000002,2.999999999999995
8176,2.000000000000001,2.9999999999999947
8177,2.000000000000002,2.999999999999995
8178,2.000000000000001,2.9999999999999947
8179,2.000000000000002,2.999999999999995
8180,2.000000000000001,2.9999999999999947
8181,2.000000000000002,2.999999999999995
8182,2.000000000000001,2.9999999999999947
8183,2.000000000000002,2.999999999999995
8184,2.000000000000001,2.9999999999999947
8185,2.000000000000002,2.999999999999995
8186,2.000000000000001,2.9999999999999947
8187,2.000000000000002,2.999999999999995
8188,2.000000000000001,2.9999999999999947
8189,2.000000000000002,2.999999999999995
8190,2.000000000000001,2.9999999999999947
8191,2.000000000000002,2.999999999999995
8192,2.000000000000001,2.9999999999999947
8193,2.000000000000002,2.999999999999995
8194,2.000000000000001,2.9999999999999947
8195,2.000000000000002,2.999999999999995
8196,2.000000000000001,2.9999999999999947
8197,2.000000000000002,2.999999999999995
8198,2.000000000000001,2.9999999999999947
8199,2.000000000000002,2.999999999999995
8200,2.000000000000001,2.9999999999999947
8201,2.000000000000002,2.999999999999995
8202,2.000000000000001,2.9999999999999947
8203,2.000000000000002,2.999999999999995
8204,2.000000000000001,2.9999999999999947
8205,2.000000000000002,2.999999999999995
8206,2.000000000000001,2.9999999999999947
8207,2.000000000000002,2.999999999999995
8208,2.000000000000001,2.9999999999999947
8209,2.000000000000002,2.999999999999995
8210,2.000000000000001,2.9999999999999947
8211,2.000000000000002,2.999999999999995
8212,2.000000000000001,2.9999999999999947
8213,2.000000000000002,2.999999999999995
8214,2.000000000000001,2.9999999999999947
8215,2.000000000000002,2.999999999999995
8216,2.000000000000001,2.9999999999999947
8217,2.000000000000002,2.999999999999995
8218,2.000000000000001,2.9999999999999947
8219,2.000000000000002,2.999999999999995
8220,2.000000000000001,2.9999999999999947
8221,2.000000000000002,2.999999999999995
8222,2.000000000000001,2.9999999999999947
8223,2.000000000000002,2.999999999999995
8224,2.000000000000001,2.9999999999999947
8225,2.000000000000002,2.999999999999995
8226,2.000000000000001,2.9999999999999947
8227,2.000000000000002,2.999999999999995
8228,2.000000000000001,2.9999999999999947
8229,2.000000000000002,2.999999999999995
8230,2.000000000000001,2.9999999999999947
8231,2.000000000000002,2.999999999999995
8232,2.000000000000001,2.9999999999999947
8233,2.000000000000002,2.999999999999995
8234,2.000000000000001,2.9999999999999947
8235,2.000000000000002,2.999999999999995
8236,2.000000000000001,2.9999999999999947
8237,2.000000000000002,2.999999999999995
8238,2.000000000000001,2.9999999999999947
8239,2.000000000000002,2.999999999999995
8240,2.000000000000001,2.9999999999999947
8241,2.000000000000002,2.999999999999995
8242,2.000000000000001,2.9999999999999947
8243,2.000000000000002,2.999999999999995
8244,2.000000000000001,2.9999999999999947
8245,2.000000000000002,2.999999999999995
8246,2.000000000000001,2.9999999999999947
8247,2.000000000000002,2.999999999999995
8248,2.000000000000001,2.9999999999999947
8249,2.000000000000002,2.999999999999995
8250,2.000000000000001,2.9999999999999947
8251,2.000000000000002,2.999999999999995
8252,2.000000000000001,2.9999999999999947
8253,2.000000000000002,2.999999999999995
8254,2.000000000000001,2.9999999999999947
8255,2.000000000000002,2.999999999999995
8256,2.000000000000001,2.9999999999999947
8257,2.000000000000002,2.999999999999995
8258,2.000000000000001,2.9999999999999947
8259,2.000000000000002,2.999999999999995
8260,2.000000000000001,2.9999999999999947
8261,2.000000000000002,2.999999999999995
8262,2.000000000000001,2.9999999999999947
8263,2.000000000000002,2.999999999999995
8264,2.000000000000001,2.9999999999999947
8265,2.000000000000002,2.999999999999995
8266,2.000000000000001,2.9999999999999947
8267,2.000000000000002,2.999999999999995
8268,2.000000000000001,2.9999999999999947
8269,2.000000000000002,2.999999999999995
8270,2.000000000000001,2.9999999999999947
8271,2.000000000000002,2.999999999999995
8272,2.000000000000001,2.9999999999999947
8273,2.000000000000002,2.999999999999995
8274,2.000000000000001,2.9999999999999947
8275,2.000000000000002,2.999999999999995
8276,2.000000000000001,2.9999999999999947
8277,2.000000000000002,2.999999999999995
8278,2.000000000000001,2.9999999999999947
8279,2.000000000000002,2.999999999999995
8280,2.000000000000001,2.9999999999999947
8281,2.000000000000002,2.999999999999995
8282,2.000000000000001,2.9999999999999947
8283,2.000000000000002,2.999999999999995
8284,2.000000000000001,2.9999999999999947
8285,2.000000000000002,2.999999999999995
8286,2.000000000000001,2.9999999999999947
8287,2.000000000000002,2.999999999999995
8288,2.000000000000001,2.9999999999999947
8289,2.000000000000002,2.999999999999995
8290,2.000000000000001,2.9999999999999947
8291,2.000000000000002,2.999999999999995
8292,2.000000000000001,2.9999999999999947
8293,2.000000000000002,2.999999999999995
8294,2.000000000000001,2.9999999999999947
8295,2.000000000000002,2.999999999999995
8296,2.000000000000001,2.9999999999999947
8297,2.000000000000002,2.999999999999995
8298,2.000000000000001,2.9999999999999947
8299,2.000000000000002,2.999999999999995
8300,2.000000000000001,2.9999999999999947
8301,2.000000000000002,2.999999999999995
8302,2.000000000000001,2.9999999999999947
8303,2.000000000000002,2.999999999999995
8304,2.000000000000001,2.9999999999999947
8305,2.000000000000002,2.999999999999995
8306,2.000000000000001,2.9999999999999947
8307,2.000000000000002,2.999999999999995
8308,2.000000000000001,2.9999999999999947
8309,2.000000000000002,2.999999999999995
8310,2.000000000000001,2.9999999999999947
8311,2.000000000000002,2.999999999999995
8312,2.000000000000001,2.9999999999999947
8313,2.000000000000002,2.999999999999995
8314,2.000000000000001,2.9999999999999947
8315,2.000000000000002,2.999999999999995
8316,2.000000000000001,2.9999999999999947
8317,2.000000000000002,2.999999999999995
8318,2.000000000000001,2.9999999999999947
8319,2.000000000000002,2.999999999999995
8320,2.000000000000001,2.9999999999999947
8321,2.000000000000002,2.999999999999995
8322,2.000000000000001,2.9999999999999947
8323,2.000000000000002,2.999999999999995
8324,2.000000000000001,2.9999999999999947
8325,2.000000000000002,2.999999999999995
8326,2.000000000000001,2.9999999999999947
8327,2.000000000000002,2.999999999999995
8328,2.000000000000001,2.9999999999999947
8329,2.000000000000002,2.999999999999995
8330,2.000000000000001,2.9999999999999947
8331,2.000000000000002,2.999999999999995
8332,2.000000000000001,2.9999999999999947
8333,2.000000000000002,2.999999999999995
8334,2.000000000000001,2.9999999999999947
8335,2.000000000000002,2.999999999999995
8336,2.000000000000001,2.9999999999999947
8337,2.000000000000002,2.999999999999995
8338,2.000000000000001,2.9999999999999947
8339,2.000000000000002,2.999999999999995
8340,2.000000000000001,2.9999999999999947
8341,2.000000000000002,2.999999999999995
8342,2.000000000000001,2.9999999999999947
8343,2.000000000000002,2.999999999999995
8344,2.000000000000001,2.9999999999999947
8345,2.000000000000002,2.999999999999995
8346,2.000000000000001,2.9999999999999947
8347,2.000000000000002,2.999999999999995
8348,2.000000000000001,2.9999999999999947
8349,2.000000000000002,2.999999999999995
8350,2.000000000000001,2.9999999999999947
8351,2.000000000000002,2.999999999999995
8352,2.000000000000001,2.9999999999999947
8353,2.000000000000002,2.999999999999995
8354,2.000000000000001,2.9999999999999947
8355,2.000000000000002,2.999999999999995
8356,2.000000000000001,2.9999999999999947
8357,2.000000000000002,2.999999999999995
8358,2.000000000000001,2.9999999999999947
8359,2.000000000000002,2.999999999999995
8360,2.000000000000001,2.9999999999999947
8361,2.000000000000002,2.999999999999995
8362,2.000000000000001,2.9999999999999947
8363,2.000000000000002,2.999999999999995
8364,2.000000000000001,2.9999999999999947
8365,2.000000000000002,2.999999999999995
8366,2.000000000000001,2.9999999999999947
8367,2.000000000000002,2.999999999999995
8368,2.000000000000001,2.9999999999999947
8369,2.000000000000002,2.999999999999995
8370,2.000000000000001,2.9999999999999947
8371,2.000000000000002,2.999999999999995
8372,2.000000000000001,2.9999999999999947
8373,2.000000000000002,2.999999999999995
8374,2.000000000000001,2.9999999999999947
8375,2.000000000000002,2.999999999999995
8376,2.000000000000001,2.9999999999999947
8377,2.000000000000002,2.999999999999995
8378,2.000000000000001,2.9999999999999947
8379,2.000000000000002,2.999999999999995
8380,2.000000000000001,2.9999999999999947
8381,2.000000000000002,2.999999999999995
8382,2.000000000000001,2.9999999999999947
8383,2.000000000000002,2.999999999999995
8384,2.000000000000001,2.9999999999999947
8385,2.000000000000002,2.999999999999995
8386,2.000000000000001,2.9999999999999947
8387,2.000000000000002,2.999999999999995
8388,2.000000000000001,2.9999999999999947
8389,2.000000000000002,2.999999999999995
8390,2.000000000000001,2.9999999999999947
8391,2.000000000000002,2.999999999999995
8392,2.000000000000001,2.9999999999999947
8393,2.000000000000002,2.999999999999995
8394,2.000000000000001,2.9999999999999947
8395,2.000000000000002,2.999999999999995
8396,2.000000000000001,2.9999999999999947
8397,2.000000000000002,2.999999999999995
8398,2.000000000000001,2.9999999999999947
8399,2.000000000000002,2.999999999999995
8400,2.000000000000001,2.9999999999999947
8401,2.000000000000002,2.999999999999995
8402,2.000000000000001,2.9999999999999947
8403,2.000000000000002,2.999999999999995
8404,2.000000000000001,2.9999999999999947
8405,2.000000000000002,2.999999999999995
8406,2.000000000000001,2.9999999999999947
8407,2.000000000000002,2.999999999999995
8408,2.000000000000001,2.9999999999999947
8409,2.000000000000002,2.999999999999995
8410,2.000000000000001,2.9999999999999947
8411,2.000000000000002,2.999999999999995
8412,2.000000000000001,2.9999999999999947
8413,2.000000000000002,2.999999999999995
8414,2.000000000000001,2.9999999999999947
8415,2.000000000000002,2.999999999999995
8416,2.000000000000001,2.9999999999999947
8417,2.000000000000002,2.999999999999995
8418,2.000000000000001,2.9999999999999947
8419,2.000000000000002,2.999999999999995
8420,2.000000000000001,2.9999999999999947
8421,2.000000000000002,2.999999999999995
8422,2.000000000000001,2.9999999999999947
8423,2.000000000000002,2.999999999999995
8424,2.000000000000001,2.9999999999999947
8425,2.000000000000002,2.999999999999995
8426,2.000000000000001,2.9999999999999947
8427,2.000000000000002,2.999999999999995
8428,2.000000000000001,2.9999999999999947
8429,2.000000000000002,2.999999999999995
8430,2.000000000000001,2.9999999999999947
8431,2.000000000000002,2.999999999999995
8432,2.000000000000001,2.9999999999999947
8433,2.000000000000002,2.999999999999995
8434,2.000000000000001,2.9999999999999947
8435,2.000000000000002,2.999999999999995
8436,2.000000000000001,2.9999999999999947
8437,2.000000000000002,2.999999999999995
8438,2.000000000000001,2.9999999999999947
8439,2.000000000000002,2.999999999999995
8440,2.000000000000001,2.9999999999999947
8441,2.000000000000002,2.999999999999995
8442,2.000000000000001,2.9999999999999947
8443,2.000000000000002,2.999999999999995
8444,2.000000000000001,2.9999999999999947
8445,2.000000000000002,2.999999999999995
8446,2.000000000000001,2.9999999999999947
8447,2.000000000000002,2.999999999999995
8448,2.000000000000001,2.9999999999999947
8449,2.000000000000002,2.999999999999995
8450,2.000000000000001,2.9999999999999947
8451,2.000000000000002,2.999999999999995
8452,2.000000000000001,2.9999999999999947
8453,2.000000000000002,2.999999999999995
8454,2.000000000000001,2.9999999999999947
8455,2.000000000000002,2.999999999999995
8456,2.000000000000001,2.9999999999999947
8457,2.000000000000002,2.999999999999995
8458,2.000000000000001,2.9999999999999947
8459,2.000000000000002,2.999999999999995
8460,2.000000000000001,2.9999999999999947
8461,2.000000000000002,2.999999999999995
8462,2.000000000000001,2.9999999999999947
8463,2.000000000000002,2.999999999999995
8464,2.000000000000001,2.9999999999999947
8465,2.000000000000002,2.999999999999995
8466,2.000000000000001,2.9999999999999947
8467,2.000000000000002,2.999999999999995
8468,2.000000000000001,2.9999999999999947
8469,2.000000000000002,2.999999999999995
8470,2.000000000000001,2.9999999999999947
8471,2.000000000000002,2.999999999999995
8472,2.000000000000001,2.9999999999999947
8473,2.000000000000002,2.999999999999995
8474,2.000000000000001,2.9999999999999947
8475,2.000000000000002,2.999999999999995
8476,2.000000000000001,2.9999999999999947
8477,2.000000000000002,2.999999999999995
8478,2.000000000000001,2.9999999999999947
8479,2.000000000000002,2.999999999999995
8480,2.000000000000001,2.9999999999999947
8481,2.000000000000002,2.999999999999995
8482,2.000000000000001,2.9999999999999947
8483,2.000000000000002,2.999999999999995
8484,2.000000000000001,2.9999999999999947
8485,2.000000000000002,2.999999999999995
8486,2.000000000000001,2.9999999999999947
8487,2.000000000000002,2.999999999999995
8488,2.000000000000001,2.9999999999999947
8489,2.000000000000002,2.999999999999995
8490,2.000000000000001,2.9999999999999947
8491,2.000000000000002,2.999999999999995
8492,2.000000000000001,2.9999999999999947
8493,2.000000000000002,2.999999999999995
8494,2.000000000000001,2.9999999999999947
8495,2.000000000000002,2.999999999999995
8496,2.000000000000001,2.9999999999999947
8497,2.000000000000002,2.999999999999995
8498,2.000000000000001,2.9999999999999947
8499,2.000000000000002,2.999999999999995
8500,2.000000000000001,2.9999999999999947
8501,2.000000000000002,2.999999999999995
8502,2.000000000000001,2.9999999999999947
8503,2.000000000000002,2.999999999999995
8504,2.000000000000001,2.9999999999999947
8505,2.000000000000002,2.999999999999995
8506,2.000000000000001,2.9999999999999947
8507,2.000000000000002,2.999999999999995
8508,2.000000000000001,2.9999999999999947
8509,2.000000000000002,2.999999999999995
8510,2.000000000000001,2.9999999999999947
8511,2.000000000000002,2.999999999999995
8512,2.000000000000001,2.9999999999999947
8513,2.000000000000002,2.999999999999995
8514,2.000000000000001,2.9999999999999947
8515,2.000000000000002,2.999999999999995
8516,2.000000000000001,2.9999999999999947
8517,2.000000000000002,2.999999999999995
8518,2.000000000000001,2.9999999999999947
8519,2.000000000000002,2.999999999999995
8520,2.000000000000001,2.9999999999999947
8521,2.000000000000002,2.999999999999995
8522,2.000000000000001,2.9999999999999947
8523,2.000000000000002,2.999999999999995
8524,2.000000000000001,2.9999999999999947
8525,2.000000000000002,2.999999999999995
8526,2.000000000000001,2.9999999999999947
8527,2.000000000000002,2.999999999999995
8528,2.000000000000001,2.9999999999999947
8529,2.000000000000002,2.999999999999995
8530,2.000000000000001,2.9999999999999947
8531,2.000000000000002,2.999999999999995
8532,2.000000000000001,2.9999999999999947
8533,2.000000000000002,2.999999999999995
8534,2.000000000000001,2.9999999999999947
8535,2.000000000000002,2.999999999999995
8536,2.000000000000001,2.9999999999999947
8537,2.000000000000002,2.999999999999995
8538,2.000000000000001,2.9999999999999947
8539,2.000000000000002,2.999999999999995
8540,2.000000000000001,2.9999999999999947
8541,2.000000000000002,2.999999999999995
8542,2.000000000000001,2.9999999999999947
8543,2.000000000000002,2.999999999999995
8544,2.000000000000001,2.9999999999999947
8545,2.000000000000002,2.999999999999995
8546,2.000000000000001,2.9999999999999947
8547,2.000000000000002,2.999999999999995
8548,2.000000000000001,2.9999999999999947
8549,2.000000000000002,2.999999999999995
8550,2.000000000000001,2.9999999999999947
8551,2.000000000000002,2.999999999999995
8552,2.000000000000001,2.9999999999999947
8553,2.000000000000002,2.999999999999995
8554,2.000000000000001,2.9999999999999947
8555,2.000000000000002,2.999999999999995
8556,2.000000000000001,2.9999999999999947
8557,2.000000000000002,2.999999999999995
8558,2.000000000000001,2.9999999999999947
8559,2.000000000000002,2.999999999999995
8560,2.000000000000001,2.9999999999999947
8561,2.000000000000002,2.999999999999995
8562,2.000000000000001,2.9999999999999947
8563,2.000000000000002,2.999999999999995
8564,2.000000000000001,2.9999999999999947
8565,2.000000000000002,2.999999999999995
8566,2.000000000000001,2.9999999999999947
8567,2.000000000000002,2.999999999999995
8568,2.000000000000001,2.9999999999999947
8569,2.000000000000002,2.999999999999995
8570,2.000000000000001,2.9999999999999947
8571,2.000000000000002,2.999999999999995
8572,2.000000000000001,2.9999999999999947
8573,2.000000000000002,2.999999999999995
8574,2.000000000000001,2.9999999999999947
8575,2.000000000000002,2.999999999999995
8576,2.000000000000001,2.9999999999999947
8577,2.000000000000002,2.999999999999995
8578,2.000000000000001,2.9999999999999947
8579,2.000000000000002,2.999999999999995
8580,2.000000000000001,2.9999999999999947
8581,2.000000000000002,2.999999999999995
8582,2.000000000000001,2.9999999999999947
8583,2.000000000000002,2.999999999999995
8584,2.000000000000001,2.9999999999999947
8585,2.000000000000002,2.999999999999995
8586,2.000000000000001,2.9999999999999947
8587,2.000000000000002,2.999999999999995
8588,2.000000000000001,2.9999999999999947
8589,2.000000000000002,2.999999999999995
8590,2.000000000000001,2.9999999999999947
8591,2.000000000000002,2.999999999999995
8592,2.000000000000001,2.9999999999999947
8593,2.000000000000002,2.999999999999995
8594,2.000000000000001,2.9999999999999947
8595,2.000000000000002,2.999999999999995
8596,2.000000000000001,2.9999999999999947
8597,2.000000000000002,2.999999999999995
8598,2.000000000000001,2.9999999999999947
8599,2.000000000000002,2.999999999999995
8600,2.000000000000001,2.9999999999999947
8601,2.000000000000002,2.999999999999995
8602,2.000000000000001,2.9999999999999947
8603,2.000000000000002,2.999999999999995
8604,2.000000000000001,2.9999999999999947
8605,2.000000000000002,2.999999999999995
8606,2.000000000000001,2.9999999999999947
8607,2.000000000000002,2.999999999999995
8608,2.000000000000001,2.9999999999999947
8609,2.000000000000002,2.999999999999995
8610,2.000000000000001,2.9999999999999947
8611,2.000000000000002,2.999999999999995
8612,2.000000000000001,2.9999999999999947
8613,2.000000000000002,2.999999999999995
8614,2.000000000000001,2.9999999999999947
8615,2.000000000000002,2.999999999999995
8616,2.000000000000001,2.9999999999999947
8617,2.000000000000002,2.999999999999995
8618,2.000000000000001,2.9999999999999947
8619,2.000000000000002,2.999999999999995
8620,2.000000000000001,2.9999999999999947
8621,2.000000000000002,2.999999999999995
8622,2.000000000000001,2.9999999999999947
8623,2.000000000000002,2.999999999999995
8624,2.000000000000001,2.9999999999999947
8625,2.000000000000002,2.999999999999995
8626,2.000000000000001,2.9999999999999947
8627,2.000000000000002,2.999999999999995
8628,2.000000000000001,2.9999999999999947
8629,2.000000000000002,2.999999999999995
8630,2.000000000000001,2.9999999999999947
8631,2.000000000000002,2.999999999999995
8632,2.000000000000001,2.9999999999999947
8633,2.000000000000002,2.999999999999995
8634,2.000000000000001,2.9999999999999947
8635,2.000000000000002,2.999999999999995
8636,2.000000000000001,2.9999999999999947
8637,2.000000000000002,2.999999999999995
8638,2.000000000000001,2.9999999999999947
8639,2.000000000000002,2.999999999999995
8640,2.000000000000001,2.9999999999999947
8641,2.000000000000002,2.999999999999995
8642,2.000000000000001,2.9999999999999947
8643,2.000000000000002,2.999999999999995
8644,2.000000000000001,2.9999999999999947
8645,2.000000000000002,2.999999999999995
8646,2.000000000000001,2.9999999999999947
8647,2.000000000000002,2.999999999999995
8648,2.000000000000001,2.9999999999999947
8649,2.000000000000002,2.999999999999995
8650,2.000000000000001,2.9999999999999947
8651,2.000000000000002,2.999999999999995
8652,2.000000000000001,2.9999999999999947
8653,2.000000000000002,2.999999999999995
8654,2.000000000000001,2.9999999999999947
8655,2.000000000000002,2.999999999999995
8656,2.000000000000001,2.9999999999999947
8657,2.000000000000002,2.999999999999995
8658,2.000000000000001,2.9999999999999947
8659,2.000000000000002,2.999999999999995
8660,2.000000000000001,2.9999999999999947
8661,2.000000000000002,2.999999999999995
8662,2.000000000000001,2.9999999999999947
8663,2.000000000000002,2.999999999999995
8664,2.000000000000001,2.9999999999999947
8665,2.000000000000002,2.999999999999995
8666,2.000000000000001,2.9999999999999947
8667,2.000000000000002,2.999999999999995
8668,2.000000000000001,2.9999999999999947
8669,2.000000000000002,2.999999999999995
8670,2.000000000000001,2.9999999999999947
8671,2.000000000000002,2.999999999999995
8672,2.000000000000001,2.9999999999999947
8673,2.000000000000002,2.999999999999995
8674,2.000000000000001,2.9999999999999947
8675,2.000000000000002,2.999999999999995
8676,2.000000000000001,2.9999999999999947
8677,2.000000000000002,2.999999999999995
8678,2.000000000000001,2.9999999999999947
8679,2.000000000000002,2.999999999999995
8680,2.000000000000001,2.9999999999999947
8681,2.000000000000002,2.999999999999995
8682,2.000000000000001,2.9999999999999947
8683,2.000000000000002,2.999999999999995
8684,2.000000000000001,2.9999999999999947
8685,2.000000000000002,2.999999999999995
8686,2.000000000000001,2.9999999999999947
8687,2.000000000000002,2.999999999999995
8688,2.000000000000001,2.9999999999999947
8689,2.000000000000002,2.999999999999995
8690,2.000000000000001,2.9999999999999947
8691,2.000000000000002,2.999999999999995
8692,2.000000000000001,2.9999999999999947
8693,2.000000000000002,2.999999999999995
8694,2.000000000000001,2.9999999999999947
8695,2.000000000000002,2.999999999999995
8696,2.000000000000001,2.9999999999999947
8697,2.000000000000002,2.999999999999995
8698,2.000000000000001,2.9999999999999947
8699,2.000000000000002,2.999999999999995
8700,2.000000000000001,2.9999999999999947
8701,2.000000000000002,2.999999999999995
8702,2.000000000000001,2.9999999999999947
8703,2.000000000000002,2.999999999999995
8704,2.000000000000001,2.9999999999999947
8705,2.000000000000002,2.999999999999995
8706,2.000000000000001,2.9999999999999947
8707,2.000000000000002,2.999999999999995
8708,2.000000000000001,2.9999999999999947
8709,2.000000000000002,2.999999999999995
8710,2.000000000000001,2.9999999999999947
8711,2.000000000000002,2.999999999999995
8712,2.000000000000001,2.9999999999999947
8713,2.000000000000002,2.999999999999995
8714,2.000000000000001,2.9999999999999947
8715,2.000000000000002,2.999999999999995
8716,2.000000000000001,2.9999999999999947
8717,2.000000000000002,2.999999999999995
8718,2.000000000000001,2.9999999999999947
8719,2.000000000000002,2.999999999999995
8720,2.000000000000001,2.9999999999999947
8721,2.000000000000002,2.999999999999995
8722,2.000000000000001,2.9999999999999947
8723,2.000000000000002,2.999999999999995
8724,2.000000000000001,2.9999999999999947
8725,2.000000000000002,2.999999999999995
8726,2.000000000000001,2.9999999999999947
8727,2.000000000000002,2.999999999999995
8728,2.000000000000001,2.9999999999999947
8729,2.000000000000002,2.999999999999995
8730,2.000000000000001,2.9999999999999947
8731,2.000000000000002,2.999999999999995
8732,2.000000000000001,2.9999999999999947
8733,2.000000000000002,2.999999999999995
8734,2.000000000000001,2.9999999999999947
8735,2.000000000000002,2.999999999999995
8736,2.000000000000001,2.9999999999999947
8737,2.000000000000002,2.999999999999995
8738,2.000000000000001,2.9999999999999947
8739,2.000000000000002,2.999999999999995
8740,2.000000000000001,2.9999999999999947
8741,2.000000000000002,2.999999999999995
8742,2.000000000000001,2.9999999999999947
8743,2.000000000000002,2.999999999999995
8744,2.000000000000001,2.9999999999999947
8745,2.000000000000002,2.999999999999995
8746,2.000000000000001,2.9999999999999947
8747,2.000000000000002,2.999999999999995
8748,2.000000000000001,2.9999999999999947
8749,2.000000000000002,2.999999999999995
8750,2.000000000000001,2.9999999999999947
8751,2.000000000000002,2.999999999999995
8752,2.000000000000001,2.9999999999999947
8753,2.000000000000002,2.999999999999995
8754,2.000000000000001,2.9999999999999947
8755,2.000000000000002,2.999999999999995
8756,2.000000000000001,2.9999999999999947
8757,2.000000000000002,2.999999999999995
8758,2.000000000000001,2.9999999999999947
8759,2.000000000000002,2.999999999999995
8760,2.000000000000001,2.9999999999999947
8761,2.000000000000002,2.999999999999995
8762,2.000000000000001,2.9999999999999947
8763,2.000000000000002,2.999999999999995
8764,2.000000000000001,2.9999999999999947
8765,2.000000000000002,2.999999999999995
8766,2.000000000000001,2.9999999999999947
8767,2.000000000000002,2.999999999999995
8768,2.000000000000001,2.9999999999999947
8769,2.000000000000002,2.999999999999995
8770,2.000000000000001,2.9999999999999947
8771,2.000000000000002,2.999999999999995
8772,2.000000000000001,2.9999999999999947
8773,2.000000000000002,2.999999999999995
8774,2.000000000000001,2.9999999999999947
8775,2.000000000000002,2.999999999999995
8776,2.000000000000001,2.9999999999999947
8777,2.000000000000002,2.999999999999995
8778,2.000000000000001,2.9999999999999947
8779,2.000000000000002,2.999999999999995
8780,2.000000000000001,2.9999999999999947
8781,2.000000000000002,2.999999999999995
8782,2.000000000000001,2.9999999999999947
8783,2.000000000000002,2.999999999999995
8784,2.000000000000001,2.9999999999999947
8785,2.000000000000002,2.999999999999995
8786,2.000000000000001,2.9999999999999947
8787,2.000000000000002,2.999999999999995
8788,2.000000000000001,2.9999999999999947
8789,2.000000000000002,2.999999999999995
8790,2.000000000000001,2.9999999999999947
8791,2.000000000000002,2.999999999999995
8792,2.000000000000001,2.9999999999999947
8793,2.000000000000002,2.999999999999995
8794,2.000000000000001,2.9999999999999947
8795,2.000000000000002,2.999999999999995
8796,2.000000000000001,2.9999999999999947
8797,2.000000000000002,2.999999999999995
8798,2.000000000000001,2.9999999999999947
8799,2.000000000000002,2.999999999999995
8800,2.000000000000001,2.9999999999999947
8801,2.000000000000002,2.999999999999995
8802,2.000000000000001,2.9999999999999947
8803,2.000000000000002,2.999999999999995
8804,2.000000000000001,2.9999999999999947
8805,2.000000000000002,2.999999999999995
8806,2.000000000000001,2.9999999999999947
8807,2.000000000000002,2.999999999999995
8808,2.000000000000001,2.9999999999999947
8809,2.000000000000002,2.999999999999995
8810,2.000000000000001,2.9999999999999947
8811,2.000000000000002,2.999999999999995
8812,2.000000000000001,2.9999999999999947
8813,2.000000000000002,2.999999999999995
8814,2.000000000000001,2.9999999999999947
8815,2.000000000000002,2.999999999999995
8816,2.000000000000001,2.9999999999999947
8817,2.000000000000002,2.999999999999995
8818,2.000000000000001,2.9999999999999947
8819,2.000000000000002,2.999999999999995
8820,2.000000000000001,2.9999999999999947
8821,2.000000000000002,2.999999999999995
8822,2.000000000000001,2.9999999999999947
8823,2.000000000000002,2.999999999999995
8824,2.000000000000001,2.9999999999999947
8825,2.000000000000002,2.999999999999995
8826,2.000000000000001,2.9999999999999947
8827,2.000000000000002,2.999999999999995
8828,2.000000000000001,2.9999999999999947
8829,2.000000000000002,2.999999999999995
8830,2.000000000000001,2.9999999999999947
8831,2.000000000000002,2.999999999999995
8832,2.000000000000001,2.9999999999999947
8833,2.000000000000002,2.999999999999995
8834,2.000000000000001,2.9999999999999947
8835,2.000000000000002,2.999999999999995
8836,2.000000000000001,2.9999999999999947
8837,2.000000000000002,2.999999999999995
8838,2.000000000000001,2.9999999999999947
8839,2.000000000000002,2.999999999999995
8840,2.000000000000001,2.9999999999999947
8841,2.000000000000002,2.999999999999995
8842,2.000000000000001,2.9999999999999947
8843,2.000000000000002,2.999999999999995
8844,2.000000000000001,2.9999999999999947
8845,2.000000000000002,2.999999999999995
8846,2.000000000000001,2.9999999999999947
8847,2.000000000000002,2.999999999999995
8848,2.000000000000001,2.9999999999999947
8849,2.000000000000002,2.999999999999995
8850,2.000000000000001,2.9999999999999947
8851,2.000000000000002,2.999999999999995
8852,2.000000000000001,2.9999999999999947
8853,2.000000000000002,2.999999999999995
8854,2.000000000000001,2.9999999999999947
8855,2.000000000000002,2.999999999999995
8856,2.000000000000001,2.9999999999999947
8857,2.000000000000002,2.999999999999995
8858,2.000000000000001,2.9999999999999947
8859,2.000000000000002,2.999999999999995
8860,2.000000000000001,2.9999999999999947
8861,2.000000000000002,2.999999999999995
8862,2.000000000000001,2.9999999999999947
8863,2.000000000000002,2.999999999999995
8864,2.000000000000001,2.9999999999999947
8865,2.000000000000002,2.999999999999995
8866,2.000000000000001,2.9999999999999947
8867,2.000000000000002,2.999999999999995
8868,2.000000000000001,2.9999999999999947
8869,2.000000000000002,2.999999999999995
8870,2.000000000000001,2.9999999999999947
8871,2.000000000000002,2.999999999999995
8872,2.000000000000001,2.9999999999999947
8873,2.000000000000002,2.999999999999995
8874,2.000000000000001,2.9999999999999947
8875,2.000000000000002,2.999999999999995
8876,2.000000000000001,2.9999999999999947
8877,2.000000000000002,2.999999999999995
8878,2.000000000000001,2.9999999999999947
8879,2.000000000000002,2.999999999999995
8880,2.000000000000001,2.9999999999999947
8881,2.000000000000002,2.999999999999995
8882,2.000000000000001,2.9999999999999947
8883,2.000000000000002,2.999999999999995
8884,2.000000000000001,2.9999999999999947
8885,2.000000000000002,2.999999999999995
8886,2.000000000000001,2.9999999999999947
8887,2.000000000000002,2.999999999999995
8888,2.000000000000001,2.9999999999999947
8889,2.000000000000002,2.999999999999995
8890,2.000000000000001,2.9999999999999947
8891,2.000000000000002,2.999999999999995
8892,2.000000000000001,2.9999999999999947
8893,2.000000000000002,2.999999999999995
8894,2.000000000000001,2.9999999999999947
8895,2.000000000000002,2.999999999999995
8896,2.000000000000001,2.9999999999999947
8897,2.000000000000002,2.999999999999995
8898,2.000000000000001,2.9999999999999947
8899,2.000000000000002,2.999999999999995
8900,2.000000000000001,2.9999999999999947
8901,2.000000000000002,2.999999999999995
8902,2.000000000000001,2.9999999999999947
8903,2.000000000000002,2.999999999999995
8904,2.000000000000001,2.9999999999999947
8905,2.000000000000002,2.999999999999995
8906,2.000000000000001,2.9999999999999947
8907,2.000000000000002,2.999999999999995
8908,2.000000000000001,2.9999999999999947
8909,2.000000000000002,2.999999999999995
8910,2.000000000000001,2.9999999999999947
8911,2.000000000000002,2.999999999999995
8912,2.000000000000001,2.9999999999999947
8913,2.000000000000002,2.999999999999995
8914,2.000000000000001,2.9999999999999947
8915,2.000000000000002,2.999999999999995
8916,2.000000000000001,2.9999999999999947
8917,2.000000000000002,2.999999999999995
8918,2.000000000000001,2.9999999999999947
8919,2.000000000000002,2.999999999999995
8920,2.000000000000001,2.9999999999999947
8921,2.000000000000002,2.999999999999995
8922,2.000000000000001,2.9999999999999947
8923,2.000000000000002,2.999999999999995
8924,2.000000000000001,2.9999999999999947
8925,2.000000000000002,2.999999999999995
8926,2.000000000000001,2.9999999999999947
8927,2.000000000000002,2.999999999999995
8928,2.000000000000001,2.9999999999999947
8929,2.000000000000002,2.999999999999995
8930,2.000000000000001,2.9999999999999947
8931,2.000000000000002,2.999999999999995
8932,2.000000000000001,2.9999999999999947
8933,2.000000000000002,2.999999999999995
8934,2.000000000000001,2.9999999999999947
8935,2.000000000000002,2.999999999999995
8936,2.000000000000001,2.9999999999999947
8937,2.000000000000002,2.999999999999995
8938,2.000000000000001,2.9999999999999947
8939,2.000000000000002,2.999999999999995
8940,2.000000000000001,2.9999999999999947
8941,2.000000000000002,2.999999999999995
8942,2.000000000000001,2.9999999999999947
8943,2.000000000000002,2.999999999999995
8944,2.000000000000001,2.9999999999999947
8945,2.000000000000002,2.999999999999995
8946,2.000000000000001,2.9999999999999947
8947,2.000000000000002,2.999999999999995
8948,2.000000000000001,2.9999999999999947
8949,2.000000000000002,2.999999999999995
8950,2.000000000000001,2.9999999999999947
8951,2.000000000000002,2.999999999999995
8952,2.000000000000001,2.9999999999999947
8953,2.000000000000002,2.999999999999995
8954,2.000000000000001,2.9999999999999947
8955,2.000000000000002,2.999999999999995
8956,2.000000000000001,2.9999999999999947
8957,2.000000000000002,2.999999999999995
8958,2.000000000000001,2.9999999999999947
8959,2.000000000000002,2.999999999999995
8960,2.000000000000001,2.9999999999999947
8961,2.000000000000002,2.999999999999995
8962,2.000000000000001,2.9999999999999947
8963,2.000000000000002,2.999999999999995
8964,2.000000000000001,2.9999999999999947
8965,2.000000000000002,2.999999999999995
8966,2.000000000000001,2.9999999999999947
8967,2.000000000000002,2.999999999999995
8968,2.000000000000001,2.9999999999999947
8969,2.000000000000002,2.999999999999995
8970,2.000000000000001,2.9999999999999947
8971,2.000000000000002,2.999999999999995
8972,2.000000000000001,2.9999999999999947
8973,2.000000000000002,2.999999999999995
8974,2.000000000000001,2.9999999999999947
8975,2.000000000000002,2.999999999999995
8976,2.000000000000001,2.9999999999999947
8977,2.000000000000002,2.999999999999995
8978,2.000000000000001,2.9999999999999947
8979,2.000000000000002,2.999999999999995
8980,2.000000000000001,2.9999999999999947
8981,2.000000000000002,2.999999999999995
8982,2.000000000000001,2.9999999999999947
8983,2.000000000000002,2.999999999999995
8984,2.000000000000001,2.9999999999999947
8985,2.000000000000002,2.999999999999995
8986,2.000000000000001,2.9999999999999947
8987,2.000000000000002,2.999999999999995
8988,2.000000000000001,2.9999999999999947
8989,2.000000000000002,2.999999999999995
8990,2.000000000000001,2.9999999999999947
8991,2.000000000000002,2.999999999999995
8992,2.000000000000001,2.9999999999999947
8993,2.000000000000002,2.999999999999995
8994,2.000000000000001,2.9999999999999947
8995,2.000000000000002,2.999999999999995
8996,2.000000000000001,2.9999999999999947
8997,2.000000000000002,2.999999999999995
8998,2.000000000000001,2.9999999999999947
8999,2.000000000000002,2.999999999999995
9000,2.000000000000001,2.9999999999999947
9001,2.000000000000002,2.999999999999995
9002,2.000000000000001,2.9999999999999947
9003,2.000000000000002,2.999999999999995
9004,2.000000000000001,2.9999999999999947
9005,2.000000000000002,2.999999999999995
9006,2.000000000000001,2.9999999999999947
9007,2.000000000000002,2.999999999999995
9008,2.000000000000001,2.9999999999999947
9009,2.000000000000002,2.999999999999995
9010,2.000000000000001,2.9999999999999947
9011,2.000000000000002,2.999999999999995
9012,2.000000000000001,2.9999999999999947
9013,2.000000000000002,2.999999999999995
9014,2.000000000000001,2.9999999999999947
9015,2.000000000000002,2.999999999999995
9016,2.000000000000001,2.9999999999999947
9017,2.000000000000002,2.999999999999995
9018,2.000000000000001,2.9999999999999947
9019,2.000000000000002,2.999999999999995
9020,2.000000000000001,2.9999999999999947
9021,2.000000000000002,2.999999999999995
9022,2.000000000000001,2.9999999999999947
9023,2.000000000000002,2.999999999999995
9024,2.000000000000001,2.9999999999999947
9025,2.000000000000002,2.999999999999995
9026,2.000000000000001,2.9999999999999947
9027,2.000000000000002,2.999999999999995
9028,2.000000000000001,2.9999999999999947
9029,2.000000000000002,2.999999999999995
9030,2.000000000000001,2.9999999999999947
9031,2.000000000000002,2.999999999999995
9032,2.000000000000001,2.9999999999999947
9033,2.000000000000002,2.999999999999995
9034,2.000000000000001,2.9999999999999947
9035,2.000000000000002,2.999999999999995
9036,2.000000000000001,2.9999999999999947
9037,2.000000000000002,2.999999999999995
9038,2.000000000000001,2.9999999999999947
9039,2.000000000000002,2.999999999999995
9040,2.000000000000001,2.9999999999999947
9041,2.000000000000002,2.999999999999995
9042,2.000000000000001,2.9999999999999947
9043,2.000000000000002,2.999999999999995
9044,2.000000000000001,2.9999999999999947
9045,2.000000000000002,2.999999999999995
9046,2.000000000000001,2.9999999999999947
9047,2.000000000000002,2.999999999999995
9048,2.000000000000001,2.9999999999999947
9049,2.000000000000002,2.999999999999995
9050,2.000000000000001,2.9999999999999947
9051,2.000000000000002,2.999999999999995
9052,2.000000000000001,2.9999999999999947
9053,2.000000000000002,2.999999999999995
9054,2.000000000000001,2.9999999999999947
9055,2.000000000000002,2.999999999999995
9056,2.000000000000001,2.9999999999999947
9057,2.000000000000002,2.999999999999995
9058,2.000000000000001,2.9999999999999947
9059,2.000000000000002,2.999999999999995
9060,2.000000000000001,2.9999999999999947
9061,2.000000000000002,2.999999999999995
9062,2.000000000000001,2.9999999999999947
9063,2.000000000000002,2.999999999999995
9064,2.000000000000001,2.9999999999999947
9065,2.000000000000002,2.999999999999995
9066,2.000000000000001,2.9999999999999947
9067,2.000000000000002,2.999999999999995
9068,2.000000000000001,2.9999999999999947
9069,2.000000000000002,2.999999999999995
9070,2.000000000000001,2.9999999999999947
9071,2.000000000000002,2.999999999999995
9072,2.000000000000001,2.9999999999999947
9073,2.000000000000002,2.999999999999995
9074,2.000000000000001,2.9999999999999947
9075,2.000000000000002,2.999999999999995
9076,2.000000000000001,2.9999999999999947
9077,2.000000000000002,2.999999999999995
9078,2.000000000000001,2.9999999999999947
9079,2.000000000000002,2.999999999999995
9080,2.000000000000001,2.9999999999999947
9081,2.000000000000002,2.999999999999995
9082,2.000000000000001,2.9999999999999947
9083,2.000000000000002,2.999999999999995
9084,2.000000000000001,2.9999999999999947
9085,2.000000000000002,2.999999999999995
9086,2.000000000000001,2.9999999999999947
9087,2.000000000000002,2.999999999999995
9088,2.000000000000001,2.9999999999999947
9089,2.000000000000002,2.999999999999995
9090,2.000000000000001,2.9999999999999947
9091,2.000000000000002,2.999999999999995
9092,2.000000000000001,2.9999999999999947
9093,2.000000000000002,2.999999999999995
9094,2.000000000000001,2.9999999999999947
9095,2.000000000000002,2.999999999999995
9096,2.000000000000001,2.9999999999999947
9097,2.000000000000002,2.999999999999995
9098,2.000000000000001,2.9999999999999947
9099,2.000000000000002,2.999999999999995
9100,2.000000000000001,2.9999999999999947
9101,2.000000000000002,2.999999999999995
9102,2.000000000000001,2.9999999999999947
9103,2.000000000000002,2.999999999999995
9104,2.000000000000001,2.9999999999999947
9105,2.000000000000002,2.999999999999995
9106,2.000000000000001,2.9999999999999947
9107,2.000000000000002,2.999999999999995
9108,2.000000000000001,2.9999999999999947
9109,2.000000000000002,2.999999999999995
9110,2.000000000000001,2.9999999999999947
9111,2.000000000000002,2.999999999999995
9112,2.000000000000001,2.9999999999999947
9113,2.000000000000002,2.999999999999995
9114,2.000000000000001,2.9999999999999947
9115,2.000000000000002,2.999999999999995
9116,2.000000000000001,2.9999999999999947
9117,2.000000000000002,2.999999999999995
9118,2.000000000000001,2.9999999999999947
9119,2.000000000000002,2.999999999999995
9120,2.000000000000001,2.9999999999999947
9121,2.000000000000002,2.999999999999995
9122,2.000000000000001,2.9999999999999947
9123,2.000000000000002,2.999999999999995
9124,2.000000000000001,2.9999999999999947
9125,2.000000000000002,2.999999999999995
9126,2.000000000000001,2.9999999999999947
9127,2.000000000000002,2.999999999999995
9128,2.000000000000001,2.9999999999999947
9129,2.000000000000002,2.999999999999995
9130,2.000000000000001,2.9999999999999947
9131,2.000000000000002,2.999999999999995
9132,2.000000000000001,2.9999999999999947
9133,2.000000000000002,2.999999999999995
9134,2.000000000000001,2.9999999999999947
9135,2.000000000000002,2.999999999999995
9136,2.000000000000001,2.9999999999999947
9137,2.000000000000002,2.999999999999995
9138,2.000000000000001,2.9999999999999947
9139,2.000000000000002,2.999999999999995
9140,2.000000000000001,2.9999999999999947
9141,2.000000000000002,2.999999999999995
9142,2.000000000000001,2.9999999999999947
9143,2.000000000000002,2.999999999999995
9144,2.000000000000001,2.9999999999999947
9145,2.000000000000002,2.999999999999995
9146,2.000000000000001,2.9999999999999947
9147,2.000000000000002,2.999999999999995
9148,2.000000000000001,2.9999999999999947
9149,2.000000000000002,2.999999999999995
9150,2.000000000000001,2.9999999999999947
9151,2.000000000000002,2.999999999999995
9152,2.000000000000001,2.9999999999999947
9153,2.000000000000002,2.999999999999995
9154,2.000000000000001,2.9999999999999947
9155,2.000000000000002,2.999999999999995
9156,2.000000000000001,2.9999999999999947
9157,2.000000000000002,2.999999999999995
9158,2.000000000000001,2.9999999999999947
9159,2.000000000000002,2.999999999999995
9160,2.000000000000001,2.9999999999999947
9161,2.000000000000002,2.999999999999995
9162,2.000000000000001,2.9999999999999947
9163,2.000000000000002,2.999999999999995
9164,2.000000000000001,2.9999999999999947
9165,2.000000000000002,2.999999999999995
9166,2.000000000000001,2.9999999999999947
9167,2.000000000000002,2.999999999999995
9168,2.000000000000001,2.9999999999999947
9169,2.000000000000002,2.999999999999995
9170,2.000000000000001,2.9999999999999947
9171,2.000000000000002,2.999999999999995
9172,2.000000000000001,2.9999999999999947
9173,2.000000000000002,2.999999999999995
9174,2.000000000000001,2.9999999999999947
9175,2.000000000000002,2.999999999999995
9176,2.000000000000001,2.9999999999999947
9177,2.000000000000002,2.999999999999995
9178,2.000000000000001,2.9999999999999947
9179,2.000000000000002,2.999999999999995
9180,2.000000000000001,2.9999999999999947
9181,2.000000000000002,2.999999999999995
9182,2.000000000000001,2.9999999999999947
9183,2.000000000000002,2.999999999999995
9184,2.000000000000001,2.9999999999999947
9185,2.000000000000002,2.999999999999995
9186,2.000000000000001,2.9999999999999947
9187,2.000000000000002,2.999999999999995
9188,2.000000000000001,2.9999999999999947
9189,2.000000000000002,2.999999999999995
9190,2.000000000000001,2.9999999999999947
9191,2.000000000000002,2.999999999999995
9192,2.000000000000001,2.9999999999999947
9193,2.000000000000002,2.999999999999995
9194,2.000000000000001,2.9999999999999947
9195,2.000000000000002,2.999999999999995
9196,2.000000000000001,2.9999999999999947
9197,2.000000000000002,2.999999999999995
9198,2.000000000000001,2.9999999999999947
9199,2.000000000000002,2.999999999999995
9200,2.000000000000001,2.9999999999999947
9201,2.000000000000002,2.999999999999995
9202,2.000000000000001,2.9999999999999947
9203,2.000000000000002,2.999999999999995
9204,2.000000000000001,2.9999999999999947
9205,2.000000000000002,2.999999999999995
9206,2.000000000000001,2.9999999999999947
9207,2.000000000000002,2.999999999999995
9208,2.000000000000001,2.9999999999999947
9209,2.000000000000002,2.999999999999995
9210,2.000000000000001,2.9999999999999947
9211,2.000000000000002,2.999999999999995
9212,2.000000000000001,2.9999999999999947
9213,2.000000000000002,2.999999999999995
9214,2.000000000000001,2.9999999999999947
9215,2.000000000000002,2.999999999999995
9216,2.000000000000001,2.9999999999999947
9217,2.000000000000002,2.999999999999995
9218,2.000000000000001,2.9999999999999947
9219,2.000000000000002,2.999999999999995
9220,2.000000000000001,2.9999999999999947
9221,2.000000000000002,2.999999999999995
9222,2.000000000000001,2.9999999999999947
9223,2.000000000000002,2.999999999999995
9224,2.000000000000001,2.9999999999999947
9225,2.000000000000002,2.999999999999995
9226,2.000000000000001,2.9999999999999947
9227,2.000000000000002,2.999999999999995
9228,2.000000000000001,2.9999999999999947
9229,2.000000000000002,2.999999999999995
9230,2.000000000000001,2.9999999999999947
9231,2.000000000000002,2.999999999999995
9232,2.000000000000001,2.9999999999999947
9233,2.000000000000002,2.999999999999995
9234,2.000000000000001,2.9999999999999947
9235,2.000000000000002,2.999999999999995
9236,2.000000000000001,2.9999999999999947
9237,2.000000000000002,2.999999999999995
9238,2.000000000000001,2.9999999999999947
9239,2.000000000000002,2.999999999999995
9240,2.000000000000001,2.9999999999999947
9241,2.000000000000002,2.999999999999995
9242,2.000000000000001,2.9999999999999947
9243,2.000000000000002,2.999999999999995
9244,2.000000000000001,2.9999999999999947
9245,2.000000000000002,2.999999999999995
9246,2.000000000000001,2.9999999999999947
9247,2.000000000000002,2.999999999999995
9248,2.000000000000001,2.9999999999999947
9249,2.000000000000002,2.999999999999995
9250,2.000000000000001,2.9999999999999947
9251,2.000000000000002,2.999999999999995
9252,2.000000000000001,2.9999999999999947
9253,2.000000000000002,2.999999999999995
9254,2.000000000000001,2.9999999999999947
9255,2.000000000000002,2.999999999999995
9256,2.000000000000001,2.9999999999999947
9257,2.000000000000002,2.999999999999995
9258,2.000000000000001,2.9999999999999947
9259,2.000000000000002,2.999999999999995
9260,2.000000000000001,2.9999999999999947
9261,2.000000000000002,2.999999999999995
9262,2.000000000000001,2.9999999999999947
9263,2.000000000000002,2.999999999999995
9264,2.000000000000001,2.9999999999999947
9265,2.000000000000002,2.999999999999995
9266,2.000000000000001,2.9999999999999947
9267,2.000000000000002,2.999999999999995
9268,2.000000000000001,2.9999999999999947
9269,2.000000000000002,2.999999999999995
9270,2.000000000000001,2.9999999999999947
9271,2.000000000000002,2.999999999999995
9272,2.000000000000001,2.9999999999999947
9273,2.000000000000002,2.999999999999995
9274,2.000000000000001,2.9999999999999947
9275,2.000000000000002,2.999999999999995
9276,2.000000000000001,2.9999999999999947
9277,2.000000000000002,2.999999999999995
9278,2.000000000000001,2.9999999999999947
9279,2.000000000000002,2.999999999999995
9280,2.000000000000001,2.9999999999999947
9281,2.000000000000002,2.999999999999995
9282,2.000000000000001,2.9999999999999947
9283,2.000000000000002,2.999999999999995
9284,2.000000000000001,2.9999999999999947
9285,2.000000000000002,2.999999999999995
9286,2.000000000000001,2.9999999999999947
9287,2.000000000000002,2.999999999999995
9288,2.000000000000001,2.9999999999999947
9289,2.000000000000002,2.999999999999995
9290,2.000000000000001,2.9999999999999947
9291,2.000000000000002,2.999999999999995
9292,2.000000000000001,2.9999999999999947
9293,2.000000000000002,2.999999999999995
9294,2.000000000000001,2.9999999999999947
9295,2.000000000000002,2.999999999999995
9296,2.000000000000001,2.9999999999999947
9297,2.000000000000002,2.999999999999995
9298,2.000000000000001,2.9999999999999947
9299,2.000000000000002,2.999999999999995
9300,2.000000000000001,2.9999999999999947
9301,2.000000000000002,2.999999999999995
9302,2.000000000000001,2.9999999999999947
9303,2.000000000000002,2.999999999999995
9304,2.000000000000001,2.9999999999999947
9305,2.000000000000002,2.999999999999995
9306,2.000000000000001,2.9999999999999947
9307,2.000000000000002,2.999999999999995
9308,2.000000000000001,2.9999999999999947
9309,2.000000000000002,2.999999999999995
9310,2.000000000000001,2.9999999999999947
9311,2.000000000000002,2.999999999999995
9312,2.000000000000001,2.9999999999999947
9313,2.000000000000002,2.999999999999995
9314,2.000000000000001,2.9999999999999947
9315,2.000000000000002,2.999999999999995
9316,2.000000000000001,2.9999999999999947
9317,2.000000000000002,2.999999999999995
9318,2.000000000000001,2.9999999999999947
9319,2.000000000000002,2.999999999999995
9320,2.000000000000001,2.9999999999999947
9321,2.000000000000002,2.999999999999995
9322,2.000000000000001,2.9999999999999947
9323,2.000000000000002,2.999999999999995
9324,2.000000000000001,2.9999999999999947
9325,2.000000000000002,2.999999999999995
9326,2.000000000000001,2.9999999999999947
9327,2.000000000000002,2.999999999999995
9328,2.000000000000001,2.9999999999999947
9329,2.000000000000002,2.999999999999995
9330,2.000000000000001,2.9999999999999947
9331,2.000000000000002,2.999999999999995
9332,2.000000000000001,2.9999999999999947
9333,2.000000000000002,2.999999999999995
9334,2.000000000000001,2.9999999999999947
9335,2.000000000000002,2.999999999999995
9336,2.000000000000001,2.9999999999999947
9337,2.000000000000002,2.999999999999995
9338,2.000000000000001,2.9999999999999947
9339,2.000000000000002,2.999999999999995
9340,2.000000000000001,2.9999999999999947
9341,2.000000000000002,2.999999999999995
9342,2.000000000000001,2.9999999999999947
9343,2.000000000000002,2.999999999999995
9344,2.000000000000001,2.9999999999999947
9345,2.000000000000002,2.999999999999995
9346,2.000000000000001,2.9999999999999947
9347,2.000000000000002,2.999999999999995
9348,2.000000000000001,2.9999999999999947
9349,2.000000000000002,2.999999999999995
9350,2.000000000000001,2.9999999999999947
9351,2.000000000000002,2.999999999999995
9352,2.000000000000001,2.9999999999999947
9353,2.000000000000002,2.999999999999995
9354,2.000000000000001,2.9999999999999947
9355,2.000000000000002,2.999999999999995
9356,2.000000000000001,2.9999999999999947
9357,2.000000000000002,2.999999999999995
9358,2.000000000000001,2.9999999999999947
9359,2.000000000000002,2.999999999999995
9360,2.000000000000001,2.9999999999999947
9361,2.000000000000002,2.999999999999995
9362,2.000000000000001,2.9999999999999947
9363,2.000000000000002,2.999999999999995
9364,2.000000000000001,2.9999999999999947
9365,2.000000000000002,2.999999999999995
9366,2.000000000000001,2.9999999999999947
9367,2.000000000000002,2.999999999999995
9368,2.000000000000001,2.9999999999999947
9369,2.000000000000002,2.999999999999995
9370,2.000000000000001,2.9999999999999947
9371,2.000000000000002,2.999999999999995
9372,2.000000000000001,2.9999999999999947
9373,2.000000000000002,2.999999999999995
9374,2.000000000000001,2.9999999999999947
9375,2.000000000000002,2.999999999999995
9376,2.000000000000001,2.9999999999999947
9377,2.000000000000002,2.999999999999995
9378,2.000000000000001,2.9999999999999947
9379,2.000000000000002,2.999999999999995
9380,2.000000000000001,2.9999999999999947
9381,2.000000000000002,2.999999999999995
9382,2.000000000000001,2.9999999999999947
9383,2.000000000000002,2.999999999999995
9384,2.000000000000001,2.9999999999999947
9385,2.000000000000002,2.999999999999995
9386,2.000000000000001,2.9999999999999947
9387,2.000000000000002,2.999999999999995
9388,2.000000000000001,2.9999999999999947
9389,2.000000000000002,2.999999999999995
9390,2.000000000000001,2.9999999999999947
9391,2.000000000000002,2.999999999999995
9392,2.000000000000001,2.9999999999999947
9393,2.000000000000002,2.999999999999995
9394,2.000000000000001,2.9999999999999947
9395,2.000000000000002,2.999999999999995
9396,2.000000000000001,2.9999999999999947
9397,2.000000000000002,2.999999999999995
9398,2.000000000000001,2.9999999999999947
9399,2.000000000000002,2.999999999999995
9400,2.000000000000001,2.9999999999999947
9401,2.000000000000002,2.999999999999995
9402,2.000000000000001,2.9999999999999947
9403,2.000000000000002,2.999999999999995
9404,2.000000000000001,2.9999999999999947
9405,2.000000000000002,2.999999999999995
9406,2.000000000000001,2.9999999999999947
9407,2.000000000000002,2.999999999999995
9408,2.000000000000001,2.9999999999999947
9409,2.000000000000002,2.999999999999995
9410,2.000000000000001,2.9999999999999947
9411,2.000000000000002,2.999999999999995
9412,2.000000000000001,2.9999999999999947
9413,2.000000000000002,2.999999999999995
9414,2.000000000000001,2.9999999999999947
9415,2.000000000000002,2.999999999999995
9416,2.000000000000001,2.9999999999999947
9417,2.000000000000002,2.999999999999995
9418,2.000000000000001,2.9999999999999947
9419,2.000000000000002,2.999999999999995
9420,2.000000000000001,2.9999999999999947
9421,2.000000000000002,2.999999999999995
9422,2.000000000000001,2.9999999999999947
9423,2.000000000000002,2.999999999999995
9424,2.000000000000001,2.9999999999999947
9425,2.000000000000002,2.999999999999995
9426,2.000000000000001,2.9999999999999947
9427,2.000000000000002,2.999999999999995
9428,2.000000000000001,2.9999999999999947
9429,2.000000000000002,2.999999999999995
9430,2.000000000000001,2.9999999999999947
9431,2.000000000000002,2.999999999999995
9432,2.000000000000001,2.9999999999999947
9433,2.000000000000002,2.999999999999995
9434,2.000000000000001,2.9999999999999947
9435,2.000000000000002,2.999999999999995
9436,2.000000000000001,2.9999999999999947
9437,2.000000000000002,2.999999999999995
9438,2.000000000000001,2.9999999999999947
9439,2.000000000000002,2.999999999999995
9440,2.000000000000001,2.9999999999999947
9441,2.000000000000002,2.999999999999995
9442,2.000000000000001,2.9999999999999947
9443,2.000000000000002,2.999999999999995
9444,2.000000000000001,2.9999999999999947
9445,2.000000000000002,2.999999999999995
9446,2.000000000000001,2.9999999999999947
9447,2.000000000000002,2.999999999999995
9448,2.000000000000001,2.9999999999999947
9449,2.000000000000002,2.999999999999995
9450,2.000000000000001,2.9999999999999947
9451,2.000000000000002,2.999999999999995
9452,2.000000000000001,2.9999999999999947
9453,2.000000000000002,2.999999999999995
9454,2.000000000000001,2.9999999999999947
9455,2.000000000000002,2.999999999999995
9456,2.000000000000001,2.9999999999999947
9457,2.000000000000002,2.999999999999995
9458,2.000000000000001,2.9999999999999947
9459,2.000000000000002,2.999999999999995
9460,2.000000000000001,2.9999999999999947
9461,2.000000000000002,2.999999999999995
9462,2.000000000000001,2.9999999999999947
9463,2.000000000000002,2.999999999999995
9464,2.000000000000001,2.9999999999999947
9465,2.000000000000002,2.999999999999995
9466,2.000000000000001,2.9999999999999947
9467,2.000000000000002,2.999999999999995
9468,2.000000000000001,2.9999999999999947
9469,2.000000000000002,2.999999999999995
9470,2.000000000000001,2.9999999999999947
9471,2.000000000000002,2.999999999999995
9472,2.000000000000001,2.9999999999999947
9473,2.000000000000002,2.999999999999995
9474,2.000000000000001,2.9999999999999947
9475,2.000000000000002,2.999999999999995
9476,2.000000000000001,2.9999999999999947
9477,2.000000000000002,2.999999999999995
9478,2.000000000000001,2.9999999999999947
9479,2.000000000000002,2.999999999999995
9480,2.000000000000001,2.9999999999999947
9481,2.000000000000002,2.999999999999995
9482,2.000000000000001,2.9999999999999947
9483,2.000000000000002,2.999999999999995
9484,2.000000000000001,2.9999999999999947
9485,2.000000000000002,2.999999999999995
9486,2.000000000000001,2.9999999999999947
9487,2.000000000000002,2.999999999999995
9488,2.000000000000001,2.9999999999999947
9489,2.000000000000002,2.999999999999995
9490,2.000000000000001,2.9999999999999947
9491,2.000000000000002,2.999999999999995
9492,2.000000000000001,2.9999999999999947
9493,2.000000000000002,2.999999999999995
9494,2.000000000000001,2.9999999999999947
9495,2.000000000000002,2.999999999999995
9496,2.000000000000001,2.9999999999999947
9497,2.000000000000002,2.999999999999995
9498,2.000000000000001,2.9999999999999947
9499,2.000000000000002,2.999999999999995
9500,2.000000000000001,2.9999999999999947
9501,2.000000000000002,2.999999999999995
9502,2.000000000000001,2.9999999999999947
9503,2.000000000000002,2.999999999999995
9504,2.000000000000001,2.9999999999999947
9505,2.000000000000002,2.999999999999995
9506,2.000000000000001,2.9999999999999947
9507,2.000000000000002,2.999999999999995
9508,2.000000000000001,2.9999999999999947
9509,2.000000000000002,2.999999999999995
9510,2.000000000000001,2.9999999999999947
9511,2.000000000000002,2.999999999999995
9512,2.000000000000001,2.9999999999999947
9513,2.000000000000002,2.999999999999995
9514,2.000000000000001,2.9999999999999947
9515,2.000000000000002,2.999999999999995
9516,2.000000000000001,2.9999999999999947
9517,2.000000000000002,2.999999999999995
9518,2.000000000000001,2.9999999999999947
9519,2.000000000000002,2.999999999999995
9520,2.000000000000001,2.9999999999999947
9521,2.000000000000002,2.999999999999995
9522,2.000000000000001,2.9999999999999947
9523,2.000000000000002,2.999999999999995
9524,2.000000000000001,2.9999999999999947
9525,2.000000000000002,2.999999999999995
9526,2.000000000000001,2.9999999999999947
9527,2.000000000000002,2.999999999999995
9528,2.000000000000001,2.9999999999999947
9529,2.000000000000002,2.999999999999995
9530,2.000000000000001,2.9999999999999947
9531,2.000000000000002,2.999999999999995
9532,2.000000000000001,2.9999999999999947
9533,2.000000000000002,2.999999999999995
9534,2.000000000000001,2.9999999999999947
9535,2.000000000000002,2.999999999999995
9536,2.000000000000001,2.9999999999999947
9537,2.000000000000002,2.999999999999995
9538,2.000000000000001,2.9999999999999947
9539,2.000000000000002,2.999999999999995
9540,2.000000000000001,2.9999999999999947
9541,2.000000000000002,2.999999999999995
9542,2.000000000000001,2.9999999999999947
9543,2.000000000000002,2.999999999999995
9544,2.000000000000001,2.9999999999999947
9545,2.000000000000002,2.999999999999995
9546,2.000000000000001,2.9999999999999947
9547,2.000000000000002,2.999999999999995
9548,2.000000000000001,2.9999999999999947
9549,2.000000000000002,2.999999999999995
9550,2.000000000000001,2.9999999999999947
9551,2.000000000000002,2.999999999999995
9552,2.000000000000001,2.9999999999999947
9553,2.000000000000002,2.999999999999995
9554,2.000000000000001,2.9999999999999947
9555,2.000000000000002,2.999999999999995
9556,2.000000000000001,2.9999999999999947
9557,2.000000000000002,2.999999999999995
9558,2.000000000000001,2.9999999999999947
9559,2.000000000000002,2.999999999999995
9560,2.000000000000001,2.9999999999999947
9561,2.000000000000002,2.999999999999995
9562,2.000000000000001,2.9999999999999947
9563,2.000000000000002,2.999999999999995
9564,2.000000000000001,2.9999999999999947
9565,2.000000000000002,2.999999999999995
9566,2.000000000000001,2.9999999999999947
9567,2.000000000000002,2.999999999999995
9568,2.000000000000001,2.9999999999999947
9569,2.000000000000002,2.999999999999995
9570,2.000000000000001,2.9999999999999947
9571,2.000000000000002,2.999999999999995
9572,2.000000000000001,2.9999999999999947
9573,2.000000000000002,2.999999999999995
9574,2.000000000000001,2.9999999999999947
9575,2.000000000000002,2.999999999999995
9576,2.000000000000001,2.9999999999999947
9577,2.000000000000002,2.999999999999995
9578,2.000000000000001,2.9999999999999947
9579,2.000000000000002,2.999999999999995
9580,2.000000000000001,2.9999999999999947
9581,2.000000000000002,2.999999999999995
9582,2.000000000000001,2.9999999999999947
9583,2.000000000000002,2.999999999999995
9584,2.000000000000001,2.9999999999999947
9585,2.000000000000002,2.999999999999995
9586,2.000000000000001,2.9999999999999947
9587,2.000000000000002,2.999999999999995
9588,2.000000000000001,2.9999999999999947
9589,2.000000000000002,2.999999999999995
9590,2.000000000000001,2.9999999999999947
9591,2.000000000000002,2.999999999999995
9592,2.000000000000001,2.9999999999999947
9593,2.000000000000002,2.999999999999995
9594,2.000000000000001,2.9999999999999947
9595,2.000000000000002,2.999999999999995
9596,2.000000000000001,2.9999999999999947
9597,2.000000000000002,2.999999999999995
9598,2.000000000000001,2.9999999999999947
9599,2.000000000000002,2.999999999999995
9600,2.000000000000001,2.9999999999999947
9601,2.000000000000002,2.999999999999995
9602,2.000000000000001,2.9999999999999947
9603,2.000000000000002,2.999999999999995
9604,2.000000000000001,2.9999999999999947
9605,2.000000000000002,2.999999999999995
9606,2.000000000000001,2.9999999999999947
9607,2.000000000000002,2.999999999999995
9608,2.000000000000001,2.9999999999999947
9609,2.000000000000002,2.999999999999995
9610,2.000000000000001,2.9999999999999947
9611,2.000000000000002,2.999999999999995
9612,2.000000000000001,2.9999999999999947
9613,2.000000000000002,2.999999999999995
9614,2.000000000000001,2.9999999999999947
9615,2.000000000000002,2.999999999999995
9616,2.000000000000001,2.9999999999999947
9617,2.000000000000002,2.999999999999995
9618,2.000000000000001,2.9999999999999947
9619,2.000000000000002,2.999999999999995
9620,2.000000000000001,2.9999999999999947
9621,2.000000000000002,2.999999999999995
9622,2.000000000000001,2.9999999999999947
9623,2.000000000000002,2.999999999999995
9624,2.000000000000001,2.9999999999999947
9625,2.000000000000002,2.999999999999995
9626,2.000000000000001,2.9999999999999947
9627,2.000000000000002,2.999999999999995
9628,2.000000000000001,2.9999999999999947
9629,2.000000000000002,2.999999999999995
9630,2.000000000000001,2.9999999999999947
9631,2.000000000000002,2.999999999999995
9632,2.000000000000001,2.9999999999999947
9633,2.000000000000002,2.999999999999995
9634,2.000000000000001,2.9999999999999947
9635,2.000000000000002,2.999999999999995
9636,2.000000000000001,2.9999999999999947
9637,2.000000000000002,2.999999999999995
9638,2.000000000000001,2.9999999999999947
9639,2.000000000000002,2.999999999999995
9640,2.000000000000001,2.9999999999999947
9641,2.000000000000002,2.999999999999995
9642,2.000000000000001,2.9999999999999947
9643,2.000000000000002,2.999999999999995
9644,2.000000000000001,2.9999999999999947
9645,2.000000000000002,2.999999999999995
9646,2.000000000000001,2.9999999999999947
9647,2.000000000000002,2.999999999999995
9648,2.000000000000001,2.9999999999999947
9649,2.000000000000002,2.999999999999995
9650,2.000000000000001,2.9999999999999947
9651,2.000000000000002,2.999999999999995
9652,2.000000000000001,2.9999999999999947
9653,2.000000000000002,2.999999999999995
9654,2.000000000000001,2.9999999999999947
9655,2.000000000000002,2.999999999999995
9656,2.000000000000001,2.9999999999999947
9657,2.000000000000002,2.999999999999995
9658,2.000000000000001,2.9999999999999947
9659,2.000000000000002,2.999999999999995
9660,2.000000000000001,2.9999999999999947
9661,2.000000000000002,2.999999999999995
9662,2.000000000000001,2.9999999999999947
9663,2.000000000000002,2.999999999999995
9664,2.000000000000001,2.9999999999999947
9665,2.000000000000002,2.999999999999995
9666,2.000000000000001,2.9999999999999947
9667,2.000000000000002,2.999999999999995
9668,2.000000000000001,2.9999999999999947
9669,2.000000000000002,2.999999999999995
9670,2.000000000000001,2.9999999999999947
9671,2.000000000000002,2.999999999999995
9672,2.000000000000001,2.9999999999999947
9673,2.000000000000002,2.999999999999995
9674,2.000000000000001,2.9999999999999947
9675,2.000000000000002,2.999999999999995
9676,2.000000000000001,2.9999999999999947
9677,2.000000000000002,2.999999999999995
9678,2.000000000000001,2.9999999999999947
9679,2.000000000000002,2.999999999999995
9680,2.000000000000001,2.9999999999999947
9681,2.000000000000002,2.999999999999995
9682,2.000000000000001,2.9999999999999947
9683,2.000000000000002,2.999999999999995
9684,2.000000000000001,2.9999999999999947
9685,2.000000000000002,2.999999999999995
9686,2.000000000000001,2.9999999999999947
9687,2.000000000000002,2.999999999999995
9688,2.000000000000001,2.9999999999999947
9689,2.000000000000002,2.999999999999995
9690,2.000000000000001,2.9999999999999947
9691,2.000000000000002,2.999999999999995
9692,2.000000000000001,2.9999999999999947
9693,2.000000000000002,2.999999999999995
9694,2.000000000000001,2.9999999999999947
9695,2.000000000000002,2.999999999999995
9696,2.000000000000001,2.9999999999999947
9697,2.000000000000002,2.999999999999995
9698,2.000000000000001,2.9999999999999947
9699,2.000000000000002,2.999999999999995
9700,2.000000000000001,2.9999999999999947
9701,2.000000000000002,2.999999999999995
9702,2.000000000000001,2.9999999999999947
9703,2.000000000000002,2.999999999999995
9704,2.000000000000001,2.9999999999999947
9705,2.000000000000002,2.999999999999995
9706,2.000000000000001,2.9999999999999947
9707,2.000000000000002,2.999999999999995
9708,2.000000000000001,2.9999999999999947
9709,2.000000000000002,2.999999999999995
9710,2.000000000000001,2.9999999999999947
9711,2.000000000000002,2.999999999999995
9712,2.000000000000001,2.9999999999999947
9713,2.000000000000002,2.999999999999995
9714,2.000000000000001,2.9999999999999947
9715,2.000000000000002,2.999999999999995
9716,2.000000000000001,2.9999999999999947
9717,2.000000000000002,2.999999999999995
9718,2.000000000000001,2.9999999999999947
9719,2.000000000000002,2.999999999999995
9720,2.000000000000001,2.9999999999999947
9721,2.000000000000002,2.999999999999995
9722,2.000000000000001,2.9999999999999947
9723,2.000000000000002,2.999999999999995
9724,2.000000000000001,2.9999999999999947
9725,2.000000000000002,2.999999999999995
9726,2.000000000000001,2.9999999999999947
9727,2.000000000000002,2.999999999999995
9728,2.000000000000001,2.9999999999999947
9729,2.000000000000002,2.999999999999995
9730,2.000000000000001,2.9999999999999947
9731,2.000000000000002,2.999999999999995
9732,2.000000000000001,2.9999999999999947
9733,2.000000000000002,2.999999999999995
9734,2.000000000000001,2.9999999999999947
9735,2.000000000000002,2.999999999999995
9736,2.000000000000001,2.9999999999999947
9737,2.000000000000002,2.999999999999995
9738,2.000000000000001,2.9999999999999947
9739,2.000000000000002,2.999999999999995
9740,2.000000000000001,2.9999999999999947
9741,2.000000000000002,2.999999999999995
9742,2.000000000000001,2.9999999999999947
9743,2.000000000000002,2.999999999999995
9744,2.000000000000001,2.9999999999999947
9745,2.000000000000002,2.999999999999995
9746,2.000000000000001,2.9999999999999947
9747,2.000000000000002,2.999999999999995
9748,2.000000000000001,2.9999999999999947
9749,2.000000000000002,2.999999999999995
9750,2.000000000000001,2.9999999999999947
9751,2.000000000000002,2.999999999999995
9752,2.000000000000001,2.9999999999999947
9753,2.000000000000002,2.999999999999995
9754,2.000000000000001,2.9999999999999947
9755,2.000000000000002,2.999999999999995
9756,2.000000000000001,2.9999999999999947
9757,2.000000000000002,2.999999999999995
9758,2.000000000000001,2.9999999999999947
9759,2.000000000000002,2.999999999999995
9760,2.000000000000001,2.9999999999999947
9761,2.000000000000002,2.999999999999995
9762,2.000000000000001,2.9999999999999947
9763,2.000000000000002,2.999999999999995
9764,2.000000000000001,2.9999999999999947
9765,2.000000000000002,2.999999999999995
9766,2.000000000000001,2.9999999999999947
9767,2.000000000000002,2.999999999999995
9768,2.000000000000001,2.9999999999999947
9769,2.000000000000002,2.999999999999995
9770,2.000000000000001,2.9999999999999947
9771,2.000000000000002,2.999999999999995
9772,2.000000000000001,2.9999999999999947
9773,2.000000000000002,2.999999999999995
9774,2.000000000000001,2.9999999999999947
9775,2.000000000000002,2.999999999999995
9776,2.000000000000001,2.9999999999999947
9777,2.000000000000002,2.999999999999995
9778,2.000000000000001,2.9999999999999947
9779,2.000000000000002,2.999999999999995
9780,2.000000000000001,2.9999999999999947
9781,2.000000000000002,2.999999999999995
9782,2.000000000000001,2.9999999999999947
9783,2.000000000000002,2.999999999999995
9784,2.000000000000001,2.9999999999999947
9785,2.000000000000002,2.999999999999995
9786,2.000000000000001,2.9999999999999947
9787,2.000000000000002,2.999999999999995
9788,2.000000000000001,2.9999999999999947
9789,2.000000000000002,2.999999999999995
9790,2.000000000000001,2.9999999999999947
9791,2.000000000000002,2.999999999999995
9792,2.000000000000001,2.9999999999999947
9793,2.000000000000002,2.999999999999995
9794,2.000000000000001,2.9999999999999947
9795,2.000000000000002,2.999999999999995
9796,2.000000000000001,2.9999999999999947
9797,2.000000000000002,2.999999999999995
9798,2.000000000000001,2.9999999999999947
9799,2.000000000000002,2.999999999999995
9800,2.000000000000001,2.9999999999999947
9801,2.000000000000002,2.999999999999995
9802,2.000000000000001,2.9999999999999947
9803,2.000000000000002,2.999999999999995
9804,2.000000000000001,2.9999999999999947
9805,2.000000000000002,2.999999999999995
9806,2.000000000000001,2.9999999999999947
9807,2.000000000000002,2.999999999999995
9808,2.000000000000001,2.9999999999999947
9809,2.000000000000002,2.999999999999995
9810,2.000000000000001,2.9999999999999947
9811,2.000000000000002,2.999999999999995
9812,2.000000000000001,2.9999999999999947
9813,2.000000000000002,2.999999999999995
9814,2.000000000000001,2.9999999999999947
9815,2.000000000000002,2.999999999999995
9816,2.000000000000001,2.9999999999999947
9817,2.000000000000002,2.999999999999995
9818,2.000000000000001,2.9999999999999947
9819,2.000000000000002,2.999999999999995
9820,2.000000000000001,2.9999999999999947
9821,2.000000000000002,2.999999999999995
9822,2.000000000000001,2.9999999999999947
9823,2.000000000000002,2.999999999999995
9824,2.000000000000001,2.9999999999999947
9825,2.000000000000002,2.999999999999995
9826,2.000000000000001,2.9999999999999947
9827,2.000000000000002,2.999999999999995
9828,2.000000000000001,2.9999999999999947
9829,2.000000000000002,2.999999999999995
9830,2.000000000000001,2.9999999999999947
9831,2.000000000000002,2.999999999999995
9832,2.000000000000001,2.9999999999999947
9833,2.000000000000002,2.999999999999995
9834,2.000000000000001,2.9999999999999947
9835,2.000000000000002,2.999999999999995
9836,2.000000000000001,2.9999999999999947
9837,2.000000000000002,2.999999999999995
9838,2.000000000000001,2.9999999999999947
9839,2.000000000000002,2.999999999999995
9840,2.000000000000001,2.9999999999999947
9841,2.000000000000002,2.999999999999995
9842,2.000000000000001,2.9999999999999947
9843,2.000000000000002,2.999999999999995
9844,2.000000000000001,2.9999999999999947
9845,2.000000000000002,2.999999999999995
9846,2.000000000000001,2.9999999999999947
9847,2.000000000000002,2.999999999999995
9848,2.000000000000001,2.9999999999999947
9849,2.000000000000002,2.999999999999995
9850,2.000000000000001,2.9999999999999947
9851,2.000000000000002,2.999999999999995
9852,2.000000000000001,2.9999999999999947
9853,2.000000000000002,2.999999999999995
9854,2.000000000000001,2.9999999999999947
9855,2.000000000000002,2.999999999999995
9856,2.000000000000001,2.9999999999999947
9857,2.000000000000002,2.999999999999995
9858,2.000000000000001,2.9999999999999947
9859,2.000000000000002,2.999999999999995
9860,2.000000000000001,2.9999999999999947
9861,2.000000000000002,2.999999999999995
9862,2.000000000000001,2.9999999999999947
9863,2.000000000000002,2.999999999999995
9864,2.000000000000001,2.9999999999999947
9865,2.000000000000002,2.999999999999995
9866,2.000000000000001,2.9999999999999947
9867,2.000000000000002,2.999999999999995
9868,2.000000000000001,2.9999999999999947
9869,2.000000000000002,2.999999999999995
9870,2.000000000000001,2.9999999999999947
9871,2.000000000000002,2.999999999999995
9872,2.000000000000001,2.9999999999999947
9873,2.000000000000002,2.999999999999995
9874,2.000000000000001,2.9999999999999947
9875,2.000000000000002,2.999999999999995
9876,2.000000000000001,2.9999999999999947
9877,2.000000000000002,2.999999999999995
9878,2.000000000000001,2.9999999999999947
9879,2.000000000000002,2.999999999999995
9880,2.000000000000001,2.9999999999999947
9881,2.000000000000002,2.999999999999995
9882,2.000000000000001,2.9999999999999947
9883,2.000000000000002,2.999999999999995
9884,2.000000000000001,2.9999999999999947
9885,2.000000000000002,2.999999999999995
9886,2.000000000000001,2.9999999999999947
9887,2.000000000000002,2.999999999999995
9888,2.000000000000001,2.9999999999999947
9889,2.000000000000002,2.999999999999995
9890,2.000000000000001,2.9999999999999947
9891,2.000000000000002,2.999999999999995
9892,2.000000000000001,2.9999999999999947
9893,2.000000000000002,2.999999999999995
9894,2.000000000000001,2.9999999999999947
9895,2.000000000000002,2.999999999999995
9896,2.000000000000001,2.9999999999999947
9897,2.000000000000002,2.999999999999995
9898,2.000000000000001,2.9999999999999947
9899,2.000000000000002,2.999999999999995
9900,2.000000000000001,2.9999999999999947
9901,2.000000000000002,2.999999999999995
9902,2.000000000000001,2.9999999999999947
9903,2.000000000000002,2.999999999999995
9904,2.000000000000001,2.9999999999999947
9905,2.000000000000002,2.999999999999995
9906,2.000000000000001,2.9999999999999947
9907,2.000000000000002,2.999999999999995
9908,2.000000000000001,2.9999999999999947
9909,2.000000000000002,2.999999999999995
9910,2.000000000000001,2.9999999999999947
9911,2.000000000000002,2.999999999999995
9912,2.000000000000001,2.9999999999999947
9913,2.000000000000002,2.999999999999995
9914,2.000000000000001,2.9999999999999947
9915,2.000000000000002,2.999999999999995
9916,2.000000000000001,2.9999999999999947
9917,2.000000000000002,2.999999999999995
9918,2.000000000000001,2.9999999999999947
9919,2.000000000000002,2.999999999999995
9920,2.000000000000001,2.9999999999999947
9921,2.000000000000002,2.999999999999995
9922,2.000000000000001,2.9999999999999947
9923,2.000000000000002,2.999999999999995
9924,2.000000000000001,2.9999999999999947
9925,2.000000000000002,2.999999999999995
9926,2.000000000000001,2.9999999999999947
9927,2.000000000000002,2.999999999999995
9928,2.000000000000001,2.9999999999999947
9929,2.000000000000002,2.999999999999995
9930,2.000000000000001,2.9999999999999947
9931,2.000000000000002,2.999999999999995
9932,2.000000000000001,2.9999999999999947
9933,2.000000000000002,2.999999999999995
9934,2.000000000000001,2.9999999999999947
9935,2.000000000000002,2.999999999999995
9936,2.000000000000001,2.9999999999999947
9937,2.000000000000002,2.999999999999995
9938,2.000000000000001,2.9999999999999947
9939,2.000000000000002,2.999999999999995
9940,2.000000000000001,2.9999999999999947
9941,2.000000000000002,2.999999999999995
9942,2.000000000000001,2.9999999999999947
9943,2.000000000000002,2.999999999999995
9944,2.000000000000001,2.9999999999999947
9945,2.000000000000002,2.999999999999995
9946,2.000000000000001,2.9999999999999947
9947,2.000000000000002,2.999999999999995
9948,2.000000000000001,2.9999999999999947
9949,2.000000000000002,2.999999999999995
9950,2.000000000000001,2.9999999999999947
9951,2.000000000000002,2.999999999999995
9952,2.000000000000001,2.9999999999999947
9953,2.000000000000002,2.999999999999995
9954,2.000000000000001,2.9999999999999947
9955,2.000000000000002,2.999999999999995
9956,2.000000000000001,2.9999999999999947
9957,2.000000000000002,2.999999999999995
9958,2.000000000000001,2.9999999999999947
9959,2.000000000000002,2.999999999999995
9960,2.000000000000001,2.9999999999999947
9961,2.000000000000002,2.999999999999995
9962,2.000000000000001,2.9999999999999947
9963,2.000000000000002,2.999999999999995
9964,2.000000000000001,2.9999999999999947
9965,2.000000000000002,2.999999999999995
9966,2.000000000000001,2.9999999999999947
9967,2.000000000000002,2.999999999999995
9968,2.000000000000001,2.9999999999999947
9969,2.000000000000002,2.999999999999995
9970,2.000000000000001,2.9999999999999947
9971,2.000000000000002,2.999999999999995
9972,2.000000000000001,2.9999999999999947
9973,2.000000000000002,2.999999999999995
9974,2.000000000000001,2.9999999999999947
9975,2.000000000000002,2.999999999999995
9976,2.000000000000001,2.9999999999999947
9977,2.000000000000002,2.999999999999995
9978,2.000000000000001,2.9999999999999947
9979,2.000000000000002,2.999999999999995
9980,2.000000000000001,2.9999999999999947
9981,2.000000000000002,2.999999999999995
9982,2.000000000000001,2.9999999999999947
9983,2.000000000000002,2.999999999999995
9984,2.000000000000001,2.9999999999999947
9985,2.000000000000002,2.999999999999995
9986,2.000000000000001,2.9999999999999947
9987,2.000000000000002,2.999999999999995
9988,2.000000000000001,2.9999999999999947
9989,2.000000000000002,2.999999999999995
9990,2.000000000000001,2.9999999999999947
9991,2.000000000000002,2.999999999999995
9992,2.000000000000001,2.9999999999999947
9993,2.000000000000002,2.999999999999995
9994,2.000000000000001,2.9999999999999947
9995,2.000000000000002,2.999999999999995
9996,2.000000000000001,2.9999999999999947
9997,2.000000000000002,2.999999999999995
9998,2.000000000000001,2.9999999999999947
9999,2.000000000000002,2.999999999999995
